,1,2,3,4,5,6,7,8,9,10
3058__star,0,0,0,1,0,0,0,0,0,0
3059__star,0,0,0,0,0,0,1,0,0,0
3060__star,0,0,0,0,0,1,0,0,0,0
3061__star,0,0,0,1,0,0,0,0,0,0
3062__star,0,0,0,0,0,0,0,0,0,1
3063__star,0,0,0,0,0,0,0,0,1,0
3064__star,0,0,1,0,0,0,0,0,0,0
3065__star,0,0,1,0,0,0,0,0,0,0
3066__star,0,0,0,1,0,0,0,0,0,0
3067__star,0,0,0,0,1,0,0,0,0,0
3068__star,0,0,0,0,0,0,0,1,0,0
3069__star,0,0,0,0,0,0,0,0,0,1
3070__star,0,1,0,0,0,0,0,0,0,0
3071__star,0,1,0,0,0,0,0,0,0,0
3072__star,0,0,1,0,0,0,0,0,0,0
3073__star,0,0,1,0,0,0,0,0,0,0
3074__star,0,0,0,1,0,0,0,0,0,0
3075__star,0,0,0,1,0,0,0,0,0,0
3076__star,0,0,1,0,0,0,0,0,0,0
3077__star,0,0,0,0,0,0,0,0,0,1
3078__star,0,0,0,0,0,0,0,0,0,1
22080__star,0,0,0,0,0,0,0,1,0,0
22081__star,0,0,0,1,0,0,0,0,0,0
22082__star,0,1,0,0,0,0,0,0,0,0
22083__star,1,0,0,0,0,0,0,0,0,0
22084__star,0,0,1,0,0,0,0,0,0,0
22085__star,0,0,1,0,0,0,0,0,0,0
22086__star,0,0,0,0,0,0,0,1,0,0
22087__star,0,0,0,1,0,0,0,0,0,0
22088__star,0,0,0,0,0,0,0,0,1,0
22089__star,0,1,0,0,0,0,0,0,0,0
22090__star,0,0,0,0,0,0,0,0,0,1
22091__star,0,0,0,0,0,1,0,0,0,0
22092__star,0,0,0,0,0,1,0,0,0,0
22093__star,0,0,0,0,1,0,0,0,0,0
22094__star,1,0,0,0,0,0,0,0,0,0
22095__star,0,1,0,0,0,0,0,0,0,0
22096__star,0,1,0,0,0,0,0,0,0,0
22097__star,0,1,0,0,0,0,0,0,0,0
22098__star,0,0,1,0,0,0,0,0,0,0
22099__star,0,0,1,0,0,0,0,0,0,0
22100__star,0,1,0,0,0,0,0,0,0,0
22101__star,0,0,0,0,0,0,0,0,1,0
22102__star,0,0,0,0,0,0,0,0,0,1
22103__star,0,0,1,0,0,0,0,0,0,0
22104__star,0,0,0,1,0,0,0,0,0,0
22105__star,0,0,0,0,0,0,1,0,0,0
22106__star,0,0,0,0,0,1,0,0,0,0
22107__star,0,0,0,1,0,0,0,0,0,0
22108__star,0,0,0,0,0,0,0,0,1,0
22109__star,0,0,0,0,1,0,0,0,0,0
22110__star,0,0,0,0,0,0,0,0,0,1
22111__star,1,0,0,0,0,0,0,0,0,0
22112__star,0,0,1,0,0,0,0,0,0,0
22113__star,1,0,0,0,0,0,0,0,0,0
22114__star,0,0,0,0,0,0,0,0,0,1
22115__star,0,0,0,0,0,0,0,0,0,1
22116__star,1,0,0,0,0,0,0,0,0,0
22117__star,0,0,0,0,0,0,0,0,0,1
22118__star,0,1,0,0,0,0,0,0,0,0
22119__star,1,0,0,0,0,0,0,0,0,0
22120__star,0,0,0,0,0,0,1,0,0,0
22121__star,0,0,0,0,0,0,1,0,0,0
22122__star,0,0,0,0,0,0,1,0,0,0
22123__star,0,0,1,0,0,0,0,0,0,0
22124__star,1,0,0,0,0,0,0,0,0,0
22125__star,0,1,0,0,0,0,0,0,0,0
22126__star,0,0,0,0,0,0,0,1,0,0
22127__star,0,0,0,0,0,0,0,0,0,1
22128__star,1,0,0,0,0,0,0,0,0,0
22129__star,0,0,0,0,1,0,0,0,0,0
22130__star,0,0,0,1,0,0,0,0,0,0
22131__star,0,0,0,0,0,0,1,0,0,0
22132__star,0,1,0,0,0,0,0,0,0,0
22133__star,0,0,0,0,0,0,0,0,0,1
22134__star,0,0,0,0,0,0,1,0,0,0
22135__star,0,0,0,0,0,0,0,0,1,0
22136__star,0,0,0,0,0,0,1,0,0,0
22137__star,0,0,0,0,1,0,0,0,0,0
22138__star,1,0,0,0,0,0,0,0,0,0
22139__star,0,0,0,0,0,0,0,1,0,0
22140__star,0,0,0,0,0,0,1,0,0,0
22141__star,0,0,0,1,0,0,0,0,0,0
22142__star,0,0,0,0,1,0,0,0,0,0
22143__star,0,0,0,0,0,1,0,0,0,0
22144__star,0,0,0,0,1,0,0,0,0,0
22145__star,0,0,0,0,0,0,0,0,1,0
22146__star,0,0,0,0,0,0,1,0,0,0
22147__star,0,0,0,0,1,0,0,0,0,0
22148__star,0,1,0,0,0,0,0,0,0,0
22149__star,0,0,0,0,0,0,0,0,0,1
22150__star,0,0,0,0,0,0,0,0,0,1
22151__star,0,0,1,0,0,0,0,0,0,0
22152__star,0,0,0,1,0,0,0,0,0,0
22153__star,0,0,0,0,0,0,1,0,0,0
22154__star,0,0,0,0,0,1,0,0,0,0
22155__star,0,0,0,1,0,0,0,0,0,0
22156__star,0,0,0,0,0,0,0,1,0,0
22157__star,0,0,0,0,0,0,0,1,0,0
23001__star,0,0,0,0,1,0,0,0,0,0
23002__star,0,0,0,0,0,0,0,0,0,1
23003__star,0,0,0,0,0,1,0,0,0,0
23004__star,0,0,1,0,0,0,0,0,0,0
23005__star,0,0,0,0,0,0,0,0,1,0
23006__star,0,0,0,0,0,0,0,0,1,0
23007__star,0,0,0,1,0,0,0,0,0,0
23008__star,0,0,0,0,0,0,0,1,0,0
23009__star,0,0,0,0,0,1,0,0,0,0
23010__star,0,0,0,0,0,0,0,0,1,0
23011__star,0,0,0,0,0,0,0,0,0,1
23012__star,0,0,0,0,1,0,0,0,0,0
23013__star,0,0,0,0,1,0,0,0,0,0
23014__star,0,0,0,0,1,0,0,0,0,0
23015__star,0,1,0,0,0,0,0,0,0,0
23016__star,0,0,1,0,0,0,0,0,0,0
23017__star,0,0,0,0,0,0,1,0,0,0
23018__star,0,0,0,0,0,0,0,0,1,0
23019__star,0,1,0,0,0,0,0,0,0,0
23020__star,0,0,0,0,0,1,0,0,0,0
23021__star,0,0,0,0,0,0,0,0,1,0
23022__star,0,0,0,0,0,0,1,0,0,0
23023__star,0,0,0,1,0,0,0,0,0,0
23024__star,0,0,1,0,0,0,0,0,0,0
23025__star,1,0,0,0,0,0,0,0,0,0
23026__star,0,0,0,0,0,0,0,1,0,0
23027__star,0,0,0,0,0,1,0,0,0,0
23028__star,0,0,0,0,0,0,1,0,0,0
23029__star,0,0,0,0,1,0,0,0,0,0
23030__star,0,0,0,0,0,1,0,0,0,0
23031__star,0,1,0,0,0,0,0,0,0,0
23032__star,0,1,0,0,0,0,0,0,0,0
23033__star,0,0,0,0,1,0,0,0,0,0
23034__star,0,0,0,0,0,0,0,1,0,0
23035__star,0,1,0,0,0,0,0,0,0,0
23036__star,0,0,0,1,0,0,0,0,0,0
23037__star,0,0,0,0,0,0,0,0,1,0
23038__star,0,0,0,0,0,0,0,0,1,0
23039__star,0,0,0,0,0,0,0,1,0,0
23040__star,0,0,0,1,0,0,0,0,0,0
23041__star,0,1,0,0,0,0,0,0,0,0
23042__star,0,0,0,0,0,0,0,0,0,1
23043__star,0,1,0,0,0,0,0,0,0,0
23044__star,0,0,0,0,0,0,1,0,0,0
23045__star,0,0,0,0,0,0,0,0,0,1
23046__star,0,0,0,0,0,0,0,0,1,0
23047__star,0,0,0,0,1,0,0,0,0,0
23048__star,1,0,0,0,0,0,0,0,0,0
23049__star,0,1,0,0,0,0,0,0,0,0
23050__star,0,0,0,0,0,0,0,0,0,1
23051__star,0,0,0,0,1,0,0,0,0,0
23052__star,0,0,0,0,0,0,0,0,0,1
23053__star,0,0,0,0,0,0,0,1,0,0
23054__star,0,0,0,0,0,0,0,0,0,1
23055__star,0,0,0,0,1,0,0,0,0,0
23056__star,1,0,0,0,0,0,0,0,0,0
23057__star,0,0,0,0,1,0,0,0,0,0
23079__star,0,0,0,0,0,0,1,0,0,0
23080__star,0,0,0,0,1,0,0,0,0,0
23081__star,0,0,0,0,1,0,0,0,0,0
23082__star,0,1,0,0,0,0,0,0,0,0
23083__star,0,0,0,0,0,0,0,1,0,0
23084__star,0,0,0,0,0,1,0,0,0,0
23085__star,0,0,0,0,0,0,0,0,1,0
23086__star,0,0,0,0,0,0,0,0,1,0
23087__star,0,0,1,0,0,0,0,0,0,0
23088__star,0,0,0,0,0,0,1,0,0,0
23089__star,0,0,0,0,0,0,1,0,0,0
23090__star,0,0,0,1,0,0,0,0,0,0
23091__star,1,0,0,0,0,0,0,0,0,0
23092__star,0,0,0,0,0,0,0,0,1,0
23093__star,0,1,0,0,0,0,0,0,0,0
23094__star,0,0,0,0,0,0,1,0,0,0
23095__star,0,0,0,0,0,0,0,0,1,0
23096__star,0,0,0,0,0,0,0,0,1,0
23097__star,0,0,0,0,0,0,0,0,1,0
23098__star,0,0,0,0,0,0,0,0,1,0
23099__star,0,0,0,0,0,0,0,0,0,1
23100__star,0,0,0,0,0,1,0,0,0,0
23101__star,0,0,0,0,0,0,1,0,0,0
23102__star,0,0,0,0,1,0,0,0,0,0
23103__star,0,0,0,0,0,0,1,0,0,0
23104__star,0,0,0,0,0,0,0,0,0,1
23105__star,0,0,0,0,0,0,0,0,0,1
23106__star,0,0,0,0,0,0,0,0,0,1
23107__star,0,0,0,0,0,0,0,0,0,1
23108__star,0,0,0,1,0,0,0,0,0,0
23109__star,0,0,0,0,0,1,0,0,0,0
23110__star,0,0,0,0,0,0,0,1,0,0
23111__star,0,0,0,1,0,0,0,0,0,0
23112__star,0,0,0,0,0,1,0,0,0,0
23113__star,1,0,0,0,0,0,0,0,0,0
23114__star,0,0,0,0,0,0,0,1,0,0
23115__star,0,0,0,1,0,0,0,0,0,0
23116__star,0,0,1,0,0,0,0,0,0,0
23117__star,1,0,0,0,0,0,0,0,0,0
23118__star,1,0,0,0,0,0,0,0,0,0
23119__star,1,0,0,0,0,0,0,0,0,0
23120__star,0,1,0,0,0,0,0,0,0,0
23121__star,0,0,0,0,0,1,0,0,0,0
23122__star,0,0,0,0,0,0,0,1,0,0
23123__star,1,0,0,0,0,0,0,0,0,0
23124__star,0,0,0,0,0,0,0,0,1,0
23125__star,1,0,0,0,0,0,0,0,0,0
23126__star,0,0,0,0,0,0,0,0,0,1
23127__star,0,0,0,1,0,0,0,0,0,0
23128__star,0,0,0,0,0,0,0,0,0,1
23129__star,0,1,0,0,0,0,0,0,0,0
23130__star,0,0,0,1,0,0,0,0,0,0
23131__star,1,0,0,0,0,0,0,0,0,0
23132__star,0,0,0,0,0,0,1,0,0,0
23133__star,0,0,0,0,0,0,0,0,0,1
23134__star,0,0,0,0,0,0,0,0,1,0
23135__star,0,0,0,0,0,1,0,0,0,0
23136__star,0,0,0,0,0,0,1,0,0,0
23137__star,1,0,0,0,0,0,0,0,0,0
23138__star,0,0,1,0,0,0,0,0,0,0
23139__star,0,1,0,0,0,0,0,0,0,0
23140__star,0,1,0,0,0,0,0,0,0,0
23141__star,0,0,0,0,0,0,0,1,0,0
23142__star,0,0,0,0,0,0,0,0,1,0
23143__star,1,0,0,0,0,0,0,0,0,0
23144__star,0,0,0,1,0,0,0,0,0,0
23145__star,0,1,0,0,0,0,0,0,0,0
23146__star,0,0,0,0,0,0,1,0,0,0
23147__star,0,0,0,0,0,0,0,0,0,1
23148__star,0,0,0,0,0,0,0,0,0,1
23149__star,0,0,0,0,0,0,0,0,0,1
23150__star,1,0,0,0,0,0,0,0,0,0
23151__star,0,0,0,0,0,0,0,0,1,0
23152__star,0,0,0,0,0,0,0,0,0,1
23153__star,0,0,0,0,0,0,0,0,0,1
23154__star,1,0,0,0,0,0,0,0,0,0
23155__star,0,0,0,0,0,0,0,1,0,0
23156__star,0,0,0,0,0,1,0,0,0,0
24001__star,0,0,0,0,0,0,0,0,0,1
24002__star,0,0,1,0,0,0,0,0,0,0
24003__star,0,1,0,0,0,0,0,0,0,0
24004__star,0,1,0,0,0,0,0,0,0,0
24005__star,0,0,0,0,0,0,0,0,1,0
24006__star,0,0,0,0,0,1,0,0,0,0
24007__star,0,0,0,1,0,0,0,0,0,0
24008__star,0,0,0,0,0,0,0,0,0,1
24009__star,0,1,0,0,0,0,0,0,0,0
24010__star,0,0,0,0,0,0,0,0,1,0
24011__star,0,0,0,0,1,0,0,0,0,0
24012__star,0,0,0,0,1,0,0,0,0,0
24013__star,0,0,0,1,0,0,0,0,0,0
24014__star,0,0,0,0,0,0,0,1,0,0
24015__star,1,0,0,0,0,0,0,0,0,0
24016__star,0,1,0,0,0,0,0,0,0,0
24017__star,0,0,0,1,0,0,0,0,0,0
24018__star,0,0,0,0,0,0,0,1,0,0
24019__star,1,0,0,0,0,0,0,0,0,0
24020__star,0,1,0,0,0,0,0,0,0,0
24021__star,0,0,1,0,0,0,0,0,0,0
24022__star,0,1,0,0,0,0,0,0,0,0
24023__star,0,0,1,0,0,0,0,0,0,0
24024__star,0,0,1,0,0,0,0,0,0,0
24025__star,0,0,0,0,0,0,0,0,0,1
24026__star,0,0,1,0,0,0,0,0,0,0
24027__star,0,0,0,1,0,0,0,0,0,0
24028__star,0,0,0,0,0,0,0,1,0,0
24029__star,0,0,0,0,0,0,0,1,0,0
24030__star,0,1,0,0,0,0,0,0,0,0
24031__star,0,0,0,0,0,0,0,0,0,1
24032__star,1,0,0,0,0,0,0,0,0,0
24033__star,0,1,0,0,0,0,0,0,0,0
24034__star,0,0,0,0,0,0,0,1,0,0
24035__star,0,0,0,0,1,0,0,0,0,0
24036__star,1,0,0,0,0,0,0,0,0,0
24037__star,0,0,0,0,1,0,0,0,0,0
24038__star,0,0,0,0,0,0,1,0,0,0
24039__star,0,1,0,0,0,0,0,0,0,0
24040__star,0,0,0,0,0,0,0,1,0,0
24041__star,0,0,0,1,0,0,0,0,0,0
24042__star,0,0,0,0,1,0,0,0,0,0
24043__star,0,0,0,0,0,0,0,0,1,0
24044__star,0,1,0,0,0,0,0,0,0,0
24045__star,0,0,0,0,0,0,0,1,0,0
24046__star,0,0,0,0,0,1,0,0,0,0
24047__star,0,0,0,0,0,0,0,0,0,1
24048__star,0,0,0,0,0,0,1,0,0,0
24049__star,1,0,0,0,0,0,0,0,0,0
24050__star,0,0,0,0,0,0,1,0,0,0
24051__star,0,0,0,0,0,1,0,0,0,0
24052__star,0,0,0,0,0,0,1,0,0,0
24053__star,0,0,0,0,0,0,1,0,0,0
24054__star,0,0,1,0,0,0,0,0,0,0
24055__star,0,0,0,0,1,0,0,0,0,0
24056__star,0,0,0,0,0,0,1,0,0,0
24057__star,0,0,0,0,0,0,0,1,0,0
24058__star,0,0,0,1,0,0,0,0,0,0
24059__star,1,0,0,0,0,0,0,0,0,0
24060__star,0,1,0,0,0,0,0,0,0,0
24061__star,0,0,0,0,0,0,0,1,0,0
24062__star,0,0,0,0,0,0,0,0,0,1
24063__star,1,0,0,0,0,0,0,0,0,0
24064__star,1,0,0,0,0,0,0,0,0,0
24065__star,0,0,0,0,0,0,1,0,0,0
24066__star,0,0,0,0,0,0,0,1,0,0
24067__star,0,0,0,0,0,0,1,0,0,0
24068__star,1,0,0,0,0,0,0,0,0,0
24069__star,0,0,0,0,0,0,1,0,0,0
24070__star,0,0,0,0,0,0,0,1,0,0
24071__star,0,0,0,1,0,0,0,0,0,0
24072__star,0,1,0,0,0,0,0,0,0,0
24073__star,0,1,0,0,0,0,0,0,0,0
24074__star,0,1,0,0,0,0,0,0,0,0
24075__star,0,0,1,0,0,0,0,0,0,0
24076__star,0,0,0,0,0,1,0,0,0,0
24077__star,0,0,0,0,0,0,0,1,0,0
24078__star,0,0,0,0,0,0,1,0,0,0
24079__star,0,0,0,0,0,0,1,0,0,0
24080__star,0,0,1,0,0,0,0,0,0,0
24081__star,0,0,0,0,1,0,0,0,0,0
24082__star,0,0,0,0,0,1,0,0,0,0
24083__star,0,0,0,0,0,0,0,0,1,0
24084__star,0,0,0,0,0,0,0,1,0,0
24085__star,0,0,0,0,0,0,0,0,0,1
24086__star,0,0,0,1,0,0,0,0,0,0
2008081__star,0,0,0,0,0,0,0,0,1,0
2008082__star,1,0,0,0,0,0,0,0,0,0
2008083__star,0,0,0,1,0,0,0,0,0,0
2008084__star,0,0,0,1,0,0,0,0,0,0
2008085__star,1,0,0,0,0,0,0,0,0,0
2008086__star,0,0,0,0,0,0,0,0,0,1
2008087__star,0,0,1,0,0,0,0,0,0,0
2008088__star,0,1,0,0,0,0,0,0,0,0
2008089__star,0,0,1,0,0,0,0,0,0,0
2008090__star,0,1,0,0,0,0,0,0,0,0
2008091__star,0,0,0,1,0,0,0,0,0,0
2008092__star,0,0,1,0,0,0,0,0,0,0
2008093__star,0,0,0,0,0,0,0,1,0,0
2008094__star,0,0,0,0,0,0,1,0,0,0
2008095__star,0,0,0,0,0,0,0,0,1,0
2008096__star,0,0,0,0,0,1,0,0,0,0
2008097__star,0,0,0,0,1,0,0,0,0,0
2008098__star,0,0,1,0,0,0,0,0,0,0
2008099__star,0,0,0,0,0,1,0,0,0,0
2008100__star,0,0,0,1,0,0,0,0,0,0
2008101__star,0,0,0,0,0,1,0,0,0,0
2008102__star,0,0,0,0,0,0,0,1,0,0
2008103__star,0,0,0,0,1,0,0,0,0,0
2008104__star,0,0,0,0,0,0,1,0,0,0
2008105__star,1,0,0,0,0,0,0,0,0,0
2008106__star,0,0,0,0,0,0,0,0,0,1
2008107__star,0,0,0,1,0,0,0,0,0,0
2008108__star,0,0,0,0,0,0,0,1,0,0
2008109__star,0,0,1,0,0,0,0,0,0,0
2008110__star,0,0,0,0,0,0,1,0,0,0
2008111__star,0,0,0,0,0,0,0,1,0,0
2008112__star,0,0,0,0,0,0,0,0,1,0
2008113__star,0,0,0,0,1,0,0,0,0,0
2008114__star,0,0,1,0,0,0,0,0,0,0
2008115__star,0,0,0,0,1,0,0,0,0,0
2008116__star,0,0,0,0,0,0,0,0,0,1
2008117__star,0,0,0,1,0,0,0,0,0,0
2008118__star,0,0,0,0,0,0,0,1,0,0
2009119__star,1,0,0,0,0,0,0,0,0,0
2009120__star,0,1,0,0,0,0,0,0,0,0
2009121__star,0,0,0,0,0,0,0,1,0,0
2009122__star,0,1,0,0,0,0,0,0,0,0
2009123__star,0,0,0,0,0,0,0,1,0,0
2009124__star,0,0,1,0,0,0,0,0,0,0
2009125__star,0,0,0,1,0,0,0,0,0,0
2009126__star,0,0,0,0,0,0,0,0,1,0
2009127__star,0,0,1,0,0,0,0,0,0,0
2009128__star,0,0,0,0,0,0,0,0,0,1
2009129__star,0,0,0,0,0,0,0,0,0,1
2009130__star,0,0,0,0,1,0,0,0,0,0
2009131__star,0,0,0,0,0,0,1,0,0,0
2009132__star,0,0,0,0,0,0,0,1,0,0
2009133__star,0,0,1,0,0,0,0,0,0,0
2009134__star,0,0,0,0,0,0,0,0,0,1
2009135__star,0,0,0,0,1,0,0,0,0,0
2009136__star,0,0,0,0,0,0,0,1,0,0
2009137__star,0,0,0,1,0,0,0,0,0,0
2009138__star,0,0,0,1,0,0,0,0,0,0
2009139__star,0,0,0,0,0,0,0,0,1,0
2009140__star,0,0,0,0,1,0,0,0,0,0
2009141__star,0,0,0,0,0,0,1,0,0,0
2009142__star,0,0,0,1,0,0,0,0,0,0
2009143__star,0,0,0,0,0,0,0,0,0,1
2009144__star,0,0,0,0,0,0,0,0,0,1
2009145__star,0,0,0,0,0,1,0,0,0,0
2009146__star,0,0,0,0,0,0,0,1,0,0
2009147__star,0,0,0,0,0,0,0,0,1,0
2009148__star,0,0,0,0,1,0,0,0,0,0
2009149__star,0,0,0,0,0,1,0,0,0,0
2009150__star,0,1,0,0,0,0,0,0,0,0
2009151__star,0,1,0,0,0,0,0,0,0,0
2009152__star,0,0,0,0,0,0,0,0,0,1
2009153__star,0,0,0,1,0,0,0,0,0,0
2009154__star,0,0,0,0,0,0,1,0,0,0
2009155__star,0,1,0,0,0,0,0,0,0,0
2009156__star,0,0,0,0,0,0,0,0,0,1
2009157__star,0,0,1,0,0,0,0,0,0,0
2009158__star,0,0,0,0,0,1,0,0,0,0
2009159__star,0,0,0,0,0,0,1,0,0,0
2009160__star,0,0,0,0,0,1,0,0,0,0
2009161__star,0,0,0,0,0,0,1,0,0,0
2009162__star,1,0,0,0,0,0,0,0,0,0
2009163__star,0,0,0,0,0,0,0,1,0,0
2009164__star,0,0,0,0,0,0,0,1,0,0
2009165__star,0,0,1,0,0,0,0,0,0,0
2009166__star,0,0,0,0,0,0,0,0,1,0
2009167__star,0,0,0,0,0,0,0,1,0,0
2009168__star,0,1,0,0,0,0,0,0,0,0
2009169__star,0,0,1,0,0,0,0,0,0,0
2009170__star,1,0,0,0,0,0,0,0,0,0
2009171__star,1,0,0,0,0,0,0,0,0,0
2009172__star,1,0,0,0,0,0,0,0,0,0
2009173__star,0,0,1,0,0,0,0,0,0,0
2009174__star,0,0,0,0,0,1,0,0,0,0
2009175__star,0,0,0,0,0,0,0,0,0,1
2009176__star,0,0,0,0,0,0,0,0,1,0
2009177__star,0,0,0,1,0,0,0,0,0,0
2009178__star,0,0,0,0,0,0,0,0,0,1
2009179__star,0,0,1,0,0,0,0,0,0,0
2009180__star,0,0,0,1,0,0,0,0,0,0
2009181__star,0,0,0,0,0,0,1,0,0,0
2009182__star,0,0,0,0,0,0,0,0,1,0
2009183__star,1,0,0,0,0,0,0,0,0,0
2009184__star,0,0,0,0,0,1,0,0,0,0
2009185__star,0,0,0,0,0,0,0,0,0,1
2009186__star,0,0,0,0,1,0,0,0,0,0
2009187__star,0,0,0,0,0,0,1,0,0,0
2009188__star,0,0,0,1,0,0,0,0,0,0
2009189__star,0,0,0,1,0,0,0,0,0,0
2009190__star,0,1,0,0,0,0,0,0,0,0
2009191__star,0,0,0,0,0,0,1,0,0,0
2009192__star,0,0,0,1,0,0,0,0,0,0
2009193__star,1,0,0,0,0,0,0,0,0,0
2009194__star,0,0,0,0,0,0,0,1,0,0
2009195__star,0,0,0,0,0,0,0,1,0,0
2009196__star,0,0,0,1,0,0,0,0,0,0
2009197__star,0,0,1,0,0,0,0,0,0,0
2009198__star,0,1,0,0,0,0,0,0,0,0
2009199__star,0,0,1,0,0,0,0,0,0,0
2009200__star,1,0,0,0,0,0,0,0,0,0
2009201__star,1,0,0,0,0,0,0,0,0,0
2009202__star,0,0,0,0,0,0,0,0,0,1
2009203__star,0,0,0,0,0,0,0,0,1,0
2009204__star,1,0,0,0,0,0,0,0,0,0
2009205__star,0,0,0,0,0,1,0,0,0,0
2009206__star,0,0,0,0,0,0,0,0,1,0
2009207__star,0,0,0,1,0,0,0,0,0,0
2009208__star,0,0,1,0,0,0,0,0,0,0
2009209__star,0,0,0,0,0,1,0,0,0,0
2009210__star,0,0,0,0,0,0,0,1,0,0
2009211__star,0,0,0,0,0,0,1,0,0,0
2009212__star,0,0,0,0,0,0,0,0,1,0
2009213__star,0,0,0,0,0,1,0,0,0,0
2009214__star,0,0,0,0,1,0,0,0,0,0
2009215__star,0,0,0,0,0,0,0,0,1,0
2009216__star,0,0,0,0,0,0,0,0,1,0
2009217__star,0,0,0,0,0,0,0,0,0,1
2009218__star,0,0,0,0,0,0,0,0,0,1
2009219__star,0,1,0,0,0,0,0,0,0,0
2009220__star,1,0,0,0,0,0,0,0,0,0
2009221__star,0,0,0,0,0,0,1,0,0,0
2009222__star,0,1,0,0,0,0,0,0,0,0
2009223__star,1,0,0,0,0,0,0,0,0,0
2009224__star,0,0,0,0,0,0,0,1,0,0
2009225__star,0,1,0,0,0,0,0,0,0,0
2009226__star,0,0,0,1,0,0,0,0,0,0
2009227__star,0,0,0,1,0,0,0,0,0,0
2009228__star,1,0,0,0,0,0,0,0,0,0
2009229__star,1,0,0,0,0,0,0,0,0,0
2009230__star,0,0,0,0,0,0,1,0,0,0
2009231__star,0,1,0,0,0,0,0,0,0,0
2009232__star,0,0,0,0,0,1,0,0,0,0
2009233__star,0,0,0,0,0,0,0,0,1,0
2009234__star,0,0,0,1,0,0,0,0,0,0
2009235__star,0,0,0,1,0,0,0,0,0,0
2009236__star,0,0,0,0,0,0,1,0,0,0
2009237__star,0,0,0,1,0,0,0,0,0,0
2009238__star,0,0,0,0,0,0,0,1,0,0
2009239__star,0,0,1,0,0,0,0,0,0,0
2009240__star,0,0,0,0,1,0,0,0,0,0
2009241__star,0,1,0,0,0,0,0,0,0,0
2009242__star,0,0,0,0,1,0,0,0,0,0
2009243__star,1,0,0,0,0,0,0,0,0,0
2009244__star,0,0,0,0,0,0,1,0,0,0
2009245__star,0,0,0,0,0,0,0,0,0,1
2009246__star,0,0,0,0,0,0,1,0,0,0
2009247__star,0,0,1,0,0,0,0,0,0,0
2009248__star,0,1,0,0,0,0,0,0,0,0
2009249__star,0,0,0,0,0,0,0,0,1,0
2009250__star,1,0,0,0,0,0,0,0,0,0
2009251__star,1,0,0,0,0,0,0,0,0,0
2009252__star,0,0,0,0,0,0,0,0,1,0
2009253__star,0,0,0,0,0,1,0,0,0,0
2009254__star,0,0,0,0,0,0,0,0,1,0
2009255__star,0,0,0,0,0,0,1,0,0,0
2009256__star,0,0,0,0,0,1,0,0,0,0
2009257__star,0,0,0,0,0,1,0,0,0,0
2009258__star,0,0,0,0,0,0,0,1,0,0
2009259__star,0,0,0,0,0,1,0,0,0,0
2009260__star,0,0,0,1,0,0,0,0,0,0
2009261__star,0,0,0,0,0,1,0,0,0,0
2009262__star,0,0,0,0,0,1,0,0,0,0
2009263__star,0,0,0,0,0,0,1,0,0,0
2009264__star,0,0,0,0,1,0,0,0,0,0
2009265__star,1,0,0,0,0,0,0,0,0,0
2009266__star,1,0,0,0,0,0,0,0,0,0
2009267__star,0,1,0,0,0,0,0,0,0,0
2009268__star,0,0,0,0,1,0,0,0,0,0
2009269__star,0,0,0,0,0,1,0,0,0,0
2009270__star,0,0,0,0,0,0,0,0,1,0
2009271__star,0,0,0,0,0,1,0,0,0,0
2009272__star,0,0,0,0,1,0,0,0,0,0
2009273__star,0,0,0,0,0,1,0,0,0,0
2009274__star,0,0,0,0,0,0,0,0,0,1
2010001__star,0,0,0,1,0,0,0,0,0,0
2010002__star,0,0,0,0,0,0,0,0,1,0
2010003__star,0,0,1,0,0,0,0,0,0,0
2010004__star,0,0,0,0,0,0,1,0,0,0
2010005__star,0,0,0,1,0,0,0,0,0,0
2010006__star,0,0,0,0,0,0,0,1,0,0
2010007__star,0,0,0,0,0,0,0,0,0,1
2010008__star,0,0,0,0,0,0,0,0,0,1
2010009__star,0,0,0,0,0,0,0,0,1,0
2010010__star,1,0,0,0,0,0,0,0,0,0
2010011__star,0,0,0,0,0,0,0,0,1,0
2010012__star,0,0,0,0,0,0,0,0,1,0
2010013__star,0,0,1,0,0,0,0,0,0,0
2010014__star,0,1,0,0,0,0,0,0,0,0
2010015__star,0,0,0,0,0,0,1,0,0,0
2010016__star,0,0,0,0,1,0,0,0,0,0
2010017__star,0,0,0,1,0,0,0,0,0,0
2010018__star,0,0,0,0,0,0,0,0,0,1
2010019__star,0,0,0,0,1,0,0,0,0,0
2010020__star,0,0,0,0,0,0,0,1,0,0
2010021__star,0,0,0,0,1,0,0,0,0,0
2010022__star,0,0,0,0,0,0,0,1,0,0
2010023__star,0,1,0,0,0,0,0,0,0,0
2010024__star,0,0,0,0,0,0,0,1,0,0
2010025__star,1,0,0,0,0,0,0,0,0,0
2010026__star,0,0,0,0,0,0,1,0,0,0
2010027__star,0,0,0,0,0,0,1,0,0,0
2010028__star,0,0,0,0,0,0,0,0,1,0
2010029__star,0,0,0,0,0,0,0,0,0,1
2010030__star,0,1,0,0,0,0,0,0,0,0
2010031__star,0,0,0,0,0,0,1,0,0,0
2010032__star,0,0,0,0,0,1,0,0,0,0
2010033__star,0,0,0,0,0,0,1,0,0,0
2010034__star,0,0,1,0,0,0,0,0,0,0
2010035__star,0,0,0,0,0,0,0,0,1,0
2010036__star,0,0,0,0,0,1,0,0,0,0
2010037__star,0,0,0,0,0,1,0,0,0,0
2010038__star,0,1,0,0,0,0,0,0,0,0
2010039__star,1,0,0,0,0,0,0,0,0,0
2010040__star,0,1,0,0,0,0,0,0,0,0
2010041__star,0,0,0,0,0,1,0,0,0,0
2010042__star,1,0,0,0,0,0,0,0,0,0
2010043__star,0,0,0,1,0,0,0,0,0,0
2010044__star,0,0,0,0,0,0,0,0,0,1
2010045__star,0,0,0,0,0,0,1,0,0,0
2010046__star,0,0,1,0,0,0,0,0,0,0
2010047__star,0,0,0,0,0,0,0,1,0,0
2010048__star,0,0,0,1,0,0,0,0,0,0
2010049__star,0,0,0,1,0,0,0,0,0,0
2010050__star,0,0,0,0,0,0,0,0,0,1
2010051__star,1,0,0,0,0,0,0,0,0,0
2010052__star,0,0,0,0,1,0,0,0,0,0
2010053__star,0,0,0,0,0,1,0,0,0,0
2010054__star,1,0,0,0,0,0,0,0,0,0
2010055__star,0,1,0,0,0,0,0,0,0,0
2010056__star,0,0,0,0,1,0,0,0,0,0
2010057__star,0,0,0,1,0,0,0,0,0,0
2010058__star,0,0,0,0,0,0,0,1,0,0
2010059__star,0,0,0,0,1,0,0,0,0,0
2010060__star,0,0,0,0,0,0,1,0,0,0
2010061__star,0,0,0,0,0,0,0,0,0,1
2010062__star,1,0,0,0,0,0,0,0,0,0
2010063__star,1,0,0,0,0,0,0,0,0,0
2010064__star,1,0,0,0,0,0,0,0,0,0
2010065__star,1,0,0,0,0,0,0,0,0,0
2010066__star,0,0,0,0,0,0,0,0,0,1
2010067__star,0,0,0,0,1,0,0,0,0,0
2010068__star,1,0,0,0,0,0,0,0,0,0
2010069__star,0,0,0,0,0,0,0,0,0,1
2010070__star,0,0,0,0,0,0,1,0,0,0
2010071__star,0,1,0,0,0,0,0,0,0,0
2010072__star,0,0,0,0,0,0,0,0,0,1
2010073__star,0,0,0,1,0,0,0,0,0,0
2010074__star,0,1,0,0,0,0,0,0,0,0
2010075__star,1,0,0,0,0,0,0,0,0,0
2010076__star,0,0,0,0,0,0,0,0,0,1
2010077__star,0,0,0,0,0,0,0,1,0,0
2010078__star,0,1,0,0,0,0,0,0,0,0
2010079__star,0,0,0,0,0,0,0,1,0,0
2010080__star,0,0,0,0,0,0,0,0,0,1
2010081__star,0,0,0,0,0,0,0,0,0,1
2010082__star,0,0,0,0,0,0,1,0,0,0
2010083__star,0,0,0,0,0,1,0,0,0,0
2010084__star,1,0,0,0,0,0,0,0,0,0
2010085__star,0,0,0,0,0,1,0,0,0,0
2010086__star,0,0,0,0,1,0,0,0,0,0
2010087__star,1,0,0,0,0,0,0,0,0,0
2010088__star,0,0,0,0,1,0,0,0,0,0
2010089__star,0,0,0,0,0,0,1,0,0,0
2010090__star,0,0,0,0,0,0,0,0,0,1
2010091__star,0,0,0,1,0,0,0,0,0,0
2010092__star,0,0,1,0,0,0,0,0,0,0
2010093__star,0,0,0,0,0,0,0,1,0,0
2010094__star,0,0,0,0,0,0,1,0,0,0
2010095__star,0,0,0,0,0,1,0,0,0,0
2010096__star,0,1,0,0,0,0,0,0,0,0
2010097__star,0,0,0,0,1,0,0,0,0,0
2010098__star,0,0,0,0,0,0,0,0,1,0
2010099__star,0,0,0,0,0,1,0,0,0,0
2010100__star,0,0,0,0,0,0,1,0,0,0
2010101__star,0,0,0,0,1,0,0,0,0,0
2010102__star,0,0,1,0,0,0,0,0,0,0
2010103__star,0,1,0,0,0,0,0,0,0,0
2010104__star,0,0,0,1,0,0,0,0,0,0
2010105__star,0,1,0,0,0,0,0,0,0,0
2010106__star,0,0,1,0,0,0,0,0,0,0
2010107__star,0,0,0,0,0,0,0,1,0,0
2010108__star,0,0,1,0,0,0,0,0,0,0
2010109__star,0,0,0,0,1,0,0,0,0,0
2010110__star,0,0,0,0,0,0,0,1,0,0
2010111__star,0,0,0,0,0,1,0,0,0,0
2010112__star,1,0,0,0,0,0,0,0,0,0
2010113__star,0,0,0,0,0,0,0,0,1,0
2010114__star,1,0,0,0,0,0,0,0,0,0
2010115__star,0,1,0,0,0,0,0,0,0,0
2010116__star,0,0,0,0,0,0,0,0,1,0
2010117__star,0,0,1,0,0,0,0,0,0,0
2010118__star,1,0,0,0,0,0,0,0,0,0
2010119__star,0,0,0,0,0,0,0,1,0,0
2010120__star,1,0,0,0,0,0,0,0,0,0
2010121__star,0,0,1,0,0,0,0,0,0,0
2010122__star,0,0,0,0,0,0,0,1,0,0
2010123__star,0,0,1,0,0,0,0,0,0,0
2010124__star,0,0,0,0,0,0,0,0,1,0
2010125__star,0,0,0,0,1,0,0,0,0,0
2010126__star,0,0,0,0,0,0,1,0,0,0
2010127__star,0,0,0,0,0,0,1,0,0,0
2010128__star,0,0,0,0,0,0,0,0,0,1
2010129__star,0,0,0,0,1,0,0,0,0,0
2010130__star,0,0,0,0,1,0,0,0,0,0
2010131__star,0,0,0,0,0,0,0,0,0,1
2010132__star,1,0,0,0,0,0,0,0,0,0
2010133__star,0,0,1,0,0,0,0,0,0,0
2010134__star,0,0,0,0,0,0,0,0,1,0
2010135__star,0,0,0,1,0,0,0,0,0,0
2010136__star,0,1,0,0,0,0,0,0,0,0
2010137__star,1,0,0,0,0,0,0,0,0,0
2010138__star,0,0,0,0,0,0,0,0,0,1
2010139__star,0,1,0,0,0,0,0,0,0,0
2010140__star,0,1,0,0,0,0,0,0,0,0
2010141__star,0,0,0,0,1,0,0,0,0,0
2010142__star,0,0,0,0,1,0,0,0,0,0
2010143__star,0,0,0,0,0,0,0,1,0,0
2010144__star,0,0,1,0,0,0,0,0,0,0
2010145__star,0,0,0,0,0,1,0,0,0,0
2010146__star,0,0,0,0,0,0,0,0,1,0
2010147__star,1,0,0,0,0,0,0,0,0,0
2010148__star,1,0,0,0,0,0,0,0,0,0
2010149__star,0,0,1,0,0,0,0,0,0,0
2010150__star,0,0,0,0,0,0,0,1,0,0
2010151__star,0,0,0,0,0,0,1,0,0,0
2010152__star,0,0,0,1,0,0,0,0,0,0
2010153__star,0,0,0,0,0,0,0,0,1,0
2010154__star,0,0,0,0,1,0,0,0,0,0
2010155__star,0,0,0,0,0,0,0,0,1,0
2010156__star,0,0,1,0,0,0,0,0,0,0
2011001__star,0,0,1,0,0,0,0,0,0,0
2011002__star,0,1,0,0,0,0,0,0,0,0
2011003__star,0,0,0,0,1,0,0,0,0,0
2011004__star,0,0,0,0,0,0,0,0,0,1
2011005__star,0,0,0,1,0,0,0,0,0,0
2011006__star,0,0,0,0,0,0,1,0,0,0
2011007__star,0,0,0,0,0,0,0,1,0,0
2011008__star,0,0,0,0,1,0,0,0,0,0
2011009__star,0,0,0,1,0,0,0,0,0,0
2011010__star,0,0,0,0,0,0,1,0,0,0
2011011__star,0,0,0,1,0,0,0,0,0,0
2011012__star,1,0,0,0,0,0,0,0,0,0
2011013__star,0,0,0,0,0,0,0,1,0,0
2011014__star,0,0,0,0,1,0,0,0,0,0
2011015__star,0,0,1,0,0,0,0,0,0,0
2011016__star,0,0,0,0,0,0,1,0,0,0
2011017__star,1,0,0,0,0,0,0,0,0,0
2011018__star,0,0,0,0,0,0,1,0,0,0
2011019__star,0,1,0,0,0,0,0,0,0,0
2011020__star,1,0,0,0,0,0,0,0,0,0
2011021__star,0,0,0,0,0,0,0,0,1,0
2011022__star,0,0,0,0,0,1,0,0,0,0
2011023__star,0,0,0,0,0,1,0,0,0,0
2011024__star,0,0,0,0,0,0,0,0,0,1
2011025__star,1,0,0,0,0,0,0,0,0,0
2011026__star,0,0,0,0,0,1,0,0,0,0
2011027__star,0,0,0,0,0,0,1,0,0,0
2011028__star,0,1,0,0,0,0,0,0,0,0
2011029__star,0,0,0,0,1,0,0,0,0,0
2011030__star,0,0,0,0,0,0,0,1,0,0
2011031__star,0,0,0,0,0,0,0,0,1,0
2011032__star,0,0,0,0,0,0,1,0,0,0
2011033__star,0,0,0,1,0,0,0,0,0,0
2011034__star,0,0,0,0,0,0,0,1,0,0
2011035__star,1,0,0,0,0,0,0,0,0,0
2011036__star,0,0,0,0,1,0,0,0,0,0
2011037__star,0,0,0,0,0,0,0,0,1,0
2011038__star,1,0,0,0,0,0,0,0,0,0
2011039__star,0,0,0,0,0,0,0,0,0,1
2011040__star,0,0,1,0,0,0,0,0,0,0
2011041__star,0,0,0,0,0,0,1,0,0,0
2011042__star,0,0,1,0,0,0,0,0,0,0
2011043__star,0,0,0,0,0,0,0,1,0,0
2011044__star,0,0,0,0,0,1,0,0,0,0
2011045__star,1,0,0,0,0,0,0,0,0,0
2011046__star,0,0,0,0,0,0,0,1,0,0
2011047__star,0,0,0,0,1,0,0,0,0,0
2011048__star,0,0,0,0,0,0,0,0,1,0
2011049__star,0,0,0,0,0,0,0,0,1,0
2011050__star,0,1,0,0,0,0,0,0,0,0
2011051__star,0,0,0,0,0,1,0,0,0,0
2011052__star,0,0,1,0,0,0,0,0,0,0
2011053__star,0,1,0,0,0,0,0,0,0,0
2011054__star,0,1,0,0,0,0,0,0,0,0
2011055__star,0,0,0,0,0,0,0,1,0,0
2011056__star,0,0,0,0,0,0,1,0,0,0
2011057__star,0,0,0,0,1,0,0,0,0,0
2011058__star,0,0,0,0,0,0,0,1,0,0
2011059__star,0,0,0,0,0,0,0,1,0,0
2011060__star,1,0,0,0,0,0,0,0,0,0
2011061__star,0,0,0,0,0,0,0,0,0,1
2011062__star,0,0,1,0,0,0,0,0,0,0
2011063__star,0,0,1,0,0,0,0,0,0,0
2011064__star,0,0,0,0,0,0,0,0,1,0
2011065__star,0,0,0,0,0,0,0,0,1,0
2011066__star,0,0,0,0,1,0,0,0,0,0
2011067__star,0,1,0,0,0,0,0,0,0,0
2011068__star,1,0,0,0,0,0,0,0,0,0
2011069__star,0,0,0,0,1,0,0,0,0,0
2011070__star,0,0,0,0,1,0,0,0,0,0
2011071__star,0,0,0,0,0,1,0,0,0,0
2011072__star,0,0,0,0,0,0,0,1,0,0
2011073__star,0,0,0,0,0,0,0,0,0,1
2011074__star,0,0,0,0,0,0,0,0,1,0
2011075__star,0,0,0,0,1,0,0,0,0,0
2011076__star,0,0,1,0,0,0,0,0,0,0
2011077__star,0,0,1,0,0,0,0,0,0,0
2011078__star,0,0,0,1,0,0,0,0,0,0
2011079__star,0,0,0,0,1,0,0,0,0,0
2011080__star,0,0,0,1,0,0,0,0,0,0
2011081__star,0,0,0,0,0,1,0,0,0,0
2011082__star,0,0,0,0,0,1,0,0,0,0
2011083__star,0,0,0,0,0,0,0,0,1,0
2011084__star,0,0,0,0,0,1,0,0,0,0
2011085__star,0,0,1,0,0,0,0,0,0,0
2011086__star,0,0,0,0,0,0,1,0,0,0
2011087__star,0,0,0,0,0,1,0,0,0,0
2011088__star,0,0,0,0,1,0,0,0,0,0
2011089__star,0,0,0,0,0,0,1,0,0,0
2011090__star,0,0,0,0,0,0,0,0,0,1
2011091__star,1,0,0,0,0,0,0,0,0,0
2011092__star,0,0,1,0,0,0,0,0,0,0
2011093__star,0,0,0,0,0,0,0,0,0,1
2011094__star,0,0,0,1,0,0,0,0,0,0
2011095__star,0,0,0,0,0,0,0,0,1,0
2011096__star,0,1,0,0,0,0,0,0,0,0
2011097__star,0,0,0,0,0,0,0,0,1,0
2011098__star,0,0,0,0,0,0,0,1,0,0
2011099__star,0,0,0,0,0,0,0,0,1,0
2011100__star,0,0,0,1,0,0,0,0,0,0
2011101__star,1,0,0,0,0,0,0,0,0,0
2011102__star,0,0,0,1,0,0,0,0,0,0
2011103__star,0,1,0,0,0,0,0,0,0,0
2011104__star,0,1,0,0,0,0,0,0,0,0
2011105__star,0,0,1,0,0,0,0,0,0,0
2011106__star,0,0,0,0,1,0,0,0,0,0
2011107__star,0,0,0,0,1,0,0,0,0,0
2011108__star,0,0,0,0,0,0,1,0,0,0
2011109__star,0,0,0,0,1,0,0,0,0,0
2011110__star,0,1,0,0,0,0,0,0,0,0
2011111__star,0,0,1,0,0,0,0,0,0,0
2011112__star,0,0,0,1,0,0,0,0,0,0
2011113__star,0,0,0,0,0,0,1,0,0,0
2011114__star,0,0,0,1,0,0,0,0,0,0
2011115__star,0,0,0,0,0,1,0,0,0,0
2011116__star,0,0,0,0,0,0,0,0,1,0
2011117__star,0,0,1,0,0,0,0,0,0,0
2011118__star,0,0,1,0,0,0,0,0,0,0
2011119__star,1,0,0,0,0,0,0,0,0,0
2011120__star,0,0,0,0,1,0,0,0,0,0
2011121__star,0,0,0,0,0,0,1,0,0,0
2011122__star,0,0,0,0,0,0,1,0,0,0
2011123__star,0,0,0,0,1,0,0,0,0,0
2011124__star,0,0,1,0,0,0,0,0,0,0
2011125__star,0,0,0,0,0,0,0,0,0,1
2011126__star,0,0,0,0,0,0,0,1,0,0
2011127__star,0,0,0,0,0,0,1,0,0,0
2011128__star,0,0,0,0,0,0,1,0,0,0
2011129__star,1,0,0,0,0,0,0,0,0,0
2011130__star,0,0,0,0,0,0,0,1,0,0
2011131__star,0,0,0,0,0,0,1,0,0,0
2011132__star,0,0,0,0,0,0,0,0,1,0
2011133__star,0,0,0,0,0,0,0,0,0,1
2011134__star,0,0,0,0,1,0,0,0,0,0
2011135__star,0,1,0,0,0,0,0,0,0,0
2011136__star,0,0,0,0,0,0,1,0,0,0
2011137__star,0,0,0,0,0,0,1,0,0,0
2011138__star,0,0,0,0,0,0,0,0,0,1
2011139__star,0,0,0,0,1,0,0,0,0,0
2011140__star,1,0,0,0,0,0,0,0,0,0
2011141__star,0,0,0,0,1,0,0,0,0,0
2011142__star,1,0,0,0,0,0,0,0,0,0
2011143__star,0,0,0,0,0,0,0,0,1,0
2011144__star,0,1,0,0,0,0,0,0,0,0
2011145__star,1,0,0,0,0,0,0,0,0,0
2011146__star,0,0,0,0,1,0,0,0,0,0
2011147__star,1,0,0,0,0,0,0,0,0,0
2011148__star,0,0,0,0,0,0,0,1,0,0
2011149__star,1,0,0,0,0,0,0,0,0,0
2011150__star,1,0,0,0,0,0,0,0,0,0
2011151__star,0,0,0,0,1,0,0,0,0,0
2011152__star,0,0,0,0,1,0,0,0,0,0
2011153__star,0,1,0,0,0,0,0,0,0,0
2011154__star,0,0,0,0,0,0,0,1,0,0
2011155__star,0,0,0,1,0,0,0,0,0,0
2011156__star,0,0,0,0,1,0,0,0,0,0
2011157__star,0,1,0,0,0,0,0,0,0,0
2012001__star,0,0,0,0,0,0,0,0,1,0
2012002__star,0,0,0,0,1,0,0,0,0,0
2012003__star,0,0,0,0,0,0,0,1,0,0
2012004__star,0,0,0,1,0,0,0,0,0,0
2012005__star,0,0,0,0,0,0,1,0,0,0
2012006__star,0,0,0,0,0,0,0,1,0,0
2012007__star,0,0,0,0,0,0,0,1,0,0
2012008__star,0,0,0,1,0,0,0,0,0,0
2012009__star,0,0,0,1,0,0,0,0,0,0
2012010__star,0,0,0,0,0,1,0,0,0,0
2012011__star,0,0,0,0,1,0,0,0,0,0
2012012__star,0,0,0,0,0,1,0,0,0,0
2012013__star,0,0,0,0,0,0,0,1,0,0
2012014__star,0,0,0,0,0,0,1,0,0,0
2012015__star,0,0,1,0,0,0,0,0,0,0
2012016__star,0,0,1,0,0,0,0,0,0,0
2012017__star,0,0,1,0,0,0,0,0,0,0
2012018__star,0,0,0,0,0,1,0,0,0,0
2012019__star,0,0,0,0,1,0,0,0,0,0
2012020__star,1,0,0,0,0,0,0,0,0,0
2012021__star,0,0,0,0,0,1,0,0,0,0
2012022__star,0,0,0,0,1,0,0,0,0,0
2012023__star,0,0,0,0,0,0,0,0,0,1
2012024__star,1,0,0,0,0,0,0,0,0,0
2012025__star,1,0,0,0,0,0,0,0,0,0
2012026__star,0,0,0,1,0,0,0,0,0,0
2012027__star,0,0,0,0,0,0,0,1,0,0
2012028__star,0,0,1,0,0,0,0,0,0,0
2012029__star,0,0,0,0,0,0,1,0,0,0
2012030__star,0,0,0,0,1,0,0,0,0,0
2012031__star,0,0,0,0,0,0,0,0,0,1
2012032__star,0,0,0,0,0,0,0,0,1,0
2012033__star,1,0,0,0,0,0,0,0,0,0
2012034__star,0,0,0,1,0,0,0,0,0,0
2012035__star,0,0,0,0,1,0,0,0,0,0
2012036__star,0,0,0,0,0,0,0,1,0,0
2012037__star,0,0,0,0,0,1,0,0,0,0
2012038__star,0,0,0,0,0,0,0,0,1,0
2012039__star,0,0,0,0,0,0,0,0,1,0
2012040__star,0,1,0,0,0,0,0,0,0,0
2012041__star,0,0,0,0,0,0,0,1,0,0
2012042__star,0,0,0,0,0,0,0,1,0,0
2012043__star,0,0,0,0,0,0,0,0,0,1
2012044__star,1,0,0,0,0,0,0,0,0,0
2012045__star,1,0,0,0,0,0,0,0,0,0
2012046__star,0,1,0,0,0,0,0,0,0,0
2012047__star,0,0,1,0,0,0,0,0,0,0
2012048__star,0,0,0,0,0,0,0,0,0,1
2012049__star,0,0,0,0,0,1,0,0,0,0
2012050__star,0,0,0,0,0,0,1,0,0,0
2012051__star,0,0,0,1,0,0,0,0,0,0
2012052__star,0,0,0,1,0,0,0,0,0,0
2012053__star,1,0,0,0,0,0,0,0,0,0
2012054__star,0,0,0,0,0,0,0,0,1,0
2012055__star,0,0,0,0,0,0,0,0,0,1
2012056__star,0,0,0,1,0,0,0,0,0,0
2012057__star,0,0,0,0,1,0,0,0,0,0
2012058__star,0,0,0,0,0,1,0,0,0,0
2012059__star,1,0,0,0,0,0,0,0,0,0
2012060__star,0,1,0,0,0,0,0,0,0,0
2012061__star,0,0,0,0,0,0,0,0,0,1
2012062__star,0,0,0,0,0,0,0,0,1,0
2012063__star,0,0,0,0,0,0,1,0,0,0
2012064__star,0,0,1,0,0,0,0,0,0,0
2012065__star,0,0,1,0,0,0,0,0,0,0
2012066__star,1,0,0,0,0,0,0,0,0,0
2012067__star,0,0,0,1,0,0,0,0,0,0
2012068__star,0,0,0,0,0,1,0,0,0,0
2012069__star,0,0,0,0,0,1,0,0,0,0
2012070__star,1,0,0,0,0,0,0,0,0,0
2012071__star,0,0,0,0,0,0,0,0,0,1
2012072__star,0,0,0,0,0,1,0,0,0,0
2012073__star,0,0,1,0,0,0,0,0,0,0
2012074__star,0,0,0,0,1,0,0,0,0,0
2012075__star,0,0,1,0,0,0,0,0,0,0
2012076__star,0,0,0,0,0,0,1,0,0,0
2012077__star,0,0,0,0,0,0,1,0,0,0
2012078__star,0,0,0,1,0,0,0,0,0,0
2012079__star,0,0,0,0,1,0,0,0,0,0
2012080__star,0,0,0,0,0,1,0,0,0,0
2012081__star,1,0,0,0,0,0,0,0,0,0
2012082__star,0,0,1,0,0,0,0,0,0,0
2012083__star,0,0,0,0,0,0,0,0,1,0
2012084__star,0,0,0,0,0,1,0,0,0,0
2012085__star,0,1,0,0,0,0,0,0,0,0
2012086__star,0,0,0,0,1,0,0,0,0,0
2012087__star,0,0,1,0,0,0,0,0,0,0
2012088__star,0,0,1,0,0,0,0,0,0,0
2012089__star,0,0,0,0,0,1,0,0,0,0
2012090__star,0,0,1,0,0,0,0,0,0,0
2012091__star,0,0,1,0,0,0,0,0,0,0
2012092__star,0,0,0,0,0,1,0,0,0,0
2012093__star,0,0,0,0,0,1,0,0,0,0
2012094__star,0,0,0,0,0,0,1,0,0,0
2012095__star,0,0,0,1,0,0,0,0,0,0
2012096__star,0,0,0,0,0,0,0,0,1,0
2012097__star,0,0,0,1,0,0,0,0,0,0
2012098__star,0,0,0,0,1,0,0,0,0,0
2012099__star,0,0,0,0,0,0,1,0,0,0
2012100__star,0,1,0,0,0,0,0,0,0,0
2012101__star,0,0,0,0,0,0,1,0,0,0
2012102__star,0,0,0,0,0,0,0,0,1,0
2012103__star,0,0,0,0,1,0,0,0,0,0
2012104__star,0,0,0,0,0,0,0,0,1,0
2012105__star,0,0,0,0,0,0,0,0,0,1
2012106__star,0,0,1,0,0,0,0,0,0,0
2012107__star,0,0,0,1,0,0,0,0,0,0
2012108__star,0,0,0,1,0,0,0,0,0,0
2012109__star,0,0,0,0,0,0,0,0,1,0
2012110__star,0,0,0,0,0,0,0,1,0,0
2012111__star,0,1,0,0,0,0,0,0,0,0
2012112__star,0,0,0,0,0,0,1,0,0,0
2012113__star,0,0,0,0,0,0,1,0,0,0
2012114__star,0,0,0,0,0,0,0,0,1,0
2012115__star,0,0,0,0,0,1,0,0,0,0
2012116__star,0,0,0,0,0,0,0,0,1,0
2012117__star,1,0,0,0,0,0,0,0,0,0
2012118__star,0,0,0,0,0,1,0,0,0,0
2012119__star,1,0,0,0,0,0,0,0,0,0
2012120__star,0,0,0,1,0,0,0,0,0,0
2012121__star,0,1,0,0,0,0,0,0,0,0
2012122__star,0,0,1,0,0,0,0,0,0,0
2012123__star,0,0,0,1,0,0,0,0,0,0
2012124__star,0,0,0,0,0,0,0,1,0,0
2012125__star,0,1,0,0,0,0,0,0,0,0
2012126__star,0,0,0,0,1,0,0,0,0,0
2012127__star,0,0,0,0,1,0,0,0,0,0
2012128__star,0,0,0,0,0,0,1,0,0,0
2012129__star,1,0,0,0,0,0,0,0,0,0
2012130__star,0,0,0,0,0,0,1,0,0,0
2012131__star,1,0,0,0,0,0,0,0,0,0
2012132__star,0,0,0,0,0,0,0,1,0,0
2012133__star,0,0,0,0,0,0,1,0,0,0
2012134__star,0,0,0,0,0,0,1,0,0,0
2012135__star,0,0,0,0,1,0,0,0,0,0
2012136__star,0,0,0,0,0,0,1,0,0,0
2012137__star,0,0,0,0,0,0,0,1,0,0
2012138__star,0,0,0,0,0,0,1,0,0,0
2012139__star,1,0,0,0,0,0,0,0,0,0
2012140__star,0,0,0,0,0,0,0,0,0,1
2012141__star,0,1,0,0,0,0,0,0,0,0
2012142__star,0,0,0,0,0,1,0,0,0,0
2012143__star,1,0,0,0,0,0,0,0,0,0
2012144__star,0,0,0,0,0,0,0,0,0,1
2012145__star,0,0,0,0,0,1,0,0,0,0
2012146__star,0,0,0,0,0,0,0,1,0,0
2012147__star,0,1,0,0,0,0,0,0,0,0
2012148__star,0,0,0,0,0,0,0,1,0,0
2012149__star,0,0,0,1,0,0,0,0,0,0
2012150__star,0,0,0,0,0,0,0,0,1,0
2012151__star,0,0,0,0,1,0,0,0,0,0
2012152__star,0,0,0,0,0,0,0,1,0,0
2012153__star,1,0,0,0,0,0,0,0,0,0
2012154__star,0,0,0,0,0,1,0,0,0,0
2012155__star,0,0,0,0,0,0,0,0,1,0
2012156__star,0,0,0,1,0,0,0,0,0,0
2012157__star,0,0,1,0,0,0,0,0,0,0
2013001__star,0,0,0,1,0,0,0,0,0,0
2013002__star,0,0,0,0,0,1,0,0,0,0
2013003__star,0,0,0,0,1,0,0,0,0,0
2013004__star,0,0,0,0,0,0,0,0,1,0
2013005__star,0,0,0,0,0,0,1,0,0,0
2013006__star,0,0,0,0,0,1,0,0,0,0
2013007__star,0,0,0,0,1,0,0,0,0,0
2013008__star,0,0,0,0,0,0,0,1,0,0
2013009__star,0,0,0,0,0,1,0,0,0,0
2013010__star,0,0,0,0,0,1,0,0,0,0
2013011__star,0,0,0,0,0,1,0,0,0,0
2013012__star,0,0,0,0,0,0,0,0,1,0
2013013__star,0,0,0,0,1,0,0,0,0,0
2013014__star,0,0,1,0,0,0,0,0,0,0
2013015__star,0,1,0,0,0,0,0,0,0,0
2013016__star,1,0,0,0,0,0,0,0,0,0
2013017__star,0,0,0,0,0,0,1,0,0,0
2013018__star,0,0,0,0,0,0,1,0,0,0
2013019__star,0,1,0,0,0,0,0,0,0,0
2013020__star,0,0,0,0,0,1,0,0,0,0
2013021__star,0,0,0,0,1,0,0,0,0,0
2013022__star,1,0,0,0,0,0,0,0,0,0
2013023__star,0,0,0,0,1,0,0,0,0,0
2013024__star,0,1,0,0,0,0,0,0,0,0
2013025__star,0,0,0,0,0,0,1,0,0,0
2013026__star,0,1,0,0,0,0,0,0,0,0
2013027__star,0,0,0,0,0,0,0,0,0,1
2013028__star,0,0,0,1,0,0,0,0,0,0
2013029__star,0,0,0,0,1,0,0,0,0,0
2013030__star,0,0,0,0,0,1,0,0,0,0
2013031__star,0,0,0,0,0,0,1,0,0,0
2013032__star,0,0,0,0,1,0,0,0,0,0
2013033__star,0,0,0,0,0,0,0,0,1,0
2013034__star,0,0,0,0,0,0,1,0,0,0
2013035__star,0,0,0,0,0,1,0,0,0,0
2013036__star,0,0,0,1,0,0,0,0,0,0
2013037__star,0,0,1,0,0,0,0,0,0,0
2013038__star,0,1,0,0,0,0,0,0,0,0
2013039__star,0,1,0,0,0,0,0,0,0,0
2013040__star,0,0,0,0,0,0,0,1,0,0
2013041__star,0,0,0,0,0,0,1,0,0,0
2013042__star,0,1,0,0,0,0,0,0,0,0
2013043__star,0,0,0,0,1,0,0,0,0,0
2013044__star,0,0,0,1,0,0,0,0,0,0
2013045__star,0,0,1,0,0,0,0,0,0,0
2013046__star,0,0,0,0,0,0,0,1,0,0
2013047__star,0,0,0,0,0,0,0,0,1,0
2013048__star,1,0,0,0,0,0,0,0,0,0
2013049__star,0,0,0,0,0,0,0,0,1,0
2013050__star,0,0,0,0,0,0,0,0,0,1
2013051__star,0,0,0,0,0,0,0,0,1,0
2013052__star,0,0,0,0,0,0,0,0,1,0
2013053__star,0,0,0,1,0,0,0,0,0,0
2013054__star,0,0,0,0,0,0,1,0,0,0
2013055__star,0,0,0,0,0,0,0,0,0,1
2013056__star,0,0,0,0,0,0,0,0,1,0
2013057__star,0,0,0,0,1,0,0,0,0,0
2013058__star,0,0,0,1,0,0,0,0,0,0
2013059__star,0,0,1,0,0,0,0,0,0,0
2013060__star,0,0,1,0,0,0,0,0,0,0
2013061__star,0,0,0,0,0,0,0,0,1,0
2013062__star,0,1,0,0,0,0,0,0,0,0
2013063__star,0,1,0,0,0,0,0,0,0,0
2013064__star,0,0,0,0,0,0,1,0,0,0
2013065__star,0,0,1,0,0,0,0,0,0,0
2013066__star,0,0,0,0,0,0,0,0,1,0
2013067__star,1,0,0,0,0,0,0,0,0,0
2013068__star,0,1,0,0,0,0,0,0,0,0
2013069__star,1,0,0,0,0,0,0,0,0,0
2013070__star,0,0,0,1,0,0,0,0,0,0
2013071__star,0,1,0,0,0,0,0,0,0,0
2013072__star,1,0,0,0,0,0,0,0,0,0
2013073__star,1,0,0,0,0,0,0,0,0,0
2013074__star,0,0,0,0,0,0,0,1,0,0
2013075__star,1,0,0,0,0,0,0,0,0,0
2013076__star,0,0,0,0,0,0,0,1,0,0
2013077__star,0,0,0,0,0,0,1,0,0,0
2013078__star,0,0,0,0,0,1,0,0,0,0
2013079__star,0,0,0,1,0,0,0,0,0,0
2013080__star,0,1,0,0,0,0,0,0,0,0
2013081__star,0,0,0,0,1,0,0,0,0,0
2013082__star,0,0,0,0,0,0,1,0,0,0
2013083__star,0,0,0,0,0,0,0,1,0,0
2013084__star,0,0,0,0,0,0,0,0,1,0
2013085__star,0,0,0,1,0,0,0,0,0,0
2013086__star,0,0,0,0,0,0,1,0,0,0
2013087__star,1,0,0,0,0,0,0,0,0,0
2013088__star,0,0,1,0,0,0,0,0,0,0
2013089__star,0,0,0,1,0,0,0,0,0,0
2013090__star,0,0,0,0,1,0,0,0,0,0
2013091__star,0,0,0,0,0,0,1,0,0,0
2013092__star,0,0,0,0,0,0,0,0,1,0
2013093__star,0,0,0,1,0,0,0,0,0,0
2013094__star,0,0,0,1,0,0,0,0,0,0
2013095__star,0,0,0,0,1,0,0,0,0,0
2013096__star,0,0,0,0,0,0,1,0,0,0
2013097__star,0,1,0,0,0,0,0,0,0,0
2013098__star,0,0,0,0,0,0,0,0,0,1
2013099__star,0,0,0,0,0,0,0,0,1,0
2013100__star,0,0,0,0,0,0,0,0,0,1
2013101__star,0,0,0,0,0,0,1,0,0,0
2013102__star,0,0,0,0,0,0,0,0,0,1
2013103__star,1,0,0,0,0,0,0,0,0,0
2013104__star,0,0,0,0,0,0,1,0,0,0
2013105__star,0,0,0,0,0,0,0,1,0,0
2013106__star,0,0,0,0,0,1,0,0,0,0
2013107__star,0,0,1,0,0,0,0,0,0,0
2013108__star,0,0,0,0,0,0,1,0,0,0
2013109__star,0,1,0,0,0,0,0,0,0,0
2013110__star,0,0,0,0,0,0,1,0,0,0
2013111__star,0,0,0,0,1,0,0,0,0,0
2013112__star,0,0,1,0,0,0,0,0,0,0
2013113__star,0,0,0,0,0,0,0,0,1,0
2013114__star,1,0,0,0,0,0,0,0,0,0
2013115__star,0,0,0,0,1,0,0,0,0,0
2013116__star,0,0,0,0,1,0,0,0,0,0
2013117__star,0,0,0,0,0,0,0,0,1,0
2013118__star,0,0,0,0,0,0,1,0,0,0
2013119__star,0,0,0,0,0,0,0,0,1,0
2013120__star,0,0,0,0,1,0,0,0,0,0
2013121__star,0,1,0,0,0,0,0,0,0,0
2013122__star,0,0,0,0,0,0,0,1,0,0
2013123__star,0,0,0,1,0,0,0,0,0,0
2013124__star,0,0,0,0,0,0,0,1,0,0
2013125__star,1,0,0,0,0,0,0,0,0,0
2013126__star,0,0,0,0,0,0,1,0,0,0
2013127__star,0,0,1,0,0,0,0,0,0,0
2013128__star,0,0,0,0,0,0,1,0,0,0
2013129__star,0,0,0,0,0,0,0,1,0,0
2013130__star,1,0,0,0,0,0,0,0,0,0
2013131__star,0,0,0,0,0,0,0,0,1,0
2013132__star,0,0,0,0,0,1,0,0,0,0
2013133__star,0,0,1,0,0,0,0,0,0,0
2013134__star,0,0,0,1,0,0,0,0,0,0
2013135__star,0,0,0,0,0,0,0,0,1,0
2013136__star,0,0,0,0,0,1,0,0,0,0
2013137__star,0,0,0,0,0,0,0,1,0,0
2013138__star,0,0,0,0,0,0,0,0,0,1
2013139__star,1,0,0,0,0,0,0,0,0,0
2013140__star,0,0,0,0,0,0,0,0,1,0
2013141__star,0,0,0,1,0,0,0,0,0,0
2013142__star,0,0,0,0,0,0,0,0,1,0
2013143__star,0,1,0,0,0,0,0,0,0,0
2013144__star,0,0,0,0,1,0,0,0,0,0
2013145__star,0,0,1,0,0,0,0,0,0,0
2013146__star,0,0,0,0,0,0,1,0,0,0
2013147__star,0,0,0,0,0,1,0,0,0,0
2013148__star,0,0,0,0,0,0,0,1,0,0
2013149__star,1,0,0,0,0,0,0,0,0,0
2013150__star,0,0,0,0,0,1,0,0,0,0
2013151__star,1,0,0,0,0,0,0,0,0,0
2013152__star,0,0,0,1,0,0,0,0,0,0
2013153__star,0,0,0,0,1,0,0,0,0,0
2013154__star,0,0,1,0,0,0,0,0,0,0
2013155__star,0,0,0,0,0,0,1,0,0,0
2013156__star,0,0,0,0,0,0,0,1,0,0
2014001__star,0,0,0,0,0,0,1,0,0,0
2014002__star,0,0,0,0,1,0,0,0,0,0
2014003__star,0,0,0,0,0,0,0,0,1,0
2014004__star,0,0,0,0,0,0,0,1,0,0
2014005__star,0,0,0,0,0,0,0,0,1,0
2014006__star,0,0,0,1,0,0,0,0,0,0
2014007__star,0,0,0,0,0,1,0,0,0,0
2014008__star,0,0,0,0,0,0,0,1,0,0
2014009__star,0,0,0,0,1,0,0,0,0,0
2014010__star,0,0,0,0,0,0,1,0,0,0
2014011__star,0,0,0,0,1,0,0,0,0,0
2014012__star,0,0,0,1,0,0,0,0,0,0
2014013__star,0,0,0,0,0,0,0,1,0,0
2014014__star,0,0,0,0,0,1,0,0,0,0
2014015__star,0,1,0,0,0,0,0,0,0,0
2014016__star,0,0,0,0,0,0,0,1,0,0
2014017__star,0,0,0,0,0,0,1,0,0,0
2014018__star,0,1,0,0,0,0,0,0,0,0
2014019__star,0,0,0,0,0,0,1,0,0,0
2014020__star,0,0,0,0,0,0,0,0,1,0
2014021__star,1,0,0,0,0,0,0,0,0,0
2014022__star,0,0,0,0,0,0,1,0,0,0
2014023__star,0,0,0,0,0,0,0,0,0,1
2014024__star,0,0,0,0,0,0,1,0,0,0
2014025__star,1,0,0,0,0,0,0,0,0,0
2014026__star,0,0,0,0,1,0,0,0,0,0
2014027__star,0,0,0,0,0,0,0,0,0,1
2014028__star,1,0,0,0,0,0,0,0,0,0
2014029__star,0,0,0,0,0,0,1,0,0,0
2014030__star,0,0,0,0,0,0,0,0,1,0
2014031__star,0,0,0,0,0,0,0,0,0,1
2014032__star,0,0,0,1,0,0,0,0,0,0
2014033__star,0,0,0,0,0,1,0,0,0,0
2014034__star,0,0,0,0,0,0,0,0,1,0
2014035__star,0,1,0,0,0,0,0,0,0,0
2014036__star,0,0,0,0,0,0,0,0,1,0
2014037__star,0,0,0,0,0,1,0,0,0,0
2014038__star,0,0,0,1,0,0,0,0,0,0
2014039__star,0,0,0,1,0,0,0,0,0,0
2014040__star,0,0,0,1,0,0,0,0,0,0
2014041__star,0,0,0,0,1,0,0,0,0,0
2014042__star,0,0,0,1,0,0,0,0,0,0
2014043__star,0,0,0,0,0,0,0,0,0,1
2014044__star,0,0,0,0,0,0,0,0,0,1
2014045__star,0,0,1,0,0,0,0,0,0,0
2014046__star,1,0,0,0,0,0,0,0,0,0
2014047__star,0,0,0,0,0,0,0,1,0,0
2014048__star,1,0,0,0,0,0,0,0,0,0
2014049__star,0,0,0,0,0,0,0,0,0,1
2014050__star,0,0,0,1,0,0,0,0,0,0
2014051__star,0,0,0,0,0,0,1,0,0,0
2014052__star,0,0,0,0,0,0,0,0,0,1
2014053__star,0,0,0,0,1,0,0,0,0,0
2014054__star,0,0,0,0,0,0,0,0,0,1
2014055__star,0,0,0,0,1,0,0,0,0,0
2014056__star,0,0,0,1,0,0,0,0,0,0
2014057__star,0,0,0,0,1,0,0,0,0,0
2014058__star,1,0,0,0,0,0,0,0,0,0
2014059__star,0,0,0,0,0,0,1,0,0,0
2014060__star,0,0,1,0,0,0,0,0,0,0
2014061__star,1,0,0,0,0,0,0,0,0,0
2014062__star,1,0,0,0,0,0,0,0,0,0
2014063__star,1,0,0,0,0,0,0,0,0,0
2014064__star,0,0,0,0,0,0,1,0,0,0
2014065__star,1,0,0,0,0,0,0,0,0,0
2014066__star,0,0,0,0,1,0,0,0,0,0
2014067__star,0,0,1,0,0,0,0,0,0,0
2014068__star,0,1,0,0,0,0,0,0,0,0
2014069__star,0,0,0,0,0,0,0,0,1,0
2014070__star,0,0,0,0,0,1,0,0,0,0
2014071__star,0,0,0,0,1,0,0,0,0,0
2014072__star,1,0,0,0,0,0,0,0,0,0
2014073__star,0,0,1,0,0,0,0,0,0,0
2014074__star,1,0,0,0,0,0,0,0,0,0
2014075__star,0,0,0,1,0,0,0,0,0,0
2014076__star,0,0,0,1,0,0,0,0,0,0
2014077__star,0,0,1,0,0,0,0,0,0,0
2014078__star,0,1,0,0,0,0,0,0,0,0
2014079__star,0,0,1,0,0,0,0,0,0,0
2014080__star,0,0,0,0,0,1,0,0,0,0
2014081__star,0,0,0,0,0,0,0,0,0,1
2014082__star,0,0,0,0,1,0,0,0,0,0
2014083__star,1,0,0,0,0,0,0,0,0,0
2014084__star,0,0,0,0,0,0,0,0,1,0
2014085__star,0,0,0,0,0,0,1,0,0,0
2014086__star,0,0,0,0,0,1,0,0,0,0
2014087__star,0,0,0,1,0,0,0,0,0,0
2014088__star,0,0,0,0,0,1,0,0,0,0
2014089__star,0,0,0,1,0,0,0,0,0,0
2014090__star,0,0,0,0,0,0,0,0,1,0
2014091__star,0,0,0,0,0,0,0,0,1,0
2014092__star,0,0,0,0,0,0,0,0,0,1
2014093__star,0,0,0,0,0,1,0,0,0,0
2014094__star,0,0,0,0,0,0,0,1,0,0
2014095__star,0,0,0,0,0,0,1,0,0,0
2014096__star,0,0,0,0,0,0,1,0,0,0
2014097__star,0,0,0,0,1,0,0,0,0,0
2014098__star,0,0,0,1,0,0,0,0,0,0
2014099__star,0,0,1,0,0,0,0,0,0,0
2014100__star,0,0,0,1,0,0,0,0,0,0
2014101__star,0,0,0,0,0,0,1,0,0,0
2014102__star,1,0,0,0,0,0,0,0,0,0
2014103__star,0,1,0,0,0,0,0,0,0,0
2014104__star,0,0,0,0,0,0,0,1,0,0
2014105__star,1,0,0,0,0,0,0,0,0,0
2014106__star,0,0,0,1,0,0,0,0,0,0
2014107__star,0,0,0,0,0,0,1,0,0,0
2014108__star,0,0,0,0,0,0,0,0,0,1
2014109__star,0,0,0,0,0,0,1,0,0,0
2014110__star,1,0,0,0,0,0,0,0,0,0
2014111__star,0,0,0,0,0,1,0,0,0,0
2014112__star,0,0,0,1,0,0,0,0,0,0
2014113__star,0,0,0,0,0,1,0,0,0,0
2014114__star,0,0,0,0,0,1,0,0,0,0
2014115__star,0,0,0,0,0,0,0,0,1,0
2014116__star,0,0,0,0,1,0,0,0,0,0
2014117__star,0,0,0,0,1,0,0,0,0,0
2014118__star,0,0,0,0,0,0,0,1,0,0
2014119__star,0,0,0,0,0,0,1,0,0,0
2014120__star,0,0,0,0,0,0,1,0,0,0
2014121__star,0,0,0,0,0,0,0,0,0,1
2014122__star,0,0,0,0,0,0,0,0,1,0
2014123__star,1,0,0,0,0,0,0,0,0,0
2014124__star,0,0,0,0,0,0,0,0,0,1
2014125__star,0,0,0,0,0,0,1,0,0,0
2014126__star,0,0,0,0,1,0,0,0,0,0
2014127__star,0,1,0,0,0,0,0,0,0,0
2014128__star,0,0,0,1,0,0,0,0,0,0
2014129__star,0,0,0,0,0,1,0,0,0,0
2014130__star,0,0,0,0,0,0,0,0,1,0
2014131__star,0,0,0,0,0,0,0,0,0,1
2014132__star,0,0,0,0,0,0,0,1,0,0
2014133__star,1,0,0,0,0,0,0,0,0,0
2014134__star,0,0,0,0,1,0,0,0,0,0
2014135__star,0,0,0,0,0,0,1,0,0,0
2014136__star,0,0,0,0,1,0,0,0,0,0
2014137__star,0,0,0,0,0,0,0,0,0,1
2014138__star,0,0,0,0,0,0,0,0,0,1
2014139__star,0,0,1,0,0,0,0,0,0,0
2014140__star,0,0,0,0,0,0,0,0,0,1
2014141__star,0,0,1,0,0,0,0,0,0,0
2014142__star,0,0,1,0,0,0,0,0,0,0
2014143__star,0,1,0,0,0,0,0,0,0,0
2014144__star,0,0,0,0,0,0,0,1,0,0
2014145__star,0,0,0,0,0,0,1,0,0,0
2014146__star,0,0,0,0,0,0,0,1,0,0
2014147__star,0,0,0,0,0,0,0,0,0,1
2014148__star,0,0,0,0,0,1,0,0,0,0
2014149__star,1,0,0,0,0,0,0,0,0,0
2014150__star,0,0,0,1,0,0,0,0,0,0
2014151__star,0,0,0,0,0,0,0,0,0,1
2014152__star,0,0,0,0,0,0,0,0,1,0
2014153__star,0,0,0,0,0,0,0,1,0,0
2014154__star,0,0,0,0,0,0,1,0,0,0
2014155__star,0,0,0,0,0,0,0,0,0,1
2014156__star,1,0,0,0,0,0,0,0,0,0
2014157__star,0,0,0,0,0,0,0,0,0,1
2015001__star,0,0,1,0,0,0,0,0,0,0
2015002__star,0,0,0,0,0,0,1,0,0,0
2015003__star,1,0,0,0,0,0,0,0,0,0
2015004__star,0,0,0,1,0,0,0,0,0,0
2015005__star,1,0,0,0,0,0,0,0,0,0
2015006__star,0,0,0,0,0,1,0,0,0,0
2015007__star,0,0,0,1,0,0,0,0,0,0
2015008__star,0,0,0,1,0,0,0,0,0,0
2015009__star,0,0,0,0,0,0,0,0,0,1
2015010__star,1,0,0,0,0,0,0,0,0,0
2015011__star,0,0,0,0,0,1,0,0,0,0
2015012__star,1,0,0,0,0,0,0,0,0,0
2015013__star,0,0,0,0,1,0,0,0,0,0
2015014__star,0,0,0,0,0,0,0,0,0,1
2015015__star,0,0,0,1,0,0,0,0,0,0
2015016__star,0,1,0,0,0,0,0,0,0,0
2015017__star,0,1,0,0,0,0,0,0,0,0
2015018__star,0,0,1,0,0,0,0,0,0,0
2015019__star,0,0,0,0,0,0,1,0,0,0
2015020__star,0,1,0,0,0,0,0,0,0,0
2015021__star,0,0,0,0,0,0,1,0,0,0
2015022__star,0,0,0,1,0,0,0,0,0,0
2015023__star,0,1,0,0,0,0,0,0,0,0
2015024__star,1,0,0,0,0,0,0,0,0,0
2015025__star,0,0,0,0,0,1,0,0,0,0
2015026__star,1,0,0,0,0,0,0,0,0,0
2015027__star,0,0,0,1,0,0,0,0,0,0
2015028__star,0,1,0,0,0,0,0,0,0,0
2015029__star,0,0,0,0,1,0,0,0,0,0
2015030__star,0,0,0,1,0,0,0,0,0,0
2015031__star,0,0,0,0,0,0,0,0,0,1
2015032__star,0,0,0,0,0,0,1,0,0,0
2015033__star,0,0,0,0,1,0,0,0,0,0
2015034__star,0,0,0,0,1,0,0,0,0,0
2015035__star,0,0,0,0,0,0,1,0,0,0
2015036__star,0,0,0,0,0,0,1,0,0,0
2015037__star,0,0,0,0,0,0,0,1,0,0
2015038__star,1,0,0,0,0,0,0,0,0,0
2015039__star,0,0,0,1,0,0,0,0,0,0
2015040__star,1,0,0,0,0,0,0,0,0,0
2015041__star,0,0,1,0,0,0,0,0,0,0
2015042__star,0,1,0,0,0,0,0,0,0,0
2015043__star,0,0,0,0,0,0,0,0,1,0
2015044__star,0,1,0,0,0,0,0,0,0,0
2015045__star,0,0,0,0,1,0,0,0,0,0
2015046__star,0,0,1,0,0,0,0,0,0,0
2015047__star,0,1,0,0,0,0,0,0,0,0
2015048__star,0,0,0,0,1,0,0,0,0,0
2015049__star,0,0,0,0,0,1,0,0,0,0
2015050__star,0,0,0,1,0,0,0,0,0,0
2015051__star,0,0,1,0,0,0,0,0,0,0
2015052__star,0,0,0,0,1,0,0,0,0,0
2015053__star,1,0,0,0,0,0,0,0,0,0
2015054__star,0,0,0,0,0,0,0,0,0,1
2015055__star,0,0,1,0,0,0,0,0,0,0
2015056__star,0,0,0,1,0,0,0,0,0,0
2015057__star,0,0,0,0,1,0,0,0,0,0
2015058__star,0,0,1,0,0,0,0,0,0,0
2015059__star,0,0,0,0,1,0,0,0,0,0
2015060__star,0,0,0,0,0,0,0,0,0,1
2015061__star,0,0,0,0,0,0,1,0,0,0
2015062__star,0,0,1,0,0,0,0,0,0,0
2015063__star,0,0,1,0,0,0,0,0,0,0
2015064__star,0,0,0,0,1,0,0,0,0,0
2015065__star,0,1,0,0,0,0,0,0,0,0
2015066__star,0,1,0,0,0,0,0,0,0,0
2015067__star,0,0,1,0,0,0,0,0,0,0
2015068__star,0,0,0,0,0,0,0,0,0,1
2015069__star,0,0,0,0,0,0,0,1,0,0
2015070__star,0,0,0,1,0,0,0,0,0,0
2015071__star,0,1,0,0,0,0,0,0,0,0
2015072__star,1,0,0,0,0,0,0,0,0,0
2015073__star,0,0,0,1,0,0,0,0,0,0
2015074__star,0,1,0,0,0,0,0,0,0,0
2015075__star,0,1,0,0,0,0,0,0,0,0
2015076__star,0,0,0,1,0,0,0,0,0,0
2015077__star,0,0,0,0,0,0,1,0,0,0
2015078__star,0,0,0,0,0,0,0,0,0,1
2015079__star,0,0,1,0,0,0,0,0,0,0
2015080__star,0,0,1,0,0,0,0,0,0,0
2015081__star,0,0,0,0,0,0,1,0,0,0
2015082__star,1,0,0,0,0,0,0,0,0,0
2015083__star,0,0,0,0,0,0,0,1,0,0
2015084__star,0,0,0,0,0,0,0,1,0,0
2015085__star,0,0,1,0,0,0,0,0,0,0
2015086__star,1,0,0,0,0,0,0,0,0,0
2015087__star,1,0,0,0,0,0,0,0,0,0
2015088__star,0,0,0,1,0,0,0,0,0,0
2015089__star,0,0,0,0,1,0,0,0,0,0
2015090__star,0,0,0,0,0,0,0,0,1,0
2015091__star,0,0,0,0,0,0,0,0,1,0
2015092__star,1,0,0,0,0,0,0,0,0,0
2015093__star,0,0,0,1,0,0,0,0,0,0
2015094__star,0,0,0,0,0,0,0,0,1,0
2015095__star,0,0,0,0,1,0,0,0,0,0
2015096__star,0,1,0,0,0,0,0,0,0,0
2015097__star,0,0,0,1,0,0,0,0,0,0
2015098__star,1,0,0,0,0,0,0,0,0,0
2015099__star,0,0,0,1,0,0,0,0,0,0
2015100__star,0,0,0,0,0,0,0,0,1,0
2015101__star,1,0,0,0,0,0,0,0,0,0
2015102__star,0,0,0,0,0,0,0,1,0,0
2015103__star,0,0,0,0,0,0,0,1,0,0
2015104__star,0,0,0,1,0,0,0,0,0,0
2015105__star,0,1,0,0,0,0,0,0,0,0
2015106__star,0,0,0,0,0,0,0,0,1,0
2015107__star,0,0,1,0,0,0,0,0,0,0
2015108__star,0,0,0,0,0,0,1,0,0,0
2015109__star,0,0,0,0,0,0,0,0,0,1
2015110__star,0,1,0,0,0,0,0,0,0,0
2015111__star,0,0,0,0,0,1,0,0,0,0
2015112__star,0,0,0,0,0,0,0,0,1,0
2015113__star,0,0,0,0,1,0,0,0,0,0
2015114__star,0,0,1,0,0,0,0,0,0,0
2015115__star,1,0,0,0,0,0,0,0,0,0
2015116__star,0,0,0,0,0,0,0,1,0,0
2015117__star,0,0,0,0,0,0,1,0,0,0
2015118__star,0,0,0,1,0,0,0,0,0,0
2015119__star,0,0,0,0,0,1,0,0,0,0
2015120__star,0,0,0,0,0,0,0,0,1,0
2015121__star,0,0,0,0,0,0,1,0,0,0
2015122__star,0,0,0,1,0,0,0,0,0,0
2015123__star,0,1,0,0,0,0,0,0,0,0
2015124__star,0,0,0,0,0,0,0,1,0,0
2015125__star,0,0,0,0,0,0,1,0,0,0
2015126__star,0,0,0,0,0,1,0,0,0,0
2015127__star,0,1,0,0,0,0,0,0,0,0
2015128__star,0,0,1,0,0,0,0,0,0,0
2015129__star,0,1,0,0,0,0,0,0,0,0
2015130__star,0,0,0,0,0,0,0,0,0,1
2015131__star,0,0,0,1,0,0,0,0,0,0
2015132__star,0,0,0,0,0,1,0,0,0,0
2015133__star,1,0,0,0,0,0,0,0,0,0
2015134__star,0,0,0,0,0,0,0,0,0,1
2015135__star,0,1,0,0,0,0,0,0,0,0
2015136__star,0,0,0,0,0,0,0,0,0,1
2015137__star,1,0,0,0,0,0,0,0,0,0
2015138__star,1,0,0,0,0,0,0,0,0,0
2015139__star,0,0,0,0,0,0,0,0,0,1
2015140__star,0,0,0,0,0,1,0,0,0,0
2015141__star,0,0,1,0,0,0,0,0,0,0
2015142__star,0,0,0,0,0,0,0,0,1,0
2015143__star,0,0,0,0,0,0,0,0,1,0
2015144__star,0,0,0,0,0,0,1,0,0,0
2015145__star,0,0,0,0,0,0,1,0,0,0
2015146__star,0,0,0,0,0,0,0,0,0,1
2015147__star,0,0,0,0,0,0,1,0,0,0
2015148__star,0,0,0,0,0,0,0,1,0,0
2015149__star,0,0,0,0,0,0,1,0,0,0
2015150__star,0,0,0,0,0,0,0,0,0,1
2015151__star,0,0,0,0,0,0,1,0,0,0
2015152__star,0,0,1,0,0,0,0,0,0,0
2015153__star,0,1,0,0,0,0,0,0,0,0
2015154__star,1,0,0,0,0,0,0,0,0,0
2015155__star,0,0,0,0,0,0,1,0,0,0
2015156__star,0,0,0,0,1,0,0,0,0,0
2016001__star,0,0,0,0,0,0,0,0,0,1
2016002__star,0,0,1,0,0,0,0,0,0,0
2016003__star,0,0,0,1,0,0,0,0,0,0
2016004__star,0,0,0,0,0,1,0,0,0,0
2016005__star,0,0,0,0,0,0,0,0,1,0
2016006__star,0,1,0,0,0,0,0,0,0,0
2016007__star,0,0,0,0,0,1,0,0,0,0
2016008__star,0,0,0,1,0,0,0,0,0,0
2016009__star,0,0,0,0,0,0,0,1,0,0
2016010__star,0,0,1,0,0,0,0,0,0,0
2016011__star,0,0,1,0,0,0,0,0,0,0
2016012__star,0,0,0,0,0,0,0,0,1,0
2016013__star,1,0,0,0,0,0,0,0,0,0
2016014__star,0,0,0,1,0,0,0,0,0,0
2016015__star,0,0,1,0,0,0,0,0,0,0
2016016__star,0,0,0,0,0,0,0,0,1,0
2016017__star,0,0,0,0,0,1,0,0,0,0
2016018__star,0,0,0,0,0,0,0,0,0,1
2016019__star,0,0,0,1,0,0,0,0,0,0
2016020__star,0,0,0,0,1,0,0,0,0,0
2016021__star,0,0,0,0,0,0,0,0,0,1
2016022__star,0,0,0,0,0,0,0,1,0,0
2016023__star,0,0,0,0,1,0,0,0,0,0
2016024__star,0,0,0,0,0,0,1,0,0,0
2016025__star,0,0,0,0,0,1,0,0,0,0
2016026__star,1,0,0,0,0,0,0,0,0,0
2016027__star,0,1,0,0,0,0,0,0,0,0
2016028__star,0,0,0,0,0,1,0,0,0,0
2016029__star,1,0,0,0,0,0,0,0,0,0
2016030__star,0,1,0,0,0,0,0,0,0,0
2016031__star,0,0,0,0,0,1,0,0,0,0
2016032__star,0,0,0,0,0,0,0,1,0,0
2016033__star,0,0,0,0,0,0,0,0,0,1
2016034__star,0,0,0,0,1,0,0,0,0,0
2016035__star,0,1,0,0,0,0,0,0,0,0
2016036__star,0,0,0,0,0,0,0,0,1,0
2016037__star,1,0,0,0,0,0,0,0,0,0
2016038__star,0,1,0,0,0,0,0,0,0,0
2016039__star,0,0,0,0,0,1,0,0,0,0
2016040__star,1,0,0,0,0,0,0,0,0,0
2016041__star,0,0,1,0,0,0,0,0,0,0
2016042__star,0,0,0,0,1,0,0,0,0,0
2016043__star,0,0,0,0,0,1,0,0,0,0
2016044__star,0,1,0,0,0,0,0,0,0,0
2016045__star,0,0,0,1,0,0,0,0,0,0
2016046__star,0,0,0,0,0,0,0,0,1,0
2016047__star,0,0,0,0,0,0,1,0,0,0
2016048__star,0,0,0,0,0,0,0,0,1,0
2016049__star,0,0,0,0,0,0,1,0,0,0
2016050__star,0,0,0,0,0,1,0,0,0,0
2016051__star,0,0,0,0,0,0,0,0,0,1
2016052__star,0,0,0,0,0,0,1,0,0,0
2016053__star,0,0,0,0,0,1,0,0,0,0
2016054__star,0,0,0,0,0,0,0,0,1,0
2016055__star,0,0,0,1,0,0,0,0,0,0
2016056__star,1,0,0,0,0,0,0,0,0,0
2016057__star,0,0,0,0,0,0,0,0,0,1
2016058__star,0,0,0,0,1,0,0,0,0,0
2016059__star,1,0,0,0,0,0,0,0,0,0
2016060__star,0,0,0,0,0,0,0,0,1,0
2016061__star,0,0,0,1,0,0,0,0,0,0
2016062__star,0,1,0,0,0,0,0,0,0,0
2016063__star,0,0,1,0,0,0,0,0,0,0
2016064__star,0,0,0,0,0,1,0,0,0,0
2016065__star,0,0,1,0,0,0,0,0,0,0
2016066__star,0,0,0,0,0,0,0,0,0,1
2016067__star,1,0,0,0,0,0,0,0,0,0
2016068__star,0,0,0,0,1,0,0,0,0,0
2016069__star,0,0,0,0,0,0,0,0,1,0
2016070__star,0,0,0,0,0,1,0,0,0,0
2016071__star,0,0,0,0,0,0,0,1,0,0
2016072__star,0,0,0,0,0,0,0,0,0,1
2016073__star,0,0,1,0,0,0,0,0,0,0
2016074__star,0,0,0,0,0,0,0,0,0,1
2016075__star,0,0,0,0,0,0,0,0,1,0
2016076__star,0,0,1,0,0,0,0,0,0,0
2016077__star,0,0,0,0,0,0,1,0,0,0
2016078__star,0,0,0,0,0,0,0,0,0,1
2016079__star,0,0,0,0,1,0,0,0,0,0
2016080__star,1,0,0,0,0,0,0,0,0,0
2016081__star,0,0,0,0,0,0,0,1,0,0
2016082__star,0,0,0,0,0,0,0,0,0,1
2016083__star,0,0,0,1,0,0,0,0,0,0
2016084__star,0,0,0,0,0,0,0,0,0,1
2016085__star,0,0,0,1,0,0,0,0,0,0
2016086__star,0,0,0,0,0,0,1,0,0,0
2016087__star,1,0,0,0,0,0,0,0,0,0
2016088__star,0,0,0,0,0,0,0,0,0,1
2016089__star,0,0,0,1,0,0,0,0,0,0
2016090__star,0,0,0,0,0,1,0,0,0,0
2016091__star,0,0,0,0,0,0,0,0,1,0
2016092__star,0,0,0,0,0,0,1,0,0,0
2016093__star,0,0,1,0,0,0,0,0,0,0
2016094__star,0,0,0,0,0,0,0,0,0,1
2016095__star,0,0,0,0,0,0,1,0,0,0
2016096__star,0,0,1,0,0,0,0,0,0,0
2016097__star,0,0,0,0,0,1,0,0,0,0
2016098__star,0,0,0,0,0,0,1,0,0,0
2016099__star,0,0,0,1,0,0,0,0,0,0
2016100__star,0,0,0,0,0,0,0,0,1,0
2016101__star,0,0,0,0,0,0,1,0,0,0
2016102__star,0,1,0,0,0,0,0,0,0,0
2016103__star,0,0,0,0,0,0,0,1,0,0
2016104__star,0,1,0,0,0,0,0,0,0,0
2016105__star,1,0,0,0,0,0,0,0,0,0
2016106__star,0,0,0,0,1,0,0,0,0,0
2016107__star,0,0,0,1,0,0,0,0,0,0
2016108__star,0,0,0,0,0,0,0,0,1,0
2016109__star,0,0,0,0,0,1,0,0,0,0
2016110__star,0,0,0,0,0,0,0,0,0,1
2016111__star,0,0,0,0,0,0,1,0,0,0
2016112__star,0,1,0,0,0,0,0,0,0,0
2016113__star,0,0,0,0,0,0,0,0,0,1
2016114__star,0,0,0,0,0,0,0,0,0,1
2016115__star,0,0,0,0,0,0,0,0,0,1
2016116__star,0,0,0,0,0,0,1,0,0,0
2016117__star,0,0,1,0,0,0,0,0,0,0
2016118__star,1,0,0,0,0,0,0,0,0,0
2016119__star,0,0,0,0,0,0,0,0,0,1
2016120__star,0,0,1,0,0,0,0,0,0,0
2016121__star,0,0,0,0,0,0,0,0,1,0
2016122__star,0,1,0,0,0,0,0,0,0,0
2016123__star,0,1,0,0,0,0,0,0,0,0
2016124__star,0,0,0,0,0,0,1,0,0,0
2016125__star,0,0,0,1,0,0,0,0,0,0
2016126__star,1,0,0,0,0,0,0,0,0,0
2016127__star,0,0,0,0,0,0,0,1,0,0
2016128__star,0,0,0,0,0,0,1,0,0,0
2016129__star,0,0,0,0,0,0,0,0,0,1
2016130__star,0,0,0,1,0,0,0,0,0,0
2016131__star,0,0,0,1,0,0,0,0,0,0
2016132__star,0,0,0,0,0,0,0,0,0,1
2016133__star,0,0,0,0,1,0,0,0,0,0
2016134__star,0,0,0,0,0,1,0,0,0,0
2016135__star,0,0,0,0,1,0,0,0,0,0
2016136__star,0,0,0,0,0,0,0,1,0,0
2016137__star,0,1,0,0,0,0,0,0,0,0
2016138__star,0,0,0,0,0,0,1,0,0,0
2016139__star,0,0,0,0,0,0,1,0,0,0
2016140__star,0,0,0,0,0,0,0,1,0,0
2016141__star,0,0,0,0,0,0,1,0,0,0
2016142__star,0,0,0,0,0,0,1,0,0,0
2016143__star,0,0,0,0,0,1,0,0,0,0
2016144__star,0,0,0,0,1,0,0,0,0,0
2016145__star,0,0,0,0,0,0,1,0,0,0
2016146__star,0,0,0,1,0,0,0,0,0,0
2016147__star,0,0,1,0,0,0,0,0,0,0
2016148__star,0,0,0,0,0,0,0,0,1,0
2016149__star,0,0,0,0,0,1,0,0,0,0
2016150__star,0,0,0,0,0,0,1,0,0,0
2016151__star,0,0,0,0,1,0,0,0,0,0
2016152__star,0,0,0,0,0,0,1,0,0,0
2016153__star,0,0,0,0,0,1,0,0,0,0
2016154__star,1,0,0,0,0,0,0,0,0,0
2016155__star,0,0,0,0,0,1,0,0,0,0
2016156__star,0,0,0,1,0,0,0,0,0,0
2016157__star,0,0,0,0,0,0,0,1,0,0
2017001__star,0,0,0,0,1,0,0,0,0,0
2017002__star,0,0,0,0,0,0,1,0,0,0
2017003__star,0,0,0,0,0,0,0,1,0,0
2017004__star,0,0,0,0,0,0,1,0,0,0
2017005__star,0,0,1,0,0,0,0,0,0,0
2017006__star,1,0,0,0,0,0,0,0,0,0
2017007__star,0,0,0,0,1,0,0,0,0,0
2017008__star,0,0,0,1,0,0,0,0,0,0
2017009__star,0,0,0,0,0,1,0,0,0,0
2017010__star,0,0,0,0,0,0,0,0,1,0
2017011__star,0,1,0,0,0,0,0,0,0,0
2017012__star,0,0,0,0,1,0,0,0,0,0
2017013__star,0,0,0,1,0,0,0,0,0,0
2017014__star,0,0,0,0,0,0,1,0,0,0
2017015__star,0,0,0,0,0,0,1,0,0,0
2017016__star,0,1,0,0,0,0,0,0,0,0
2017017__star,0,0,0,0,0,1,0,0,0,0
2017018__star,0,0,1,0,0,0,0,0,0,0
2017019__star,0,0,1,0,0,0,0,0,0,0
2017020__star,0,0,0,0,0,0,0,0,0,1
2017021__star,0,0,0,1,0,0,0,0,0,0
2017022__star,0,0,0,0,0,0,0,0,0,1
2017023__star,0,0,0,0,0,0,0,0,0,1
2017024__star,0,1,0,0,0,0,0,0,0,0
2017025__star,0,0,0,0,1,0,0,0,0,0
2017026__star,0,0,0,0,1,0,0,0,0,0
2017027__star,0,0,0,1,0,0,0,0,0,0
2017028__star,0,0,0,0,0,0,0,0,1,0
2017029__star,0,1,0,0,0,0,0,0,0,0
2017030__star,0,0,0,0,0,0,1,0,0,0
2017031__star,0,0,1,0,0,0,0,0,0,0
2017032__star,0,0,0,0,0,0,0,1,0,0
2017033__star,0,1,0,0,0,0,0,0,0,0
2017034__star,1,0,0,0,0,0,0,0,0,0
2017035__star,0,0,0,0,1,0,0,0,0,0
2017036__star,1,0,0,0,0,0,0,0,0,0
2017037__star,0,0,0,0,0,0,0,1,0,0
2017038__star,0,0,0,0,1,0,0,0,0,0
2017039__star,0,0,0,0,0,0,0,0,1,0
2017040__star,0,0,1,0,0,0,0,0,0,0
2017041__star,0,0,0,0,0,0,0,0,0,1
2017042__star,0,0,0,0,1,0,0,0,0,0
2017043__star,0,1,0,0,0,0,0,0,0,0
2017044__star,0,0,0,0,0,0,1,0,0,0
2017045__star,0,0,0,0,1,0,0,0,0,0
2017046__star,0,0,0,0,0,0,1,0,0,0
2017047__star,0,0,0,0,0,0,0,0,1,0
2017048__star,0,0,0,0,1,0,0,0,0,0
2017049__star,0,0,0,0,0,0,0,0,1,0
2017050__star,0,0,0,0,1,0,0,0,0,0
2017051__star,0,0,0,0,0,0,0,0,1,0
2017052__star,0,0,0,0,0,1,0,0,0,0
2017053__star,0,0,1,0,0,0,0,0,0,0
2017054__star,0,0,0,0,1,0,0,0,0,0
2017055__star,0,0,0,0,0,1,0,0,0,0
2017056__star,0,0,0,0,0,0,0,0,1,0
2017057__star,0,0,0,0,0,0,0,0,0,1
2017058__star,1,0,0,0,0,0,0,0,0,0
2017059__star,0,0,0,0,0,0,1,0,0,0
2017060__star,0,0,1,0,0,0,0,0,0,0
2017061__star,0,0,0,0,0,0,0,0,0,1
2017062__star,0,0,0,0,1,0,0,0,0,0
2017063__star,0,0,0,0,0,0,0,1,0,0
2017064__star,0,0,0,0,0,0,0,0,1,0
2017065__star,1,0,0,0,0,0,0,0,0,0
2017066__star,0,0,1,0,0,0,0,0,0,0
2017067__star,0,0,0,0,0,0,1,0,0,0
2017068__star,0,0,0,0,1,0,0,0,0,0
2017069__star,0,0,0,0,0,0,0,0,0,1
2017070__star,0,0,0,0,1,0,0,0,0,0
2017071__star,0,0,0,0,1,0,0,0,0,0
2017072__star,0,0,1,0,0,0,0,0,0,0
2017073__star,0,0,0,0,0,0,0,0,1,0
2017074__star,0,0,0,0,0,1,0,0,0,0
2017075__star,0,0,0,0,1,0,0,0,0,0
2017076__star,0,0,0,0,0,0,0,0,1,0
2017077__star,1,0,0,0,0,0,0,0,0,0
2017078__star,0,0,0,0,0,0,0,1,0,0
2017079__star,0,1,0,0,0,0,0,0,0,0
2017080__star,0,0,0,0,0,1,0,0,0,0
2017081__star,0,0,0,0,0,0,0,0,0,1
2017082__star,0,0,0,1,0,0,0,0,0,0
2017083__star,0,0,0,0,1,0,0,0,0,0
2017084__star,0,1,0,0,0,0,0,0,0,0
2017085__star,0,1,0,0,0,0,0,0,0,0
2017086__star,0,0,0,0,0,0,1,0,0,0
2017087__star,0,0,0,0,0,0,0,0,1,0
2017088__star,0,0,1,0,0,0,0,0,0,0
2017089__star,0,1,0,0,0,0,0,0,0,0
2017090__star,1,0,0,0,0,0,0,0,0,0
2017091__star,0,0,0,0,0,0,1,0,0,0
2017092__star,0,0,0,0,0,0,1,0,0,0
2017093__star,0,1,0,0,0,0,0,0,0,0
2017094__star,0,0,0,1,0,0,0,0,0,0
2017095__star,1,0,0,0,0,0,0,0,0,0
2017096__star,0,0,0,0,0,0,0,0,0,1
2017097__star,0,0,0,1,0,0,0,0,0,0
2017098__star,0,0,0,1,0,0,0,0,0,0
2017099__star,0,0,0,0,0,0,1,0,0,0
2017100__star,0,0,0,0,1,0,0,0,0,0
2017101__star,0,0,0,0,0,0,1,0,0,0
2017102__star,0,0,1,0,0,0,0,0,0,0
2017103__star,0,0,0,0,0,1,0,0,0,0
2017104__star,0,0,0,0,0,0,0,0,1,0
2017105__star,0,0,0,0,0,0,1,0,0,0
2017106__star,0,0,0,0,0,0,0,0,1,0
2017107__star,0,0,0,1,0,0,0,0,0,0
2017108__star,1,0,0,0,0,0,0,0,0,0
2017109__star,0,0,0,0,0,0,0,0,1,0
2017110__star,1,0,0,0,0,0,0,0,0,0
2017111__star,0,0,0,0,1,0,0,0,0,0
2017112__star,0,0,0,0,0,0,0,0,1,0
2017113__star,0,0,0,0,0,1,0,0,0,0
2017114__star,0,0,0,1,0,0,0,0,0,0
2017115__star,0,0,0,0,0,1,0,0,0,0
2017116__star,0,0,0,1,0,0,0,0,0,0
2017117__star,0,0,0,0,0,0,1,0,0,0
2017118__star,0,0,0,0,0,0,1,0,0,0
2017119__star,0,0,0,0,0,0,0,0,1,0
2017120__star,0,0,1,0,0,0,0,0,0,0
2017121__star,0,0,0,0,0,0,0,0,1,0
2017122__star,0,0,0,1,0,0,0,0,0,0
2017123__star,0,0,1,0,0,0,0,0,0,0
2017124__star,0,0,0,0,0,0,0,1,0,0
2017125__star,0,0,0,0,0,0,1,0,0,0
2017126__star,0,0,0,0,0,0,0,1,0,0
2017127__star,0,0,1,0,0,0,0,0,0,0
2017128__star,0,0,0,0,0,0,0,1,0,0
2017129__star,0,0,0,0,0,0,0,1,0,0
2017130__star,0,0,0,0,1,0,0,0,0,0
2017131__star,1,0,0,0,0,0,0,0,0,0
2017132__star,0,0,0,0,0,0,1,0,0,0
2017133__star,1,0,0,0,0,0,0,0,0,0
2017134__star,0,0,0,0,1,0,0,0,0,0
2017135__star,0,0,1,0,0,0,0,0,0,0
2017136__star,0,0,0,0,1,0,0,0,0,0
2017137__star,0,0,0,0,0,1,0,0,0,0
2017138__star,1,0,0,0,0,0,0,0,0,0
2017139__star,0,0,1,0,0,0,0,0,0,0
2017140__star,0,0,0,0,0,0,0,1,0,0
2017141__star,0,0,0,0,0,0,0,0,0,1
2017142__star,0,0,0,0,0,1,0,0,0,0
2017143__star,0,0,0,1,0,0,0,0,0,0
2017144__star,1,0,0,0,0,0,0,0,0,0
2017145__star,0,0,0,0,0,0,0,1,0,0
2017146__star,1,0,0,0,0,0,0,0,0,0
2017147__star,0,0,0,0,0,0,0,1,0,0
2017148__star,0,0,0,1,0,0,0,0,0,0
2017149__star,0,0,0,0,0,0,0,1,0,0
2017150__star,0,0,0,0,0,1,0,0,0,0
2017151__star,0,0,0,0,0,0,0,0,1,0
2017152__star,0,0,0,0,0,0,0,0,1,0
2017153__star,0,0,0,0,0,0,0,0,0,1
2017154__star,0,0,0,0,0,0,0,1,0,0
2017155__star,0,0,0,0,0,0,0,1,0,0
2017156__star,0,0,0,0,0,0,0,1,0,0
2018001__star,1,0,0,0,0,0,0,0,0,0
2018002__star,0,0,0,1,0,0,0,0,0,0
2018003__star,0,0,0,0,0,0,0,0,1,0
2018004__star,0,1,0,0,0,0,0,0,0,0
2018005__star,0,0,1,0,0,0,0,0,0,0
2018006__star,0,0,0,0,0,0,0,0,0,1
2018007__star,0,1,0,0,0,0,0,0,0,0
2018008__star,0,0,1,0,0,0,0,0,0,0
2018009__star,0,0,0,0,0,0,1,0,0,0
2018010__star,0,1,0,0,0,0,0,0,0,0
2018011__star,0,0,0,0,1,0,0,0,0,0
2018012__star,0,0,0,0,0,0,0,0,0,1
2018013__star,0,0,0,0,0,1,0,0,0,0
2018014__star,1,0,0,0,0,0,0,0,0,0
2018015__star,0,0,0,1,0,0,0,0,0,0
2018016__star,0,0,0,0,0,0,1,0,0,0
2018017__star,0,0,1,0,0,0,0,0,0,0
2018018__star,0,0,0,0,1,0,0,0,0,0
2018019__star,0,0,0,0,0,0,0,0,1,0
2018020__star,0,0,0,1,0,0,0,0,0,0
2018021__star,0,0,0,0,0,0,0,0,1,0
2018022__star,0,1,0,0,0,0,0,0,0,0
2018023__star,1,0,0,0,0,0,0,0,0,0
2018024__star,0,0,1,0,0,0,0,0,0,0
2018025__star,0,0,1,0,0,0,0,0,0,0
2018026__star,0,0,0,0,0,0,1,0,0,0
2018027__star,0,0,0,0,0,0,0,0,1,0
2018028__star,0,0,0,0,0,0,0,0,1,0
2018029__star,0,0,0,0,1,0,0,0,0,0
2018030__star,0,0,0,0,0,1,0,0,0,0
2018031__star,0,0,0,0,0,0,0,1,0,0
2018032__star,0,0,0,0,0,0,0,0,0,1
2018033__star,0,0,0,0,0,0,0,0,1,0
2018034__star,0,0,0,0,0,0,0,0,0,1
2018035__star,0,1,0,0,0,0,0,0,0,0
2018036__star,0,0,0,0,0,0,0,0,1,0
2018037__star,0,0,0,0,0,0,0,0,0,1
2018038__star,0,0,0,0,0,0,0,0,0,1
2018039__star,0,0,0,0,0,0,0,1,0,0
2018040__star,0,1,0,0,0,0,0,0,0,0
2018041__star,0,0,0,0,0,1,0,0,0,0
2018042__star,0,0,0,0,0,0,1,0,0,0
2018043__star,0,0,0,0,0,1,0,0,0,0
2018044__star,0,0,0,0,0,0,0,1,0,0
2018045__star,0,0,0,0,0,0,1,0,0,0
2018046__star,0,0,0,0,1,0,0,0,0,0
2018047__star,0,0,0,0,0,0,0,1,0,0
2018048__star,0,0,0,0,1,0,0,0,0,0
2018049__star,0,0,0,0,0,0,0,1,0,0
2018050__star,1,0,0,0,0,0,0,0,0,0
2018051__star,0,1,0,0,0,0,0,0,0,0
2018052__star,0,0,0,0,0,0,1,0,0,0
2018053__star,0,0,0,0,0,0,0,0,0,1
2018054__star,0,0,0,0,1,0,0,0,0,0
2018055__star,0,0,0,0,0,1,0,0,0,0
2018056__star,0,0,0,0,0,1,0,0,0,0
2018057__star,0,0,0,0,0,0,0,0,0,1
2018058__star,0,0,0,0,0,0,0,1,0,0
2018059__star,0,0,0,0,0,0,0,1,0,0
2018060__star,0,0,0,0,0,0,0,0,1,0
2018061__star,0,0,0,0,1,0,0,0,0,0
2018062__star,0,0,0,0,0,0,0,0,1,0
2018063__star,0,0,0,0,0,0,0,1,0,0
2018064__star,0,0,0,0,0,0,0,0,0,1
2018065__star,0,0,0,0,0,1,0,0,0,0
2018066__star,0,0,0,1,0,0,0,0,0,0
2018067__star,0,1,0,0,0,0,0,0,0,0
2018068__star,0,1,0,0,0,0,0,0,0,0
2018069__star,0,0,0,0,0,0,0,0,0,1
2018070__star,0,0,0,1,0,0,0,0,0,0
2018071__star,1,0,0,0,0,0,0,0,0,0
2018072__star,0,0,0,0,0,0,0,0,1,0
2018073__star,0,0,0,0,0,0,0,1,0,0
2018074__star,0,0,1,0,0,0,0,0,0,0
2018075__star,0,0,0,0,0,0,0,0,0,1
2018076__star,0,0,0,0,1,0,0,0,0,0
2018077__star,0,0,0,0,0,0,0,0,0,1
2018078__star,0,0,0,0,0,0,1,0,0,0
2018079__star,0,0,0,0,0,0,0,1,0,0
2018080__star,0,0,0,0,1,0,0,0,0,0
2018081__star,0,0,0,0,0,0,0,0,0,1
2018082__star,1,0,0,0,0,0,0,0,0,0
2018083__star,0,0,0,1,0,0,0,0,0,0
2018084__star,0,0,1,0,0,0,0,0,0,0
2018085__star,1,0,0,0,0,0,0,0,0,0
2018086__star,0,0,0,0,0,0,1,0,0,0
2018087__star,0,0,0,0,0,0,0,0,0,1
2018088__star,0,0,0,0,0,1,0,0,0,0
2018089__star,0,0,1,0,0,0,0,0,0,0
2018090__star,0,0,0,0,0,0,0,0,0,1
2018091__star,0,1,0,0,0,0,0,0,0,0
2018092__star,0,0,0,1,0,0,0,0,0,0
2018093__star,0,0,1,0,0,0,0,0,0,0
2018094__star,0,0,0,0,0,1,0,0,0,0
2018095__star,0,0,0,0,0,0,0,1,0,0
2018096__star,0,0,0,0,1,0,0,0,0,0
2018097__star,0,0,0,0,0,1,0,0,0,0
2018098__star,0,0,0,0,0,0,0,1,0,0
2018099__star,0,0,0,0,0,0,0,1,0,0
2018100__star,0,0,0,0,0,0,0,0,0,1
2018101__star,0,0,1,0,0,0,0,0,0,0
2018102__star,0,0,1,0,0,0,0,0,0,0
2018103__star,0,1,0,0,0,0,0,0,0,0
2018104__star,1,0,0,0,0,0,0,0,0,0
2018105__star,0,0,0,0,0,1,0,0,0,0
2018106__star,0,0,0,0,0,0,0,0,0,1
2018107__star,1,0,0,0,0,0,0,0,0,0
2018108__star,0,0,0,0,0,0,0,0,0,1
2018109__star,0,0,0,0,0,0,0,0,0,1
2018110__star,0,0,0,0,0,0,0,0,1,0
2018111__star,0,0,0,0,1,0,0,0,0,0
2018112__star,0,0,0,0,1,0,0,0,0,0
2018113__star,0,0,0,0,1,0,0,0,0,0
2018114__star,0,0,0,0,0,0,0,0,1,0
2018115__star,0,0,1,0,0,0,0,0,0,0
2018116__star,0,0,1,0,0,0,0,0,0,0
2018117__star,0,0,0,1,0,0,0,0,0,0
2018118__star,0,0,0,1,0,0,0,0,0,0
2018119__star,0,0,0,0,0,0,0,1,0,0
2018120__star,0,0,0,0,0,0,0,0,1,0
2018121__star,0,1,0,0,0,0,0,0,0,0
2018122__star,0,0,1,0,0,0,0,0,0,0
2018123__star,0,0,0,0,0,0,0,1,0,0
2018124__star,0,0,0,0,1,0,0,0,0,0
2018125__star,1,0,0,0,0,0,0,0,0,0
2018126__star,0,0,0,0,0,0,0,1,0,0
2018127__star,0,0,0,0,0,1,0,0,0,0
2018128__star,0,0,0,0,0,1,0,0,0,0
2018129__star,0,0,0,0,0,0,0,0,1,0
2018130__star,0,0,0,0,0,0,1,0,0,0
2018131__star,0,0,0,1,0,0,0,0,0,0
2018132__star,0,1,0,0,0,0,0,0,0,0
2018133__star,0,0,0,0,0,0,0,1,0,0
2018134__star,0,0,0,0,0,0,0,1,0,0
2018135__star,0,0,0,0,0,0,1,0,0,0
2018136__star,0,0,0,0,0,0,1,0,0,0
2018137__star,0,0,0,0,1,0,0,0,0,0
2018138__star,0,0,0,0,0,0,1,0,0,0
2018139__star,0,0,0,0,0,0,1,0,0,0
2018140__star,0,0,0,0,0,0,0,0,0,1
2018141__star,0,0,0,0,1,0,0,0,0,0
2018142__star,0,1,0,0,0,0,0,0,0,0
2018143__star,0,0,0,0,0,1,0,0,0,0
2018144__star,0,1,0,0,0,0,0,0,0,0
2018145__star,0,0,0,0,1,0,0,0,0,0
2018146__star,0,0,0,0,0,0,0,0,1,0
2018147__star,0,0,0,0,0,0,0,1,0,0
2018148__star,0,0,0,0,0,0,0,0,0,1
2018149__star,0,0,0,0,1,0,0,0,0,0
2018150__star,0,0,0,0,0,1,0,0,0,0
2018151__star,0,0,0,0,0,0,0,0,1,0
2018152__star,0,0,1,0,0,0,0,0,0,0
2018153__star,0,0,0,0,1,0,0,0,0,0
2018154__star,0,1,0,0,0,0,0,0,0,0
2018155__star,0,0,0,0,0,0,0,0,0,1
2018156__star,0,0,0,0,1,0,0,0,0,0
2018157__star,0,0,0,0,0,0,0,0,0,1
2019001__star,0,0,0,0,0,0,1,0,0,0
2019002__star,0,0,0,0,0,0,1,0,0,0
2019003__star,0,0,0,0,0,0,0,0,0,1
2019004__star,0,0,0,0,0,0,0,0,0,1
2019005__star,0,0,0,0,0,0,0,1,0,0
2019006__star,0,0,0,0,0,0,0,0,0,1
2019007__star,0,0,1,0,0,0,0,0,0,0
2019008__star,0,0,0,0,0,0,1,0,0,0
2019009__star,0,0,0,0,0,1,0,0,0,0
2019010__star,0,0,0,0,0,0,0,0,0,1
2019011__star,0,1,0,0,0,0,0,0,0,0
2019012__star,0,0,0,0,0,1,0,0,0,0
2019013__star,0,0,0,0,0,0,0,0,1,0
2019014__star,0,0,1,0,0,0,0,0,0,0
2019015__star,1,0,0,0,0,0,0,0,0,0
2019016__star,0,0,0,0,0,0,0,0,0,1
2019017__star,0,0,0,0,0,0,0,0,1,0
2019018__star,0,0,0,0,1,0,0,0,0,0
2019019__star,0,0,1,0,0,0,0,0,0,0
2019020__star,0,0,0,0,0,0,1,0,0,0
2019021__star,0,0,0,0,0,0,0,0,1,0
2019022__star,1,0,0,0,0,0,0,0,0,0
2019023__star,0,0,0,0,1,0,0,0,0,0
2019024__star,0,0,0,0,0,0,1,0,0,0
2019025__star,0,1,0,0,0,0,0,0,0,0
2019026__star,0,0,0,0,0,0,0,0,1,0
2019027__star,0,1,0,0,0,0,0,0,0,0
2019028__star,0,0,0,0,1,0,0,0,0,0
2019029__star,0,0,0,0,0,0,0,0,0,1
2019030__star,1,0,0,0,0,0,0,0,0,0
2019031__star,0,0,1,0,0,0,0,0,0,0
2019032__star,1,0,0,0,0,0,0,0,0,0
2019033__star,0,0,0,0,0,1,0,0,0,0
2019034__star,0,0,0,0,0,0,0,1,0,0
2019035__star,0,0,0,0,0,1,0,0,0,0
2019036__star,0,1,0,0,0,0,0,0,0,0
2019037__star,1,0,0,0,0,0,0,0,0,0
2019038__star,0,0,1,0,0,0,0,0,0,0
2019039__star,0,0,0,0,0,0,0,0,0,1
2019040__star,0,0,1,0,0,0,0,0,0,0
2019041__star,0,0,0,0,0,0,1,0,0,0
2019042__star,0,0,0,0,0,0,0,0,1,0
2019043__star,0,0,0,0,1,0,0,0,0,0
2019044__star,0,0,0,0,0,0,0,1,0,0
2019045__star,0,0,0,0,0,1,0,0,0,0
2019046__star,0,0,1,0,0,0,0,0,0,0
2019047__star,0,0,1,0,0,0,0,0,0,0
2019048__star,0,0,0,0,0,0,1,0,0,0
2019049__star,0,0,1,0,0,0,0,0,0,0
2019050__star,0,1,0,0,0,0,0,0,0,0
2019051__star,0,1,0,0,0,0,0,0,0,0
2019052__star,0,0,0,0,0,0,0,1,0,0
2019053__star,0,0,0,0,0,0,0,0,1,0
2019054__star,0,0,1,0,0,0,0,0,0,0
2019055__star,0,0,0,0,1,0,0,0,0,0
2019056__star,0,1,0,0,0,0,0,0,0,0
2019057__star,0,0,0,1,0,0,0,0,0,0
2019058__star,1,0,0,0,0,0,0,0,0,0
2019059__star,0,0,0,0,1,0,0,0,0,0
2019060__star,1,0,0,0,0,0,0,0,0,0
2019061__star,1,0,0,0,0,0,0,0,0,0
2019062__star,0,0,0,0,0,0,0,0,0,1
2019063__star,0,0,0,0,0,0,0,0,1,0
2019064__star,0,1,0,0,0,0,0,0,0,0
2019065__star,0,0,1,0,0,0,0,0,0,0
2019066__star,1,0,0,0,0,0,0,0,0,0
2019067__star,0,0,0,0,0,0,1,0,0,0
2019068__star,1,0,0,0,0,0,0,0,0,0
2019069__star,0,0,0,0,0,0,0,1,0,0
2019070__star,0,0,0,0,0,0,0,0,1,0
2019071__star,0,0,0,0,0,1,0,0,0,0
2019072__star,0,1,0,0,0,0,0,0,0,0
2019073__star,0,0,0,0,1,0,0,0,0,0
2019074__star,0,1,0,0,0,0,0,0,0,0
2019075__star,0,0,0,0,0,1,0,0,0,0
2019076__star,0,0,0,0,0,0,0,0,0,1
2019077__star,0,0,1,0,0,0,0,0,0,0
2019078__star,0,0,1,0,0,0,0,0,0,0
2019079__star,0,0,0,0,0,0,0,1,0,0
2019080__star,0,0,0,0,0,0,0,0,0,1
2019081__star,0,0,0,0,0,0,0,0,0,1
2019082__star,0,0,0,0,0,1,0,0,0,0
2019083__star,0,0,0,0,0,0,0,0,0,1
2019084__star,0,0,0,1,0,0,0,0,0,0
2019085__star,0,0,0,0,0,0,0,1,0,0
2019086__star,0,0,0,0,0,1,0,0,0,0
2019087__star,0,0,1,0,0,0,0,0,0,0
2019088__star,0,0,0,0,0,0,0,0,0,1
2019089__star,0,0,0,0,0,0,0,1,0,0
2019090__star,0,0,1,0,0,0,0,0,0,0
2019091__star,0,0,0,0,1,0,0,0,0,0
2019092__star,0,0,0,1,0,0,0,0,0,0
2019093__star,0,0,0,0,0,0,0,0,1,0
2019094__star,0,0,0,1,0,0,0,0,0,0
2019095__star,0,0,1,0,0,0,0,0,0,0
2019096__star,0,0,0,0,0,0,0,0,0,1
2019097__star,0,1,0,0,0,0,0,0,0,0
2019098__star,0,1,0,0,0,0,0,0,0,0
2019099__star,0,0,1,0,0,0,0,0,0,0
2019100__star,0,0,0,0,0,0,0,1,0,0
2019101__star,0,0,0,1,0,0,0,0,0,0
2019102__star,0,0,0,0,0,1,0,0,0,0
2019103__star,0,0,0,0,1,0,0,0,0,0
2019104__star,0,0,0,1,0,0,0,0,0,0
2019105__star,0,0,0,1,0,0,0,0,0,0
2019106__star,0,0,1,0,0,0,0,0,0,0
2019107__star,0,1,0,0,0,0,0,0,0,0
2019108__star,0,0,0,0,0,0,0,1,0,0
2019109__star,0,0,0,0,0,0,0,0,0,1
2019110__star,0,0,0,0,0,0,0,0,1,0
2019111__star,0,0,0,0,1,0,0,0,0,0
2019112__star,0,0,0,0,0,0,0,0,0,1
2019113__star,0,0,0,0,0,0,0,0,0,1
2019114__star,0,0,0,1,0,0,0,0,0,0
2019115__star,0,0,1,0,0,0,0,0,0,0
2019116__star,0,0,0,0,1,0,0,0,0,0
2019117__star,0,1,0,0,0,0,0,0,0,0
2019118__star,0,0,1,0,0,0,0,0,0,0
2019119__star,0,0,0,0,1,0,0,0,0,0
2019120__star,0,0,0,0,1,0,0,0,0,0
2019121__star,0,0,0,0,1,0,0,0,0,0
2019122__star,0,0,0,0,0,0,0,0,1,0
2019123__star,0,0,0,0,0,0,0,0,1,0
2019124__star,0,1,0,0,0,0,0,0,0,0
2019125__star,0,0,0,0,0,0,0,1,0,0
2019126__star,0,0,0,1,0,0,0,0,0,0
2019127__star,1,0,0,0,0,0,0,0,0,0
2019128__star,0,0,0,0,0,0,0,0,1,0
2019129__star,0,0,0,1,0,0,0,0,0,0
2019130__star,1,0,0,0,0,0,0,0,0,0
2019131__star,0,0,1,0,0,0,0,0,0,0
20199133__star,0,0,0,0,0,0,0,0,0,1
20199134__star,0,0,1,0,0,0,0,0,0,0
20199135__star,0,0,0,0,1,0,0,0,0,0
20199136__star,1,0,0,0,0,0,0,0,0,0
20199137__star,0,0,0,0,0,0,0,0,1,0
20199138__star,0,0,0,0,0,0,1,0,0,0
20199139__star,0,0,1,0,0,0,0,0,0,0
20199140__star,0,0,0,1,0,0,0,0,0,0
20199141__star,0,0,0,0,0,0,0,1,0,0
20199142__star,0,0,0,1,0,0,0,0,0,0
20199143__star,0,0,1,0,0,0,0,0,0,0
20199144__star,0,0,0,0,0,0,0,0,1,0
20199145__star,0,1,0,0,0,0,0,0,0,0
20199146__star,0,0,0,0,0,0,0,1,0,0
20199147__star,0,0,0,0,0,0,0,1,0,0
20199148__star,0,0,0,0,0,0,0,1,0,0
20199149__star,0,0,0,0,0,0,0,0,1,0
20199150__star,0,0,0,0,0,1,0,0,0,0
20199151__star,0,0,0,0,0,0,0,0,1,0
20199152__star,0,1,0,0,0,0,0,0,0,0
20199153__star,0,1,0,0,0,0,0,0,0,0
20199154__star,0,0,0,0,0,0,0,0,1,0
20199155__star,0,0,0,0,0,0,0,1,0,0
20199156__star,0,0,0,0,0,1,0,0,0,0
20200001__star,0,0,0,0,0,0,0,0,0,1
20200002__star,0,0,0,0,1,0,0,0,0,0
20200003__star,0,0,1,0,0,0,0,0,0,0
20200004__star,0,0,0,0,0,0,0,1,0,0
20200005__star,0,0,1,0,0,0,0,0,0,0
20200006__star,0,0,0,0,0,0,0,0,1,0
20200007__star,0,1,0,0,0,0,0,0,0,0
20200008__star,0,0,0,0,0,0,0,0,1,0
20200009__star,1,0,0,0,0,0,0,0,0,0
20200010__star,0,0,0,0,0,0,0,0,0,1
20200011__star,0,0,0,0,1,0,0,0,0,0
20200012__star,1,0,0,0,0,0,0,0,0,0
20200013__star,0,0,0,0,0,0,0,1,0,0
20200014__star,0,0,0,0,0,0,0,0,1,0
20200015__star,0,0,0,1,0,0,0,0,0,0
20200016__star,0,0,0,1,0,0,0,0,0,0
20200017__star,0,0,0,0,0,0,0,0,0,1
20200018__star,0,0,0,0,0,0,0,1,0,0
20200019__star,0,0,0,0,1,0,0,0,0,0
20200020__star,0,0,0,0,0,0,1,0,0,0
20200021__star,1,0,0,0,0,0,0,0,0,0
20200022__star,0,1,0,0,0,0,0,0,0,0
20200023__star,0,0,0,1,0,0,0,0,0,0
20200024__star,0,0,0,0,0,0,1,0,0,0
20200025__star,0,0,0,1,0,0,0,0,0,0
20200026__star,0,0,0,0,0,1,0,0,0,0
20200027__star,0,0,0,0,1,0,0,0,0,0
20200028__star,0,0,0,1,0,0,0,0,0,0
20200029__star,0,1,0,0,0,0,0,0,0,0
20200030__star,0,0,0,0,0,0,1,0,0,0
20200031__star,1,0,0,0,0,0,0,0,0,0
20200032__star,0,0,0,0,0,0,0,0,0,1
20200033__star,0,0,1,0,0,0,0,0,0,0
20200034__star,0,0,0,0,0,0,0,0,1,0
20200035__star,0,0,0,0,0,0,0,1,0,0
20200036__star,0,1,0,0,0,0,0,0,0,0
20200037__star,1,0,0,0,0,0,0,0,0,0
20200038__star,0,0,0,0,1,0,0,0,0,0
20200039__star,0,0,0,0,0,0,1,0,0,0
20200040__star,0,0,0,0,0,1,0,0,0,0
20200041__star,0,0,0,0,0,0,0,0,1,0
20200042__star,0,0,0,1,0,0,0,0,0,0
20200043__star,0,0,0,0,0,0,0,0,1,0
20200044__star,0,0,0,0,0,0,1,0,0,0
20200045__star,0,0,0,0,0,0,0,0,1,0
20200046__star,0,0,0,0,0,1,0,0,0,0
20200047__star,0,0,0,0,0,0,0,1,0,0
20200048__star,0,0,0,0,0,1,0,0,0,0
20200049__star,0,0,0,0,0,0,1,0,0,0
20200050__star,0,0,1,0,0,0,0,0,0,0
20200051__star,0,0,0,0,0,0,0,0,1,0
20200052__star,1,0,0,0,0,0,0,0,0,0
20200053__star,0,0,0,1,0,0,0,0,0,0
20200054__star,0,0,0,0,0,0,0,0,0,1
20200055__star,0,0,1,0,0,0,0,0,0,0
20200056__star,0,0,0,0,0,0,1,0,0,0
20200057__star,0,0,0,0,0,0,0,0,0,1
20200058__star,0,0,0,0,0,0,0,1,0,0
20200059__star,0,0,0,1,0,0,0,0,0,0
20200060__star,0,0,0,0,0,0,0,0,1,0
20200061__star,0,0,0,0,0,0,0,1,0,0
20200062__star,0,1,0,0,0,0,0,0,0,0
20200063__star,0,0,0,1,0,0,0,0,0,0
20200064__star,0,0,0,0,0,1,0,0,0,0
20200065__star,0,0,0,0,0,0,0,0,1,0
20200066__star,0,0,0,0,0,0,1,0,0,0
20200067__star,0,0,0,0,0,1,0,0,0,0
20200068__star,0,0,0,0,1,0,0,0,0,0
20200069__star,1,0,0,0,0,0,0,0,0,0
20200070__star,0,1,0,0,0,0,0,0,0,0
20200071__star,0,0,0,1,0,0,0,0,0,0
20200072__star,0,1,0,0,0,0,0,0,0,0
20200073__star,1,0,0,0,0,0,0,0,0,0
20200074__star,0,0,0,0,1,0,0,0,0,0
20200075__star,0,0,0,0,1,0,0,0,0,0
20200076__star,0,0,0,0,0,0,1,0,0,0
20200077__star,0,0,0,1,0,0,0,0,0,0
20200078__star,0,0,0,0,0,0,1,0,0,0
20200079__star,0,0,0,0,0,0,0,1,0,0
20200080__star,0,0,0,0,0,1,0,0,0,0
20200081__star,0,0,0,0,0,1,0,0,0,0
20200082__star,0,0,0,0,0,0,0,1,0,0
20200083__star,0,0,0,0,0,0,1,0,0,0
20200084__star,0,0,0,0,0,0,0,1,0,0
20200085__star,0,0,1,0,0,0,0,0,0,0
20200086__star,0,0,0,1,0,0,0,0,0,0
20200087__star,0,1,0,0,0,0,0,0,0,0
20200088__star,1,0,0,0,0,0,0,0,0,0
20200089__star,0,0,0,1,0,0,0,0,0,0
20200090__star,0,0,1,0,0,0,0,0,0,0
20200091__star,0,0,0,0,1,0,0,0,0,0
20200092__star,0,0,0,0,0,0,0,0,1,0
20200093__star,0,0,0,0,0,0,1,0,0,0
20200094__star,0,0,0,0,0,0,0,1,0,0
20200095__star,0,0,0,0,0,0,0,0,1,0
20200096__star,0,0,0,0,0,1,0,0,0,0
20200097__star,0,0,1,0,0,0,0,0,0,0
20200098__star,0,0,0,0,0,0,1,0,0,0
20200099__star,0,0,0,0,0,1,0,0,0,0
20200100__star,1,0,0,0,0,0,0,0,0,0
20200101__star,0,0,0,0,1,0,0,0,0,0
20200102__star,0,1,0,0,0,0,0,0,0,0
20200103__star,0,0,1,0,0,0,0,0,0,0
20200104__star,0,0,0,1,0,0,0,0,0,0
20200105__star,0,0,0,0,0,0,0,0,0,1
20200106__star,0,0,1,0,0,0,0,0,0,0
20200107__star,0,0,1,0,0,0,0,0,0,0
20200108__star,0,0,0,0,0,0,1,0,0,0
20200109__star,0,0,1,0,0,0,0,0,0,0
20200110__star,0,1,0,0,0,0,0,0,0,0
20200111__star,0,1,0,0,0,0,0,0,0,0
20200112__star,0,0,0,0,0,0,1,0,0,0
20200113__star,0,0,0,0,0,0,1,0,0,0
20200114__star,0,0,0,0,0,0,0,0,1,0
20200115__star,0,0,0,0,1,0,0,0,0,0
20200116__star,0,0,0,0,0,0,0,0,1,0
20200117__star,0,1,0,0,0,0,0,0,0,0
20200118__star,0,0,0,0,1,0,0,0,0,0
20200119__star,0,1,0,0,0,0,0,0,0,0
20200120__star,0,0,0,0,1,0,0,0,0,0
20200121__star,0,1,0,0,0,0,0,0,0,0
20200122__star,0,0,0,0,0,0,0,1,0,0
20200123__star,0,0,1,0,0,0,0,0,0,0
20200124__star,0,0,0,0,0,1,0,0,0,0
20200125__star,0,0,0,1,0,0,0,0,0,0
20200126__star,1,0,0,0,0,0,0,0,0,0
20200127__star,1,0,0,0,0,0,0,0,0,0
20200128__star,0,1,0,0,0,0,0,0,0,0
20200129__star,0,0,0,0,1,0,0,0,0,0
20200130__star,0,0,0,0,0,0,0,0,1,0
20200131__star,0,0,0,0,1,0,0,0,0,0
20200132__star,0,0,1,0,0,0,0,0,0,0
20200133__star,1,0,0,0,0,0,0,0,0,0
20200134__star,0,0,0,0,0,0,0,0,1,0
20200135__star,0,0,0,0,0,0,0,0,0,1
20200136__star,0,0,0,0,0,0,0,0,1,0
20200137__star,0,0,0,0,0,0,0,0,1,0
20200138__star,0,0,0,0,0,0,1,0,0,0
20200139__star,0,0,0,0,0,0,0,1,0,0
20200140__star,0,0,0,1,0,0,0,0,0,0
20200141__star,1,0,0,0,0,0,0,0,0,0
20200142__star,0,0,0,1,0,0,0,0,0,0
20200143__star,0,0,0,0,0,0,0,0,0,1
20200144__star,0,0,1,0,0,0,0,0,0,0
20200145__star,1,0,0,0,0,0,0,0,0,0
20200146__star,1,0,0,0,0,0,0,0,0,0
20200147__star,0,0,0,1,0,0,0,0,0,0
20200148__star,0,0,0,0,0,0,1,0,0,0
20200149__star,0,0,0,0,0,1,0,0,0,0
20200150__star,0,0,0,0,0,1,0,0,0,0
20200151__star,0,0,0,0,0,0,0,0,1,0
20200152__star,0,0,0,0,1,0,0,0,0,0
20200153__star,0,0,0,0,1,0,0,0,0,0
20200154__star,0,0,0,0,0,0,0,0,1,0
20200155__star,0,0,0,0,0,0,1,0,0,0
20200156__star,0,0,0,0,1,0,0,0,0,0
20200157__star,1,0,0,0,0,0,0,0,0,0
20211001__star,0,0,0,0,0,0,0,0,0,1
20211002__star,0,0,0,0,0,0,0,1,0,0
20211003__star,0,0,0,0,0,0,0,0,1,0
20211004__star,1,0,0,0,0,0,0,0,0,0
20211005__star,0,0,0,0,1,0,0,0,0,0
20211006__star,0,0,0,0,1,0,0,0,0,0
20211007__star,0,1,0,0,0,0,0,0,0,0
20211008__star,0,0,0,0,0,0,0,0,0,1
20211009__star,0,0,0,0,0,0,0,0,1,0
20211010__star,0,0,0,0,1,0,0,0,0,0
20211011__star,0,0,0,0,1,0,0,0,0,0
20211012__star,0,0,0,0,0,1,0,0,0,0
20211013__star,0,0,0,1,0,0,0,0,0,0
20211014__star,0,0,0,0,0,0,0,0,1,0
20211015__star,0,0,0,0,0,0,0,0,0,1
20211016__star,0,0,0,0,0,0,0,0,0,1
20211017__star,0,0,0,0,0,0,0,1,0,0
20211018__star,0,0,0,1,0,0,0,0,0,0
20211019__star,0,0,0,0,0,0,0,0,0,1
20211020__star,0,0,0,0,0,0,1,0,0,0
20211021__star,0,0,0,0,0,0,0,1,0,0
20211022__star,0,0,0,0,1,0,0,0,0,0
20211023__star,0,0,0,0,0,0,1,0,0,0
20211024__star,0,1,0,0,0,0,0,0,0,0
20211025__star,0,0,0,0,0,0,0,0,0,1
20211026__star,0,0,0,0,0,0,0,0,1,0
20211027__star,0,0,0,0,0,0,1,0,0,0
20211028__star,0,0,0,0,0,0,0,1,0,0
20211029__star,0,0,0,0,0,0,0,0,0,1
20211030__star,0,0,0,0,0,0,0,0,1,0
20211031__star,0,0,0,0,0,0,0,1,0,0
20211032__star,0,1,0,0,0,0,0,0,0,0
20211033__star,0,0,1,0,0,0,0,0,0,0
20211034__star,0,0,1,0,0,0,0,0,0,0
20211035__star,0,0,0,1,0,0,0,0,0,0
20211036__star,0,0,0,0,0,0,0,0,0,1
20211037__star,0,0,0,0,1,0,0,0,0,0
20211038__star,1,0,0,0,0,0,0,0,0,0
20211039__star,0,0,0,0,1,0,0,0,0,0
20211040__star,0,1,0,0,0,0,0,0,0,0
20211041__star,0,0,0,0,0,0,0,1,0,0
20211042__star,0,0,0,1,0,0,0,0,0,0
20211043__star,0,0,0,0,0,0,0,1,0,0
20211044__star,0,0,0,0,0,0,1,0,0,0
20211045__star,0,0,0,0,0,1,0,0,0,0
20211046__star,1,0,0,0,0,0,0,0,0,0
20211047__star,1,0,0,0,0,0,0,0,0,0
20211048__star,0,0,0,1,0,0,0,0,0,0
20211049__star,0,0,0,0,0,0,1,0,0,0
20211050__star,0,0,0,0,0,1,0,0,0,0
20211051__star,0,0,0,0,0,1,0,0,0,0
20211052__star,0,0,0,0,0,0,1,0,0,0
20211053__star,0,0,0,0,0,1,0,0,0,0
20211054__star,0,0,0,0,0,1,0,0,0,0
20211055__star,0,0,0,0,0,1,0,0,0,0
20211056__star,0,0,0,0,0,0,0,0,0,1
20211057__star,1,0,0,0,0,0,0,0,0,0
20211058__star,0,0,1,0,0,0,0,0,0,0
20211059__star,0,0,0,1,0,0,0,0,0,0
20211060__star,0,0,1,0,0,0,0,0,0,0
20211061__star,0,0,0,0,0,0,0,0,0,1
20211062__star,0,0,0,0,0,0,0,0,1,0
20211063__star,0,0,0,0,0,1,0,0,0,0
20211064__star,0,0,1,0,0,0,0,0,0,0
20211065__star,0,0,0,0,0,0,0,0,1,0
20211066__star,0,0,0,0,0,1,0,0,0,0
20211067__star,0,0,0,0,0,0,0,0,1,0
20211068__star,0,0,0,0,0,0,0,1,0,0
20211069__star,0,0,0,0,0,0,0,1,0,0
20211070__star,1,0,0,0,0,0,0,0,0,0
20211071__star,0,0,0,0,0,0,1,0,0,0
20211072__star,0,0,0,0,0,0,0,0,1,0
20211073__star,0,0,0,0,0,1,0,0,0,0
20211074__star,0,0,0,0,0,0,0,0,0,1
20211075__star,1,0,0,0,0,0,0,0,0,0
20211076__star,0,0,0,0,0,1,0,0,0,0
20211077__star,1,0,0,0,0,0,0,0,0,0
20211078__star,0,0,0,0,0,0,0,0,1,0
20211079__star,0,1,0,0,0,0,0,0,0,0
20211080__star,0,1,0,0,0,0,0,0,0,0
20211081__star,0,1,0,0,0,0,0,0,0,0
20211082__star,1,0,0,0,0,0,0,0,0,0
20211083__star,1,0,0,0,0,0,0,0,0,0
20211084__star,0,0,0,0,0,0,0,0,0,1
20211085__star,0,0,0,0,0,1,0,0,0,0
20211086__star,0,0,0,0,1,0,0,0,0,0
20211087__star,0,0,0,0,0,0,0,0,1,0
20211088__star,0,0,0,0,0,0,0,0,1,0
20211089__star,0,0,0,0,0,0,0,0,0,1
20211090__star,0,0,0,0,0,1,0,0,0,0
20211091__star,0,0,1,0,0,0,0,0,0,0
20211092__star,0,1,0,0,0,0,0,0,0,0
20211093__star,0,0,0,0,0,0,0,0,0,1
20211094__star,0,0,0,0,0,0,0,0,0,1
20211095__star,0,0,1,0,0,0,0,0,0,0
20211096__star,0,0,0,1,0,0,0,0,0,0
20211097__star,0,0,0,0,0,0,1,0,0,0
20211098__star,0,0,0,1,0,0,0,0,0,0
20211099__star,0,1,0,0,0,0,0,0,0,0
20211100__star,0,1,0,0,0,0,0,0,0,0
20211101__star,0,0,0,0,0,1,0,0,0,0
20211102__star,0,0,0,0,0,0,0,1,0,0
20211103__star,0,0,0,0,0,0,0,0,1,0
20211104__star,0,0,0,0,0,0,0,0,1,0
20211105__star,0,0,0,0,0,0,1,0,0,0
20211106__star,0,0,1,0,0,0,0,0,0,0
20211107__star,0,0,0,0,0,0,0,0,1,0
20211108__star,0,0,0,1,0,0,0,0,0,0
20211109__star,0,0,0,0,0,0,0,1,0,0
20211110__star,0,0,0,1,0,0,0,0,0,0
20211111__star,0,0,0,0,0,0,1,0,0,0
20211112__star,0,1,0,0,0,0,0,0,0,0
20211113__star,0,0,0,0,1,0,0,0,0,0
20211114__star,1,0,0,0,0,0,0,0,0,0
20211115__star,1,0,0,0,0,0,0,0,0,0
20211116__star,0,0,1,0,0,0,0,0,0,0
20211117__star,0,0,0,0,0,0,0,0,0,1
20211118__star,0,0,0,0,0,0,0,0,1,0
20211119__star,1,0,0,0,0,0,0,0,0,0
20211120__star,0,1,0,0,0,0,0,0,0,0
20211121__star,0,0,1,0,0,0,0,0,0,0
20211122__star,0,0,1,0,0,0,0,0,0,0
20211123__star,0,0,0,0,0,0,0,0,0,1
20211124__star,0,0,0,0,0,0,0,0,0,1
20211125__star,0,0,0,0,0,1,0,0,0,0
20211126__star,0,0,0,1,0,0,0,0,0,0
20211127__star,0,0,0,0,0,0,0,0,1,0
20211128__star,0,0,0,0,0,0,0,0,0,1
20211129__star,0,0,0,0,0,0,0,0,1,0
20211130__star,0,0,0,0,0,0,0,0,1,0
20211131__star,0,0,0,0,0,1,0,0,0,0
20211132__star,0,0,0,0,0,0,0,0,0,1
20211133__star,0,0,1,0,0,0,0,0,0,0
20211134__star,0,0,1,0,0,0,0,0,0,0
20211135__star,0,1,0,0,0,0,0,0,0,0
20211136__star,0,0,0,0,0,1,0,0,0,0
20211137__star,0,0,0,0,0,0,0,1,0,0
20211138__star,0,0,0,0,0,1,0,0,0,0
20211139__star,0,0,0,0,0,0,0,1,0,0
20211140__star,0,0,0,0,1,0,0,0,0,0
20211141__star,0,0,0,0,0,0,0,1,0,0
20211142__star,0,0,0,1,0,0,0,0,0,0
20211143__star,0,0,0,1,0,0,0,0,0,0
20211144__star,0,0,0,0,0,1,0,0,0,0
20211145__star,0,0,0,0,1,0,0,0,0,0
20211146__star,0,0,0,0,0,1,0,0,0,0
20211147__star,0,0,0,1,0,0,0,0,0,0
20211148__star,0,0,0,0,0,0,0,0,1,0
20211149__star,1,0,0,0,0,0,0,0,0,0
20211150__star,0,0,0,0,0,0,0,1,0,0
20211151__star,0,0,0,0,0,0,0,1,0,0
20211152__star,1,0,0,0,0,0,0,0,0,0
20211153__star,1,0,0,0,0,0,0,0,0,0
20211154__star,0,0,0,0,0,0,0,0,0,1
20211155__star,0,0,0,0,0,0,0,1,0,0
20211156__star,0,0,0,0,0,0,1,0,0,0
20222001__star,0,0,0,0,1,0,0,0,0,0
20222002__star,0,0,0,0,1,0,0,0,0,0
20222003__star,0,0,0,1,0,0,0,0,0,0
20222004__star,0,0,0,0,0,0,0,0,0,1
20222005__star,0,0,0,0,0,0,0,0,1,0
20222006__star,0,0,0,1,0,0,0,0,0,0
20222007__star,0,0,0,0,0,0,0,1,0,0
20222008__star,0,0,0,0,0,0,0,0,1,0
20222009__star,0,0,0,0,0,1,0,0,0,0
20222010__star,0,0,0,0,0,0,0,1,0,0
20222011__star,0,1,0,0,0,0,0,0,0,0
20222012__star,0,0,0,0,0,0,0,0,0,1
20222013__star,0,0,0,0,0,0,0,0,1,0
20222014__star,0,0,0,0,0,0,0,1,0,0
20222015__star,0,0,0,1,0,0,0,0,0,0
20222016__star,0,0,0,0,0,0,0,0,1,0
20222017__star,0,0,1,0,0,0,0,0,0,0
20222018__star,1,0,0,0,0,0,0,0,0,0
20222019__star,0,0,0,0,0,0,0,0,0,1
20222020__star,0,0,0,0,1,0,0,0,0,0
20222021__star,0,1,0,0,0,0,0,0,0,0
20222022__star,1,0,0,0,0,0,0,0,0,0
20222023__star,0,0,0,0,1,0,0,0,0,0
20222024__star,0,0,0,0,0,0,0,1,0,0
20222025__star,0,0,1,0,0,0,0,0,0,0
20222026__star,0,1,0,0,0,0,0,0,0,0
20222027__star,0,0,0,0,0,1,0,0,0,0
20222028__star,0,0,1,0,0,0,0,0,0,0
20222029__star,0,0,0,1,0,0,0,0,0,0
20222030__star,0,0,0,1,0,0,0,0,0,0
20222031__star,0,0,0,0,1,0,0,0,0,0
20222032__star,0,0,0,0,0,1,0,0,0,0
20222033__star,0,0,1,0,0,0,0,0,0,0
20222034__star,0,0,0,0,0,0,1,0,0,0
20222035__star,0,0,0,0,0,0,0,0,1,0
20222036__star,0,0,0,0,0,0,0,0,0,1
20222037__star,0,0,0,0,1,0,0,0,0,0
20222038__star,0,0,0,0,0,0,0,0,0,1
20222039__star,0,0,0,0,0,0,1,0,0,0
20222040__star,0,0,0,0,0,0,0,0,0,1
20222041__star,0,0,0,0,0,1,0,0,0,0
20222042__star,0,0,0,0,0,0,1,0,0,0
20222043__star,0,0,0,0,0,0,0,0,0,1
20222044__star,0,0,0,0,0,0,0,0,0,1
20222045__star,0,0,0,0,0,0,0,1,0,0
20222046__star,0,0,0,0,0,1,0,0,0,0
20222047__star,0,0,0,0,1,0,0,0,0,0
20222048__star,0,0,0,0,0,0,1,0,0,0
20222049__star,0,0,0,1,0,0,0,0,0,0
20222050__star,0,0,0,0,0,0,1,0,0,0
20222051__star,0,0,0,0,0,0,0,0,0,1
20222052__star,0,0,0,0,0,0,0,0,1,0
20222053__star,0,0,0,0,0,0,1,0,0,0
20222054__star,0,1,0,0,0,0,0,0,0,0
20222055__star,0,0,1,0,0,0,0,0,0,0
20222056__star,0,1,0,0,0,0,0,0,0,0
20222057__star,0,0,0,0,0,0,0,0,0,1
20222058__star,0,0,0,1,0,0,0,0,0,0
20222059__star,1,0,0,0,0,0,0,0,0,0
20222060__star,0,0,0,0,0,0,1,0,0,0
20222061__star,0,0,0,1,0,0,0,0,0,0
20222062__star,0,0,0,0,0,1,0,0,0,0
20222063__star,0,0,0,0,0,0,0,0,0,1
20222064__star,0,0,0,0,0,0,1,0,0,0
20222065__star,0,1,0,0,0,0,0,0,0,0
20222066__star,0,0,0,0,0,0,1,0,0,0
20222067__star,0,0,0,0,1,0,0,0,0,0
20222068__star,0,0,0,0,1,0,0,0,0,0
20222069__star,0,0,0,0,1,0,0,0,0,0
20222070__star,0,0,0,0,0,0,0,1,0,0
20222071__star,0,0,0,0,0,0,0,0,0,1
20222072__star,0,0,0,0,0,1,0,0,0,0
20222073__star,0,0,0,0,0,0,0,0,1,0
20222074__star,0,0,1,0,0,0,0,0,0,0
20222075__star,0,1,0,0,0,0,0,0,0,0
20222076__star,0,0,0,0,0,0,0,0,1,0
20222077__star,1,0,0,0,0,0,0,0,0,0
20222078__star,0,0,0,0,0,0,0,0,1,0
20222079__star,0,0,0,0,0,0,0,0,1,0
