,ball_1,ball_2,ball_3,ball_4,ball_5,star_1,star_2
20040213,32,16,29,41,36,9,7
20040220,13,50,47,7,39,2,5
20040227,37,19,18,14,31,5,4
20040305,39,37,4,7,33,5,1
20040312,44,47,15,28,24,4,5
20040319,42,45,33,37,36,9,4
20040326,23,43,3,4,10,2,4
20040402,4,24,12,36,27,2,9
20040409,23,19,10,1,4,2,8
20040416,28,40,14,15,35,3,1
20040423,45,21,6,49,10,5,3
20040430,27,16,6,5,23,7,6
20040507,38,36,15,16,21,1,5
20040514,32,3,1,39,21,2,6
20040521,37,39,29,15,49,4,9
20040528,41,44,6,35,11,6,5
20040604,41,42,34,13,9,7,3
20040611,7,2,47,10,8,1,7
20040618,28,2,40,23,43,6,2
20040625,30,21,35,3,34,1,2
20040702,4,28,24,23,34,1,3
20040709,44,19,5,12,2,8,9
20040716,26,50,31,24,38,8,5
20040723,10,27,7,34,31,8,3
20040730,50,10,9,19,37,6,1
20040806,5,35,44,15,24,6,5
20040813,20,27,41,43,50,5,8
20040820,27,10,35,9,6,6,8
20040827,28,1,44,22,11,1,9
20040903,14,12,15,34,8,7,6
20040910,5,38,36,25,33,5,2
20040917,41,39,15,18,29,8,5
20040924,48,21,26,27,44,1,7
20041001,48,20,45,21,12,6,5
20041008,12,10,48,1,16,2,6
20041015,37,21,14,43,22,5,8
20041022,9,25,1,40,23,3,9
20041029,32,1,38,35,8,9,4
20041105,25,42,49,19,6,1,7
20041112,12,13,4,32,11,9,3
20041119,37,29,34,18,1,6,2
20041126,24,1,34,4,36,8,6
20041203,15,42,11,1,49,4,3
20041210,3,13,43,1,16,7,2
20041217,49,22,19,15,46,9,2
20041224,3,27,29,4,37,6,5
20041231,8,7,47,25,24,8,9
20050107,50,27,47,3,23,3,2
20050114,11,14,29,6,19,3,1
20050121,12,14,10,26,24,8,5
20050128,26,21,7,43,45,5,7
20050204,11,1,40,30,8,7,8
20050211,11,13,25,32,50,7,4
20050218,32,46,20,21,26,8,9
20050225,43,3,27,44,30,8,4
20050304,12,32,37,39,24,7,9
20050311,40,12,43,23,8,1,4
20050318,48,39,23,6,43,5,7
20050325,29,33,38,4,37,9,6
20050401,26,44,47,25,41,3,7
20050408,31,50,25,11,7,3,1
20050415,6,31,42,38,28,9,3
20050422,13,10,24,47,3,9,5
20050429,42,35,9,3,39,1,8
20050506,44,21,12,7,26,6,8
20050513,12,40,31,17,32,9,2
20050520,28,6,47,7,13,8,5
20050527,50,48,31,2,24,9,4
20050603,8,11,3,17,50,5,1
20050610,37,32,47,7,6,7,1
20050617,8,4,10,21,18,7,1
20050624,6,15,8,14,45,7,8
20050701,23,28,5,4,25,3,4
20050708,42,46,36,35,49,8,2
20050715,42,23,1,11,12,6,3
20050722,49,14,41,3,48,1,4
20050729,50,3,19,49,26,5,4
20050805,21,11,2,22,30,4,6
20050812,37,23,40,15,30,7,9
20050819,41,29,11,24,31,3,1
20050826,29,35,40,41,9,6,1
20050902,43,3,4,50,14,3,6
20050909,31,12,50,19,8,7,6
20050916,19,38,12,13,21,3,9
20050923,1,31,34,26,47,4,9
20050930,11,50,48,6,47,1,6
20051007,26,44,21,13,2,3,9
20051014,10,19,11,23,20,6,1
20051021,19,14,33,1,29,1,8
20051028,14,50,47,44,36,3,5
20051104,38,42,36,37,26,2,6
20051111,41,16,36,42,15,5,3
20051118,34,17,18,48,25,3,2
20051125,27,39,47,6,1,6,1
20051202,1,30,20,9,23,4,7
20051209,11,42,38,35,18,1,5
20051216,2,18,3,15,32,7,6
20051223,31,42,37,36,15,1,7
20051230,19,45,43,8,16,1,4
20060106,6,26,14,9,2,4,5
20060113,12,19,33,34,8,1,6
20060120,15,12,50,33,44,6,2
20060127,9,21,15,40,49,4,1
20060203,30,39,9,21,50,3,1
20060210,5,38,6,48,50,6,7
20060217,4,23,38,24,26,4,2
20060224,18,19,1,47,11,7,3
20060303,5,44,10,8,3,3,5
20060310,1,33,21,45,49,4,8
20060317,50,44,5,45,32,7,1
20060324,17,47,28,33,35,4,9
20060331,50,3,45,20,31,7,6
20060407,13,12,29,50,44,4,5
20060414,34,35,26,16,49,6,2
20060421,46,1,22,20,37,1,9
20060428,17,5,33,22,10,7,5
20060505,8,50,16,4,14,9,3
20060512,23,5,20,34,50,1,5
20060519,49,34,25,3,5,8,5
20060526,21,41,12,2,49,3,7
20060602,41,7,48,27,8,6,1
20060609,3,34,39,15,12,4,6
20060616,26,36,1,16,30,9,3
20060623,44,30,9,21,43,9,1
20060630,16,6,15,40,43,1,2
20060707,35,9,7,43,18,7,5
20060714,1,31,7,17,36,8,2
20060721,50,4,38,2,9,8,6
20060728,3,43,29,8,12,6,7
20060804,26,15,32,14,1,7,3
20060811,47,31,46,28,27,5,2
20060818,37,40,50,12,39,1,2
20060825,47,10,28,48,40,8,6
20060901,25,50,7,45,3,9,6
20060908,12,10,32,33,1,8,1
20060915,10,49,26,6,16,7,9
20060922,30,45,49,29,10,8,3
20060929,1,3,24,6,18,5,8
20061006,5,35,11,22,38,7,8
20061013,2,32,38,41,25,5,3
20061020,10,34,47,19,45,6,3
20061027,3,50,44,4,8,8,7
20061103,13,11,44,24,49,9,3
20061110,36,30,14,27,21,2,3
20061117,36,12,33,22,32,2,6
20061124,8,5,40,25,17,5,1
20061201,16,37,8,41,4,2,5
20061208,47,36,17,16,18,1,2
20061215,35,37,9,42,23,3,7
20061222,20,11,43,9,38,2,3
20061229,14,9,6,13,35,3,4
20070105,17,45,36,29,19,6,5
20070112,14,8,25,19,11,3,5
20070119,27,5,13,33,42,4,2
20070126,38,11,23,15,30,4,9
20070202,36,14,27,23,30,1,6
20070209,36,16,46,30,14,8,2
20070216,19,39,20,50,8,6,9
20070223,20,2,22,18,15,5,2
20070302,3,16,48,34,38,8,5
20070309,43,25,3,2,48,9,6
20070316,45,4,31,49,14,9,4
20070323,43,17,5,40,13,3,1
20070330,19,9,46,17,41,1,8
20070406,41,48,29,23,15,6,3
20070413,20,41,38,7,25,3,7
20070420,41,26,32,45,23,3,7
20070427,44,18,7,36,27,1,2
20070504,17,41,35,6,45,1,5
20070511,12,26,49,7,29,6,2
20070518,49,37,34,26,39,2,6
20070525,49,26,50,29,25,8,7
20070601,22,41,42,37,6,6,9
20070608,15,17,25,45,1,8,2
20070615,5,14,40,7,21,3,8
20070622,22,17,16,11,34,5,6
20070629,28,8,33,45,12,1,3
20070706,39,41,4,19,5,9,8
20070713,13,9,31,15,48,6,3
20070720,50,26,10,21,25,9,4
20070727,4,29,21,1,41,8,7
20070803,41,33,37,30,10,1,8
20070810,40,43,49,42,23,6,2
20070817,2,13,42,3,38,7,8
20070824,16,3,42,1,48,2,3
20070831,22,37,23,18,6,6,5
20070907,42,3,34,2,33,5,3
20070914,33,29,5,9,11,7,9
20070921,35,37,17,1,32,8,1
20070928,22,34,44,30,35,4,5
20071005,20,27,35,44,11,5,2
20071012,36,47,21,32,46,3,4
20071019,7,18,34,35,40,7,8
20071026,20,7,38,40,43,8,1
20071102,40,16,3,19,18,2,1
20071109,14,25,36,5,22,6,5
20071116,23,18,33,37,9,1,8
20071123,22,2,48,29,10,9,3
20071130,38,20,12,19,30,9,7
20071207,48,43,4,2,32,1,7
20071214,8,30,36,25,44,4,3
20071221,37,7,44,28,9,7,6
20071228,45,31,20,22,21,9,7
20080104,41,24,10,12,25,3,5
20080111,24,36,50,8,49,4,8
20080118,46,40,16,14,23,8,4
20080125,2,19,9,45,6,7,8
20080201,30,49,45,47,22,4,9
20080208,17,38,28,44,30,1,4
20080215,27,45,12,29,46,7,4
20080222,46,50,4,27,32,8,9
20080229,37,47,49,40,12,9,2
20080307,14,17,7,35,2,6,1
20080314,13,48,35,21,25,4,8
20080321,10,2,22,18,36,6,4
20080328,39,9,29,5,17,3,6
20080404,18,37,47,13,11,6,1
20080411,50,30,25,45,6,5,7
20080418,27,6,7,50,3,5,9
20080425,4,30,26,19,27,8,3
20080502,26,48,45,37,2,8,4
20080509,8,9,42,40,45,7,6
20080516,6,38,9,25,15,4,9
20080523,5,38,9,19,21,1,7
20080530,14,20,49,7,5,8,2
20080606,21,40,19,50,7,2,9
20080613,16,37,44,50,13,9,1
20080620,11,8,36,37,45,3,5
20080627,20,44,5,50,26,5,7
20080704,19,22,48,7,27,7,5
20080711,37,19,11,13,9,3,4
20080718,16,14,44,10,29,6,5
20080725,29,7,15,24,11,7,2
20080801,25,40,22,50,1,1,8
20080808,15,5,16,45,4,7,4
20080815,18,11,17,26,31,6,5
20080822,50,27,29,39,7,7,5
20080829,2,20,37,25,39,8,5
20080905,17,12,39,16,7,3,8
20080912,23,33,37,19,50,7,3
20080919,14,16,19,31,20,9,6
20080926,31,29,33,14,37,2,1
20081003,4,38,13,19,23,2,3
20081010,15,31,22,4,41,6,1
20081017,50,12,10,3,42,1,5
20081024,45,7,15,16,17,6,9
20081031,34,25,3,41,18,5,2
20081107,9,1,17,12,18,3,4
20081114,14,26,10,8,21,4,3
20081121,50,49,21,9,14,8,3
20081128,8,25,11,41,16,4,2
20081205,35,8,21,45,4,5,8
20081212,2,19,42,28,49,7,2
20081219,29,50,46,28,40,5,7
20081226,44,26,2,1,50,1,7
20090102,48,30,29,37,36,1,6
20090109,22,7,15,28,48,4,1
20090116,50,22,17,3,49,3,6
20090123,36,49,33,40,32,2,8
20090130,4,34,35,46,29,5,8
20090206,36,30,20,40,10,3,5
20090213,33,36,40,22,42,1,2
20090220,13,48,9,12,14,1,2
20090227,9,44,5,37,45,9,6
20090306,13,35,25,17,19,5,6
20090313,36,42,26,12,24,1,4
20090320,31,12,35,23,16,4,6
20090327,25,42,36,33,38,6,7
20090403,46,24,32,20,2,1,9
20090410,37,14,9,46,16,2,4
20090417,7,4,21,44,47,1,5
20090424,21,4,24,14,41,5,8
20090501,38,47,31,19,5,3,5
20090508,4,29,23,31,24,9,8
20090515,19,8,42,18,20,5,9
20090522,43,4,14,33,13,6,1
20090529,30,47,2,37,5,6,3
20090605,35,19,40,26,11,2,5
20090612,50,14,6,16,34,6,4
20090619,20,17,16,4,29,7,5
20090626,21,6,11,39,30,8,2
20090703,29,47,46,34,21,6,8
20090710,42,20,6,16,46,1,6
20090717,17,50,8,2,32,3,7
20090724,15,47,35,25,14,9,5
20090731,26,9,20,21,5,6,3
20090807,22,10,31,24,20,7,2
20090814,30,5,8,49,24,9,3
20090821,16,42,31,7,4,5,3
20090828,37,41,49,36,8,7,5
20090904,20,39,6,9,38,9,3
20090911,42,15,12,35,43,6,4
20090918,30,16,41,38,6,2,4
20090925,6,21,18,17,34,9,3
20091002,44,29,24,23,22,5,1
20091009,29,11,46,7,50,4,7
20091016,23,30,31,47,12,3,4
20091023,20,6,18,29,31,8,2
20091030,35,9,33,38,40,6,2
20091106,19,43,45,34,11,5,9
20091113,15,25,32,26,13,4,3
20091120,47,9,28,5,43,2,9
20091127,33,15,13,5,8,8,9
20091204,25,30,19,18,44,3,1
20091211,41,43,44,46,20,2,9
20091218,49,30,35,32,14,8,3
20091225,4,17,5,34,14,5,3
20100101,22,24,27,36,9,7,5
20100108,44,5,14,4,46,9,8
20100115,49,50,26,29,11,4,7
20100122,4,44,27,22,36,9,7
20100129,39,43,30,17,9,7,5
20100205,46,38,34,35,39,3,4
20100212,5,45,1,38,18,6,4
20100219,37,12,38,31,43,3,2
20100226,42,11,29,7,18,7,6
20100305,19,18,49,12,43,9,3
20100312,46,1,26,36,33,7,6
20100319,38,28,30,39,10,7,2
20100326,18,37,8,16,43,2,6
20100402,26,18,12,24,45,5,4
20100409,44,23,24,21,7,3,4
20100416,17,11,26,40,9,9,3
20100423,46,3,7,8,43,6,8
20100430,6,36,22,25,24,3,8
20100507,15,21,6,3,32,7,9
20100514,17,31,43,47,1,3,2
20100521,38,19,50,7,30,4,7
20100528,9,31,32,33,4,3,7
20100604,34,42,17,40,4,9,4
20100611,44,2,36,22,24,2,1
20100618,2,29,31,38,32,4,1
20100625,18,1,8,28,31,9,8
20100702,46,41,36,13,12,8,1
20100709,37,9,49,24,39,3,9
20100716,49,46,45,39,38,7,8
20100723,4,13,37,35,46,9,3
20100730,39,11,3,4,28,8,2
20100806,42,28,13,29,25,4,5
20100813,15,9,47,21,4,7,2
20100820,27,31,5,42,40,6,1
20100827,13,6,30,1,49,1,9
20100903,24,49,47,26,13,4,8
20100910,35,41,21,45,17,5,1
20100917,50,27,38,17,29,3,1
20100924,1,16,48,4,40,1,9
20101001,4,27,6,48,1,1,6
20101008,46,35,39,30,9,6,8
20101015,38,31,2,36,43,7,3
20101022,39,5,11,9,4,3,5
20101029,32,22,16,42,20,8,9
20101105,21,23,33,50,40,5,4
20101112,23,47,7,19,29,6,1
20101119,36,12,15,45,32,9,7
20101126,9,41,36,49,28,7,5
20101203,28,32,46,8,19,4,7
20101210,46,2,10,3,33,8,7
20101217,3,35,29,42,20,3,8
20101224,46,19,42,36,38,8,2
20101231,2,24,43,38,34,1,7
20110107,32,22,1,48,50,7,6
20110114,44,2,24,14,39,7,6
20110121,21,11,13,3,18,5,4
20110128,41,24,23,42,13,5,1
20110204,47,35,11,2,24,5,9
20110211,15,14,12,19,23,7,8
20110218,45,3,49,15,2,9,5
20110225,42,45,13,48,12,3,9
20110304,28,41,25,11,27,8,5
20110311,17,24,37,19,46,2,7
20110318,50,13,26,1,20,7,6
20110325,12,21,6,33,27,7,3
20110401,17,33,22,21,4,4,8
20110408,21,47,23,38,50,6,2
20110415,4,41,6,21,39,2,6
20110422,22,45,48,11,36,1,4
20110429,38,40,25,15,41,1,2
20110506,28,16,20,22,11,4,9
20110510,28,3,45,10,15,7,5
20110513,17,47,11,36,9,2,1
20110517,37,20,21,45,46,3,2
20110520,42,25,10,20,14,8,11
20110524,16,23,24,29,26,2,9
20110527,28,9,49,25,17,9,8
20110531,22,9,10,50,1,11,5
20110603,49,40,50,39,4,2,5
20110607,25,38,40,6,36,10,4
20110610,37,20,3,48,19,8,11
20110614,41,19,48,5,12,8,10
20110617,11,22,21,16,44,8,3
20110621,49,50,20,17,35,4,3
20110624,41,20,5,30,16,11,6
20110628,16,15,44,30,50,3,2
20110701,11,23,31,8,46,9,8
20110705,28,47,29,11,49,5,1
20110708,12,13,40,49,23,7,10
20110712,19,17,42,45,38,9,10
20110715,26,6,33,39,34,3,4
20110719,16,3,25,35,26,5,9
20110722,4,50,15,49,23,2,6
20110726,5,1,25,48,22,11,3
20110729,37,38,19,27,12,5,10
20110802,8,33,14,24,5,8,3
20110805,34,32,18,14,13,1,10
20110809,36,24,34,7,23,11,8
20110812,7,20,37,10,27,7,4
20110816,45,18,1,13,17,8,3
20110819,16,6,31,28,14,11,2
20110823,42,50,6,14,4,2,4
20110826,25,45,22,33,12,5,7
20110830,46,8,2,10,19,5,9
20110902,37,12,26,38,44,4,7
20110906,42,35,50,48,47,9,8
20110909,21,5,34,31,28,2,1
20110913,28,32,49,9,30,9,10
20110916,39,2,42,17,8,3,10
20110920,25,38,19,9,36,11,7
20110923,6,33,48,14,34,6,2
20110927,28,18,40,27,35,3,5
20110930,28,15,44,31,5,1,6
20111004,14,16,23,45,38,8,11
20111007,42,34,18,38,26,8,5
20111011,12,16,4,1,48,9,10
20111014,47,23,12,29,32,3,5
20111018,46,18,37,48,23,2,10
20111021,37,19,2,33,46,5,8
20111025,39,28,22,12,27,4,10
20111028,39,16,20,17,50,4,8
20111101,20,45,23,14,46,1,11
20111104,41,50,11,43,14,9,2
20111108,40,15,4,29,1,1,5
20111111,30,18,1,4,23,3,7
20111115,47,17,22,6,45,3,11
20111118,39,44,24,4,12,2,4
20111122,16,40,38,24,18,2,4
20111125,34,14,26,19,28,5,8
20111129,25,50,11,45,41,7,2
20111202,27,40,7,43,30,9,8
20111206,34,21,20,38,19,9,3
20111209,21,12,47,44,29,2,1
20111213,12,37,18,33,7,1,11
20111216,10,2,23,31,5,5,2
20111220,14,48,1,9,12,7,1
20111223,22,7,24,28,21,1,11
20111227,26,21,25,19,44,7,3
20111230,36,44,43,16,50,8,7
20120103,42,30,45,3,49,5,10
20120106,1,6,10,31,12,7,2
20120110,9,4,30,10,40,9,2
20120113,39,13,21,14,27,8,6
20120117,12,44,22,30,31,5,6
20120120,10,28,27,2,22,8,6
20120124,1,20,6,2,36,11,8
20120127,10,19,44,13,39,6,2
20120131,43,34,38,9,45,4,2
20120203,16,20,19,25,28,1,10
20120207,15,3,17,33,28,2,4
20120210,3,14,31,41,8,7,11
20120214,36,14,42,46,27,11,8
20120217,11,4,47,28,38,11,10
20120221,11,24,14,25,29,11,7
20120224,34,3,12,26,7,10,8
20120228,10,48,1,17,33,2,3
20120302,44,5,11,6,30,6,2
20120306,23,47,27,37,24,6,2
20120309,39,36,32,47,3,6,9
20120313,47,1,25,10,43,8,9
20120316,12,4,50,3,23,4,7
20120320,28,30,15,16,46,3,4
20120323,50,15,9,23,31,8,11
20120327,29,36,27,34,24,7,8
20120330,46,17,23,4,36,10,6
20120403,1,8,18,25,30,10,9
20120406,11,35,45,20,30,2,3
20120410,37,27,22,25,36,9,5
20120413,8,39,43,13,26,3,5
20120417,10,28,49,48,33,10,1
20120420,32,41,29,3,6,11,10
20120424,8,24,48,43,9,3,5
20120427,36,43,30,27,20,1,6
20120501,4,15,41,5,19,11,9
20120504,26,41,40,39,3,1,2
20120508,3,34,48,38,21,5,8
20120511,1,17,13,44,38,2,11
20120515,13,2,50,11,26,5,2
20120518,29,50,43,47,13,9,11
20120522,31,32,41,16,37,7,1
20120525,35,12,22,49,46,2,8
20120529,28,17,25,15,8,3,11
20120601,26,2,36,14,4,9,10
20120605,13,49,37,47,34,8,9
20120608,11,22,5,34,40,9,11
20120612,30,26,48,15,8,9,10
20120615,48,38,27,22,10,3,7
20120619,17,20,50,7,35,5,11
20120622,18,14,19,43,49,7,3
20120626,11,22,35,20,1,10,8
20120629,14,17,28,39,29,11,1
20120703,22,7,2,40,27,6,3
20120706,40,42,38,31,32,3,1
20120710,37,1,24,16,3,8,1
20120713,18,46,35,25,8,9,4
20120717,24,2,43,7,46,10,8
20120720,19,23,10,45,49,9,10
20120724,18,25,4,16,44,11,1
20120727,15,48,14,23,21,2,10
20120731,35,39,4,36,29,9,8
20120803,34,35,42,24,46,5,1
20120807,20,50,34,46,27,3,2
20120810,50,21,17,48,11,9,10
20120814,45,16,42,1,38,9,10
20120817,19,25,33,44,28,8,2
20120821,17,5,38,4,48,4,3
20120824,6,5,19,37,12,7,3
20120828,1,26,25,44,18,5,4
20120831,31,28,16,48,33,11,7
20120904,18,39,17,44,11,10,5
20120907,15,35,13,30,42,4,6
20120911,15,6,37,22,44,2,4
20120914,27,10,44,23,3,9,7
20120918,38,7,39,44,6,7,9
20120921,41,4,34,43,19,7,11
20120925,48,25,27,49,7,1,4
20120928,20,26,30,33,23,6,9
20121002,16,42,21,36,4,8,7
20121005,19,16,18,21,9,3,2
20121009,23,8,10,25,2,8,9
20121012,35,7,17,43,6,2,8
20121016,41,10,40,49,32,2,8
20121019,16,40,44,37,29,8,10
20121023,1,35,38,50,28,2,10
20121026,9,5,6,38,27,5,11
20121030,23,44,25,24,31,2,3
20121102,6,10,3,44,11,3,4
20121106,35,25,20,41,7,1,9
20121109,47,28,14,21,22,5,4
20121113,29,11,21,24,16,6,2
20121116,15,19,41,23,10,2,9
20121120,42,28,45,30,49,10,5
20121123,11,20,40,9,1,5,1
20121127,49,44,6,10,23,7,1
20121130,18,23,40,24,10,3,4
20121204,29,5,28,44,10,2,4
20121207,10,18,31,42,16,2,5
20121211,50,4,9,1,43,6,8
20121214,40,29,11,43,10,11,3
20121218,35,14,44,18,20,5,2
20121221,40,5,3,42,22,3,10
20121225,14,20,32,23,18,3,10
20121228,26,49,27,24,17,3,5
20130101,36,49,2,7,8,11,1
20130104,4,10,27,22,41,10,8
20130108,22,26,47,2,20,9,5
20130111,37,22,29,4,41,7,4
20130115,47,42,22,40,38,11,1
20130118,39,26,27,30,4,10,3
20130122,45,10,48,1,44,4,1
20130125,3,10,37,18,31,2,4
20130129,9,16,36,26,39,6,2
20130201,37,5,34,38,21,1,6
20130205,25,6,45,40,31,6,7
20130208,14,44,11,34,9,11,10
20130212,28,25,5,11,16,7,9
20130215,2,4,42,28,22,4,9
20130219,28,30,44,12,15,9,8
20130222,15,37,36,16,28,2,11
20130226,12,13,17,3,30,6,2
20130301,1,11,36,29,42,4,5
20130305,33,31,19,8,39,7,2
20130308,20,42,23,28,3,8,11
20130312,50,4,10,2,22,5,8
20130315,24,14,39,4,21,10,3
20130319,44,32,19,37,35,9,1
20130322,27,32,12,34,49,9,8
20130326,44,30,26,42,4,6,11
20130329,44,30,46,43,13,9,5
20130402,17,12,41,29,25,1,4
20130405,32,1,17,39,11,7,2
20130409,15,44,48,38,35,10,5
20130412,28,45,15,5,10,3,9
20130416,33,50,22,1,11,4,6
20130419,1,46,8,42,48,4,7
20130423,50,4,1,7,10,4,11
20130426,40,38,16,24,11,2,5
20130430,13,50,40,43,36,9,5
20130503,5,49,34,3,40,2,3
20130507,43,27,13,28,42,4,6
20130510,48,35,45,1,32,4,11
20130514,24,7,8,36,27,11,5
20130517,25,24,50,6,20,9,10
20130521,29,19,8,28,7,9,5
20130524,22,17,40,7,27,2,3
20130528,34,38,13,8,26,3,11
20130531,29,43,28,34,27,10,5
20130604,34,33,40,31,37,6,1
20130607,14,26,45,50,7,2,7
20130611,7,9,25,5,41,5,1
20130614,41,25,48,10,47,6,10
20130618,24,33,17,41,44,11,1
20130621,30,11,36,45,10,1,2
20130625,4,13,35,27,5,2,1
20130628,15,1,47,28,35,7,1
20130702,14,13,11,28,30,4,5
20130705,28,4,33,12,15,1,10
20130709,18,16,38,49,31,10,4
20130712,26,42,33,18,32,3,2
20130716,50,34,47,19,23,4,6
20130719,24,35,13,26,16,5,2
20130723,19,14,44,16,15,4,5
20130726,23,38,29,12,49,4,3
20130730,3,14,4,11,43,1,6
20130802,42,36,48,37,21,7,4
20130806,17,47,16,49,31,3,11
20130809,24,4,23,7,9,9,8
20130813,5,20,47,17,50,1,4
20130816,39,20,24,37,27,5,10
20130820,42,11,50,49,5,8,11
20130823,30,37,26,6,1,8,5
20130827,7,40,38,43,30,6,2
20130830,45,25,17,36,2,5,9
20130903,5,18,16,42,9,7,9
20130906,25,11,32,23,37,7,4
20130910,7,28,30,14,11,2,10
20130913,14,27,6,4,33,10,5
20130917,44,17,21,42,13,11,9
20130920,5,11,38,35,45,2,3
20130924,43,20,10,28,26,9,11
20130927,41,15,11,38,43,6,2
20131001,19,44,48,25,23,9,8
20131004,50,35,6,24,20,5,10
20131008,23,24,33,42,26,5,3
20131011,6,17,23,12,43,5,9
20131015,39,18,27,43,47,7,4
20131018,25,36,47,46,5,2,6
20131022,39,33,29,44,41,9,11
20131025,2,31,38,3,10,6,10
20131029,32,9,10,30,37,6,2
20131101,19,33,29,30,7,3,8
20131105,35,38,12,13,6,2,3
20131108,35,20,42,43,28,8,10
20131112,29,48,40,37,14,11,2
20131115,13,42,3,15,29,4,1
20131119,45,14,19,36,15,1,10
20131122,40,26,13,25,50,8,9
20131126,44,27,23,42,19,5,3
20131129,10,23,7,2,43,4,7
20131203,32,6,29,15,13,2,9
20131206,18,31,36,2,1,7,10
20131210,49,50,24,6,35,7,1
20131213,24,22,23,1,31,6,11
20131217,41,6,8,37,27,7,10
20131220,13,22,17,43,12,10,3
20131224,5,31,43,50,19,6,2
20131227,1,22,6,13,28,10,5
20131231,29,45,24,20,13,7,3
20140103,3,44,27,38,31,3,8
20140107,2,45,20,27,33,6,10
20140110,1,27,2,11,29,10,1
20140114,25,18,20,26,37,11,10
20140117,26,19,33,42,32,10,4
20140121,4,42,35,48,12,5,8
20140124,19,41,35,34,5,1,5
20140128,18,23,48,20,42,2,9
20140131,10,15,31,8,16,8,9
20140204,37,1,33,21,38,8,4
20140207,17,19,47,3,46,9,10
20140211,47,25,8,17,41,1,2
20140214,19,39,4,2,6,2,7
20140218,36,37,26,23,49,6,7
20140221,28,13,17,30,32,5,7
20140225,42,21,25,28,35,6,4
20140228,38,44,32,12,43,2,7
20140304,3,22,5,27,44,6,1
20140307,38,10,40,5,41,1,8
20140311,1,4,44,33,23,8,7
20140314,30,24,6,27,25,9,5
20140318,27,36,34,8,39,5,10
20140321,37,7,39,30,42,7,5
20140325,28,50,26,7,20,8,2
20140328,3,43,19,28,4,3,7
20140401,44,38,18,16,26,10,8
20140404,50,45,28,6,10,10,11
20140408,42,11,29,18,49,11,4
20140411,8,33,30,12,19,4,11
20140415,14,50,47,26,3,7,11
20140418,21,47,31,39,24,3,7
20140422,20,46,15,24,13,8,1
20140425,13,49,44,21,24,9,1
20140429,35,26,18,23,44,3,11
20140502,30,42,4,31,38,11,2
20140506,37,5,19,31,24,9,1
20140509,45,28,3,26,21,10,7
20140513,47,34,13,30,4,6,2
20140516,26,23,37,29,40,4,3
20140520,38,5,36,33,47,4,9
20140523,31,3,47,8,34,11,9
20140527,16,13,26,25,7,1,6
20140530,27,41,24,45,5,7,6
20140603,2,39,32,15,44,5,10
20140606,34,40,25,7,49,9,11
20140610,12,18,21,33,32,1,11
20140613,16,22,28,46,18,11,9
20140617,48,13,37,40,11,8,9
20140620,5,38,49,15,25,1,2
20140624,20,1,7,21,48,4,7
20140627,39,34,45,33,31,2,10
20140701,39,25,18,22,27,5,10
20140704,47,18,43,39,4,6,2
20140708,24,18,22,8,27,11,4
20140711,38,35,5,49,22,7,4
20140715,18,27,15,34,20,1,3
20140718,1,41,43,11,29,3,11
20140722,1,43,50,45,24,5,8
20140725,10,24,9,12,43,5,9
20140729,40,23,35,10,43,9,3
20140801,50,44,46,48,24,10,5
20140805,5,21,42,7,19,11,5
20140808,29,21,35,46,43,1,9
20140812,22,19,7,16,33,5,2
20140815,4,21,30,5,23,10,8
20140819,11,34,47,4,7,7,8
20140822,29,17,49,35,4,1,2
20140826,36,48,45,10,22,11,4
20140829,32,38,26,9,2,3,6
20140902,39,45,25,31,5,8,1
20140905,18,50,23,46,1,9,3
20140909,15,35,19,8,24,10,8
20140912,31,9,33,26,13,7,11
20140916,4,30,35,50,29,4,2
20140919,6,34,8,38,48,9,3
20140923,13,35,14,29,12,1,7
20140926,46,35,47,13,27,1,2
20140930,33,13,15,3,42,5,7
20141003,13,23,50,48,4,10,5
20141007,38,30,21,9,28,8,1
20141010,29,42,47,45,6,9,10
20141014,15,23,32,4,5,7,3
20141017,49,13,48,1,40,8,10
20141021,40,33,27,20,21,3,10
20141024,42,20,3,30,9,6,1
20141028,45,17,40,10,15,1,2
20141031,10,41,13,20,33,9,3
20141104,1,13,6,26,17,3,5
20141107,32,13,38,46,25,10,1
20141111,46,14,36,2,21,11,7
20141114,36,32,38,48,17,8,5
20141118,3,2,36,38,17,11,4
20141121,28,32,7,37,4,5,10
20141125,32,7,36,3,25,1,6
20141128,10,23,6,41,15,10,4
20141202,15,25,3,49,44,9,1
20141205,5,8,48,47,37,3,2
20141209,31,1,3,42,46,11,4
20141212,28,2,15,31,37,4,6
20141216,13,7,3,25,12,5,8
20141219,39,44,23,29,31,5,8
20141223,49,25,9,19,8,10,2
20141226,26,45,27,49,17,2,3
20141230,6,18,39,50,44,11,8
20150102,24,25,49,28,22,3,6
20150106,20,38,30,14,49,4,3
20150109,6,32,45,21,24,1,11
20150113,34,31,21,8,17,10,9
20150116,34,32,29,30,46,6,3
20150120,33,47,15,41,44,10,8
20150123,30,45,29,38,6,8,1
20150127,10,33,5,31,40,10,8
20150130,9,24,15,13,19,3,8
20150203,50,44,17,31,33,11,7
20150206,50,30,10,26,39,8,7
20150210,30,45,20,13,17,9,10
20150213,24,12,39,44,42,3,11
20150217,5,2,18,43,30,10,1
20150220,37,46,10,4,14,4,7
20150224,3,28,25,34,50,1,11
20150227,17,25,14,5,47,10,9
20150303,6,21,13,8,11,8,7
20150306,47,30,49,50,23,7,2
20150310,31,30,2,6,23,10,2
20150313,4,5,22,18,23,3,1
20150317,11,23,44,38,26,8,1
20150320,3,14,42,48,37,1,10
20150324,40,10,39,24,26,3,10
20150327,30,39,32,44,2,10,6
20150331,8,28,20,24,49,8,9
20150403,39,37,49,29,27,4,2
20150407,39,25,50,44,18,8,5
20150410,25,43,22,23,30,5,9
20150414,49,34,32,24,35,2,1
20150417,39,2,34,24,30,11,8
20150421,14,42,17,6,45,8,1
20150424,31,5,40,29,19,3,10
20150428,36,24,28,26,45,10,7
20150501,19,26,20,25,3,6,10
20150505,1,17,10,42,20,9,8
20150508,14,19,49,7,47,10,3
20150512,29,30,14,46,40,3,6
20150515,47,42,44,5,35,9,8
20150519,35,37,31,26,30,11,8
20150522,18,44,35,24,45,5,11
20150526,6,24,7,21,5,6,5
20150529,4,20,48,45,3,8,6
20150602,23,7,41,29,37,1,8
20150605,8,7,2,48,45,9,1
20150609,5,34,17,9,32,8,6
20150612,11,10,37,5,8,9,7
20150616,15,10,36,16,37,3,9
20150619,7,14,20,31,42,9,3
20150623,16,38,4,22,49,6,9
20150626,10,19,6,3,24,5,7
20150630,11,28,15,34,37,1,8
20150703,11,18,44,15,12,3,9
20150707,7,41,33,18,6,10,3
20150710,35,8,15,5,41,5,4
20150714,34,18,36,19,6,1,8
20150717,21,48,22,1,43,9,7
20150721,14,29,44,27,20,10,7
20150724,21,46,2,9,35,2,11
20150728,36,23,49,43,32,8,7
20150731,34,21,16,50,40,6,9
20150804,50,15,39,10,45,10,9
20150807,1,5,21,44,39,4,11
20150811,2,16,3,15,8,4,11
20150814,45,4,44,7,39,3,5
20150818,7,10,19,12,11,2,9
20150821,47,4,16,18,43,10,6
20150825,31,33,50,27,42,5,2
20150828,11,34,30,29,31,4,7
20150901,6,27,45,19,21,8,1
20150904,27,8,45,9,50,8,10
20150908,42,14,40,39,16,1,4
20150911,19,50,10,29,18,9,1
20150915,44,8,15,17,49,5,8
20150918,39,34,33,7,29,8,7
20150922,27,14,23,29,26,7,10
20150925,14,37,30,13,23,8,2
20150929,14,49,26,11,29,3,9
20151002,21,35,7,32,18,11,2
20151006,22,32,29,11,20,1,8
20151009,43,42,47,40,1,9,11
20151013,26,15,12,47,29,11,3
20151016,28,43,7,48,29,3,10
20151020,21,19,30,45,17,8,10
20151023,25,7,32,39,30,2,8
20151027,11,20,25,36,12,9,6
20151030,34,13,17,8,21,6,7
20151103,39,27,49,8,46,2,6
20151106,26,40,38,17,3,4,10
20151110,43,39,13,6,18,2,8
20151113,33,10,18,40,17,8,2
20151117,6,37,23,38,7,11,10
20151120,34,49,30,46,4,8,7
20151124,26,14,17,9,16,10,11
20151127,50,16,30,37,29,6,8
20151201,35,15,45,25,2,10,8
20151204,17,27,18,39,8,7,1
20151208,48,29,12,38,17,9,11
20151211,43,5,21,3,40,11,6
20151215,11,27,35,8,23,4,11
20151218,22,6,26,29,48,5,6
20151222,19,41,18,40,20,7,10
20151225,10,27,40,3,25,9,3
20151229,5,36,32,31,20,6,7
20160101,44,37,38,39,4,4,7
20160105,36,10,6,39,31,6,10
20160108,35,33,26,40,5,3,8
20160112,2,10,30,44,1,1,8
20160115,43,38,19,10,46,1,11
20160119,2,30,38,43,46,7,2
20160122,27,10,30,47,12,9,8
20160126,15,40,24,48,38,2,9
20160129,29,32,23,1,5,1,7
20160202,36,21,10,6,9,6,2
20160205,46,32,27,3,41,4,8
20160209,9,6,13,28,37,4,5
20160212,31,49,28,20,3,5,2
20160216,3,22,50,10,37,6,10
20160219,32,13,14,39,30,3,9
20160223,42,32,23,25,37,11,1
20160226,13,50,5,33,15,9,11
20160301,37,7,28,13,4,11,10
20160304,9,23,40,16,14,1,5
20160308,9,14,23,8,1,7,1
20160311,26,43,1,21,40,9,6
20160315,7,10,5,44,34,10,2
20160318,14,49,21,19,24,5,11
20160322,15,49,12,26,42,5,8
20160325,43,36,12,42,19,8,5
20160329,4,25,19,36,1,3,11
20160401,23,25,2,49,16,6,9
20160405,3,19,40,9,5,5,2
20160408,43,8,49,6,26,10,6
20160412,9,1,5,22,38,10,2
20160415,13,32,37,14,48,1,7
20160419,27,14,44,15,11,7,2
20160422,32,43,26,34,17,2,10
20160426,10,42,17,32,31,2,5
20160429,4,25,28,5,43,6,11
20160503,23,34,8,24,38,3,7
20160506,45,48,40,34,32,10,1
20160510,40,2,26,27,49,10,5
20160513,31,28,42,15,7,10,11
20160517,32,27,39,36,15,3,10
20160520,41,9,30,14,45,4,9
20160524,37,17,34,16,23,9,6
20160527,46,27,13,43,25,4,8
20160531,6,30,26,48,12,6,7
20160603,7,31,39,23,33,6,10
20160607,26,49,19,45,35,2,5
20160610,21,35,42,14,43,7,9
20160614,13,50,42,39,34,11,9
20160617,43,1,18,27,7,8,4
20160621,32,35,17,49,5,5,1
20160624,11,19,39,28,27,3,10
20160628,43,37,32,26,49,5,4
20160701,11,50,13,40,2,10,1
20160705,38,29,10,48,1,4,3
20160708,12,18,8,44,33,8,4
20160712,26,3,41,33,7,2,10
20160715,2,11,14,13,21,1,8
20160719,24,37,19,28,36,6,3
20160722,26,45,24,7,37,9,5
20160726,13,49,10,45,3,11,2
20160729,40,26,50,1,21,4,2
20160802,27,46,38,2,8,2,6
20160805,19,16,24,37,35,2,7
20160809,19,43,44,12,45,10,5
20160812,15,50,36,2,28,11,2
20160816,34,37,46,26,2,4,8
20160819,22,6,5,25,34,7,5
20160823,2,31,45,37,23,8,4
20160826,48,9,30,28,1,7,8
20160830,29,42,13,16,35,6,8
20160902,50,40,16,32,8,2,11
20160906,45,12,34,24,30,7,10
20160909,28,4,11,17,15,1,3
20160913,44,16,4,7,35,3,1
20160916,32,5,22,8,14,2,11
20160920,45,41,4,1,10,9,6
20160923,14,39,42,49,16,9,3
20160927,41,6,13,39,9,2,12
20160930,35,44,17,37,43,10,2
20161004,4,38,7,14,34,4,11
20161007,12,30,27,20,2,11,9
20161011,12,37,20,24,5,4,11
20161014,31,34,19,7,13,11,1
20161018,2,25,17,21,27,9,6
20161021,48,9,23,20,44,10,8
20161025,28,15,21,3,20,5,1
20161028,23,43,10,19,16,8,2
20161101,10,20,6,37,29,9,1
20161104,7,11,12,48,44,7,3
20161108,49,47,9,50,5,9,8
20161111,38,49,3,22,23,9,2
20161115,42,7,15,36,48,3,7
20161118,32,27,12,47,3,8,6
20161122,47,10,5,33,34,10,2
20161125,28,23,5,11,17,10,11
20161129,38,27,21,28,26,11,9
20161202,23,32,6,11,31,2,12
20161206,27,1,7,11,45,9,4
20161209,6,40,37,28,12,1,5
20161213,28,50,48,29,14,8,2
20161216,45,10,6,30,41,11,4
20161220,15,27,13,21,17,3,2
20161223,46,39,16,20,4,5,2
20161227,32,22,39,25,3,7,12
20161230,10,22,29,47,8,1,3
20170103,34,27,49,23,19,11,1
20170106,21,14,49,10,18,9,11
20170110,44,29,35,11,2,4,9
20170113,16,7,50,3,26,4,7
20170117,43,4,25,16,47,10,2
20170120,17,10,27,49,31,3,5
20170124,5,1,23,17,7,3,8
20170127,28,45,20,17,48,9,5
20170131,4,17,44,23,3,6,9
20170203,3,4,50,46,15,9,5
20170207,44,38,4,31,10,10,8
20170210,43,26,7,35,21,9,2
20170214,44,40,24,2,10,3,10
20170217,25,19,33,36,48,2,9
20170221,19,41,49,13,45,4,3
20170224,13,2,43,22,4,8,9
20170228,35,31,10,42,20,2,12
20170303,47,2,11,29,30,12,1
20170307,6,37,50,41,48,5,4
20170310,38,49,31,47,36,8,11
20170314,21,5,44,36,3,3,6
20170317,19,29,36,6,10,9,3
20170321,47,23,20,44,1,11,4
20170324,2,21,17,27,34,5,9
20170328,33,13,46,9,31,6,10
20170331,24,26,45,17,28,4,12
20170404,24,33,9,1,34,2,6
20170407,35,10,2,50,19,7,6
20170411,22,5,31,49,21,8,2
20170414,33,20,4,14,23,6,10
20170418,22,17,45,38,31,12,5
20170421,2,13,22,49,16,4,5
20170425,11,9,32,19,43,3,9
20170428,20,25,30,39,14,8,2
20170502,27,25,19,6,23,12,11
20170505,7,43,30,3,35,1,3
20170509,26,22,16,12,8,7,6
20170512,2,28,29,44,20,3,9
20170516,20,8,30,11,15,3,8
20170519,30,12,9,19,11,9,4
20170523,15,8,42,25,27,1,4
20170526,36,5,39,7,26,2,10
20170530,27,48,38,12,7,9,6
20170602,8,42,33,24,10,9,3
20170606,25,40,20,22,37,7,3
20170609,9,39,27,20,43,11,10
20170613,12,3,22,27,49,11,4
20170616,38,42,15,17,41,9,12
20170620,44,43,11,18,26,8,10
20170623,4,31,21,3,38,3,7
20170627,45,17,21,9,28,1,3
20170630,35,50,39,17,47,6,8
20170704,22,25,10,37,49,8,5
20170707,45,37,20,35,11,3,6
20170711,50,26,42,22,14,8,10
20170714,21,14,20,47,11,10,7
20170718,41,27,1,45,25,7,5
20170721,8,1,26,49,9,9,5
20170725,14,44,43,48,12,11,2
20170728,41,9,31,5,29,4,2
20170801,29,24,21,30,14,10,8
20170804,29,30,41,40,36,9,2
20170808,26,15,40,25,41,4,5
20170811,39,48,28,46,18,12,5
20170815,14,30,46,10,35,4,10
20170818,39,42,24,45,2,2,8
20170822,10,12,17,3,27,3,5
20170825,15,7,1,47,5,9,12
20170829,4,12,32,15,38,1,5
20170901,8,7,3,14,49,5,8
20170905,28,18,29,6,9,9,1
20170908,42,47,24,49,9,1,5
20170912,35,17,29,10,27,4,11
20170915,44,49,13,18,37,9,12
20170919,45,21,1,8,30,3,2
20170922,6,31,39,42,11,3,1
20170926,40,29,1,48,41,12,6
20170929,18,32,7,48,19,3,7
20171003,32,6,50,24,48,1,5
20171006,15,1,9,25,19,1,7
20171010,36,4,37,21,34,6,3
20171013,23,37,50,29,45,5,11
20171017,19,26,17,13,36,2,3
20171020,4,27,23,30,17,3,8
20171024,27,9,33,13,11,10,7
20171027,39,23,16,32,3,1,4
20171031,46,12,43,36,1,3,5
20171103,41,5,33,17,12,4,9
20171107,37,19,41,20,7,12,2
20171110,37,36,29,22,13,1,9
20171114,16,40,39,41,14,8,10
20171117,35,36,26,42,20,5,12
20171121,31,28,10,2,14,7,5
20171124,28,24,50,19,30,10,3
20171128,42,1,12,6,18,2,7
20171201,5,46,29,35,24,11,12
20171205,48,11,44,43,36,2,7
20171208,34,32,22,30,4,4,3
20171212,39,20,37,50,44,4,8
20171215,25,42,30,50,31,11,2
20171219,15,38,46,8,30,4,7
20171222,5,30,24,31,43,3,6
20171226,30,4,17,44,43,10,2
20171229,4,48,8,22,23,1,12
20180102,20,10,21,48,28,1,8
20180105,41,38,20,5,2,4,8
20180109,6,49,38,12,15,9,2
20180112,45,30,21,13,23,6,4
20180116,46,34,31,20,23,3,12
20180119,44,3,17,50,8,2,7
20180123,5,23,8,9,24,7,8
20180126,28,15,24,48,6,9,4
20180130,11,15,35,27,21,5,4
20180202,36,39,34,14,48,2,3
20180206,8,28,17,38,34,6,12
20180209,38,22,31,44,36,11,1
20180213,13,44,10,21,17,10,1
20180216,23,32,50,12,10,10,4
20180220,6,25,14,19,29,11,5
20180223,18,17,28,47,10,3,7
20180227,48,31,3,41,50,11,8
20180302,2,7,34,48,45,1,12
20180306,26,44,20,31,15,2,9
20180309,44,9,14,21,32,12,1
20180313,11,9,13,33,49,12,6
20180316,31,4,27,24,17,11,10
20180320,44,39,29,26,37,9,11
20180323,46,5,50,7,11,11,8
20180327,46,40,20,23,17,9,10
20180330,35,47,28,17,12,7,11
20180403,43,3,40,16,8,8,5
20180406,45,47,29,33,1,4,8
20180410,48,14,39,46,27,11,12
20180413,48,50,34,25,5,7,6
20180417,39,15,33,27,50,6,4
20180420,44,39,3,25,16,11,7
20180424,28,44,30,23,20,3,7
20180427,24,40,12,41,46,5,12
20180501,48,42,15,17,6,4,6
20180504,23,6,12,45,39,12,9
20180508,17,35,25,39,44,5,2
20180511,22,34,3,50,49,11,8
20180515,20,16,4,31,39,2,12
20180518,8,31,5,10,13,6,3
20180522,48,11,1,37,41,8,12
20180525,13,16,15,41,28,4,5
20180529,20,43,6,38,11,4,2
20180601,29,17,40,24,18,4,5
20180605,39,46,9,22,15,5,4
20180608,43,46,8,32,19,8,2
20180612,36,38,23,21,7,6,8
20180615,26,23,49,33,38,1,12
20180619,26,7,19,50,42,9,4
20180622,44,39,41,14,25,8,2
20180626,20,34,16,15,50,7,4
20180629,15,21,40,23,48,3,12
20180703,15,29,12,48,1,5,3
20180706,30,8,48,33,38,10,2
20180710,3,33,26,8,45,10,7
20180713,49,14,4,1,21,2,12
20180717,4,50,6,27,48,1,11
20180720,15,2,43,40,46,3,6
20180724,40,23,2,4,39,3,9
20180727,17,23,11,22,41,11,6
20180731,25,34,20,42,45,6,11
20180803,26,38,36,43,7,12,6
20180807,30,29,28,36,16,10,8
20180810,43,44,20,18,36,9,3
20180814,31,1,15,25,18,9,11
20180817,18,24,2,43,15,8,12
20180821,43,16,49,23,42,12,10
20180824,31,36,50,14,3,12,1
20180828,42,46,4,16,32,12,8
20180831,4,42,30,38,31,4,6
20180904,47,5,28,30,14,11,4
20180907,50,31,27,4,23,1,8
20180911,32,18,9,38,46,2,3
20180914,45,40,33,1,3,4,3
20180918,10,32,45,8,3,4,12
20180921,5,7,37,25,21,3,4
20180925,38,6,20,30,15,4,7
20180928,4,8,50,2,27,2,9
20181002,45,29,37,7,17,11,3
20181005,16,8,26,35,24,11,3
20181009,3,45,44,12,36,11,8
20181012,31,4,12,43,9,8,5
20181016,15,28,42,37,40,1,6
20181019,1,3,47,29,48,12,3
20181023,32,2,1,5,21,12,2
20181026,5,31,18,21,35,6,9
20181030,44,27,23,17,43,1,12
20181102,15,37,5,17,44,11,7
20181106,14,36,24,43,40,2,9
20181109,49,17,37,32,14,11,12
20181113,10,7,13,2,42,6,3
20181116,9,10,28,41,13,12,1
20181120,6,48,19,45,39,7,12
20181123,25,30,5,26,8,3,10
20181127,17,16,4,32,18,11,2
20181130,3,10,26,23,12,12,1
20181204,21,19,45,20,42,8,9
20181207,17,11,37,48,26,1,10
20181211,4,13,7,42,23,1,3
20181214,29,12,38,44,42,12,2
20181218,1,18,39,48,9,7,5
20181221,12,2,34,50,15,4,3
20181225,8,4,43,31,5,9,2
20181228,34,16,35,45,13,10,12
20190101,11,25,8,28,1,4,6
20190104,19,7,11,37,27,10,6
20190108,19,32,31,3,22,2,11
20190111,19,48,31,39,1,6,1
20190115,33,22,35,25,29,3,6
20190118,5,16,46,6,30,5,10
20190122,29,49,41,9,23,8,10
20190125,15,16,13,6,1,6,10
20190129,39,14,24,32,26,8,3
20190201,3,41,26,46,21,6,1
20190205,31,43,14,25,37,2,3
20190208,46,12,13,39,11,7,10
20190212,34,36,50,41,6,1,5
20190215,49,38,27,34,15,2,10
20190219,19,8,18,1,39,9,7
20190222,50,33,29,3,27,7,3
20190226,29,47,15,3,35,4,3
20190301,9,19,26,31,6,12,11
20190305,16,10,46,39,6,8,11
20190308,40,17,24,19,18,8,4
20190312,5,13,7,19,31,9,2
20190315,46,24,42,15,3,12,9
20190319,9,6,1,47,34,12,7
20190322,17,43,26,4,30,11,6
20190326,47,43,19,23,12,2,6
20190329,13,23,26,47,32,6,10
20190402,9,26,16,2,36,6,7
20190405,7,45,10,1,29,5,3
20190409,38,41,18,29,21,1,11
20190412,46,28,1,35,36,6,9
20190416,1,49,15,8,44,2,11
20190419,32,49,8,7,41,11,5
20190423,23,44,18,27,42,7,2
20190426,33,35,50,47,14,11,9
20190430,20,26,12,48,5,2,11
20190503,2,20,27,43,9,5,6
20190507,32,20,47,7,26,2,11
20190510,1,45,27,4,48,7,1
20190514,14,25,50,10,17,2,10
20190517,42,16,28,43,45,6,7
20190521,47,32,34,33,39,12,8
20190524,5,30,49,23,16,7,6
20190528,28,7,29,19,20,1,5
20190531,1,26,23,35,24,11,1
20190604,31,32,9,39,41,8,2
20190607,34,16,4,1,20,2,5
20190611,27,46,42,25,39,11,12
20190614,30,1,39,13,31,2,7
20190618,44,40,12,37,24,3,7
20190621,9,8,39,25,5,3,7
20190625,27,34,6,26,46,1,9
20190628,1,33,3,49,16,2,11
20190702,19,44,11,29,45,12,8
20190705,20,2,42,34,9,9,6
20190709,32,7,41,36,29,7,6
20190712,2,31,39,45,47,8,4
20190716,5,13,18,39,3,8,7
20190719,26,17,13,14,28,7,2
20190723,38,19,23,1,14,7,3
20190726,27,2,42,5,37,10,3
20190730,15,27,23,40,20,3,6
20190802,33,44,13,22,50,5,2
20190806,38,12,29,36,13,4,12
20190809,35,41,14,2,42,11,10
20190813,31,13,33,29,40,2,3
20190816,9,42,10,27,37,1,5
20190820,23,24,22,20,37,1,4
20190823,4,17,42,45,35,8,2
20190827,26,8,35,47,43,9,1
20190830,45,49,27,46,25,6,4
20190903,44,11,38,7,39,10,7
20190906,13,22,40,10,48,5,2
20190910,3,30,49,25,22,3,6
20190913,12,1,42,47,27,6,7
20190917,22,45,43,44,37,1,12
20190920,25,50,21,38,8,4,8
20190924,2,48,33,47,42,1,2
20190927,46,43,41,37,24,8,2
20191001,40,18,11,2,46,4,1
20191004,44,41,35,9,6,9,6
20191008,44,15,49,10,7,3,12
20191011,42,45,19,2,14,5,6
20191015,3,34,31,32,28,4,5
20191018,18,22,42,41,8,11,12
20191022,2,5,33,47,32,7,8
20191025,37,50,34,39,40,4,10
20191029,49,42,28,16,18,10,5
20191101,39,2,44,20,48,5,7
20191105,25,14,33,9,48,12,2
20191108,20,8,45,23,17,2,8
20191112,1,25,21,39,23,2,4
20191115,20,13,34,3,32,4,11
20191119,10,15,42,30,8,4,6
20191122,3,48,32,34,21,3,11
20191126,34,3,15,2,19,5,8
20191129,50,42,12,3,7,6,8
20191203,32,31,38,18,48,12,4
20191206,46,1,39,3,27,1,10
20191210,19,47,21,2,10,8,2
20191213,16,9,23,18,32,2,10
20191217,7,1,12,25,49,9,6
20191220,8,24,32,34,30,3,4
20191224,47,14,11,13,3,3,6
20191227,22,26,35,7,1,5,10
20191231,41,31,48,33,26,4,2
20200103,15,5,20,47,36,12,8
20200107,8,37,12,5,43,11,6
20200110,32,44,17,6,46,2,6
20200114,25,39,21,44,29,9,8
20200117,20,8,29,44,19,8,3
20200121,36,10,24,11,46,3,5
20200124,9,6,4,3,24,8,5
20200128,31,27,1,19,38,5,4
20200131,20,23,13,30,18,2,4
20200204,35,21,33,23,47,6,7
20200207,17,15,9,25,40,9,3
20200211,43,26,24,32,46,6,10
20200214,5,35,20,41,49,10,6
20200218,34,32,11,38,47,10,2
20200221,32,23,30,45,7,5,9
20200225,4,42,18,27,1,6,4
20200228,8,11,23,20,22,4,3
20200303,27,44,4,14,45,10,1
20200306,15,43,38,45,46,11,1
20200310,23,43,30,11,37,5,12
20200313,21,3,11,36,27,10,9
20200317,5,7,16,8,20,12,2
20200320,40,9,20,34,3,6,12
20200324,33,12,7,26,30,11,10
20200327,14,41,27,46,11,3,2
20200331,30,12,17,24,36,9,1
20200403,50,16,34,19,46,2,6
20200407,33,14,4,48,5,7,12
20200410,33,17,3,39,10,1,4
20200414,40,34,29,6,35,11,4
20200417,37,32,45,28,16,1,11
20200421,11,10,23,14,28,6,8
20200424,28,5,1,21,19,7,4
20200428,32,28,26,15,23,1,5
20200501,47,20,19,45,38,2,6
20200505,2,27,22,10,41,3,2
20200508,33,38,8,25,32,9,7
20200512,16,9,29,39,37,4,11
20200515,34,23,32,39,11,1,6
20200519,43,32,37,25,5,6,7
20200522,18,22,32,3,27,2,7
20200526,9,4,27,14,21,4,6
20200529,4,11,8,46,19,4,8
20200602,49,22,12,26,10,11,7
20200605,24,11,37,17,5,6,3
20200609,46,36,27,5,15,8,2
20200612,24,39,46,2,45,4,8
20200616,39,9,11,4,17,2,10
20200619,14,5,24,43,19,3,11
20200623,19,46,49,12,2,8,1
20200626,12,26,21,1,10,5,11
20200630,11,42,1,28,6,2,10
20200703,27,4,16,39,37,3,6
20200707,41,33,23,12,16,8,10
20200710,30,38,15,17,23,2,7
20200714,30,22,37,11,47,9,10
20200717,7,27,41,15,43,7,9
20200721,29,15,42,14,24,2,4
20200724,8,28,50,27,9,12,4
20200728,34,17,13,9,15,7,2
20200731,30,46,24,21,49,2,5
20200804,42,2,5,1,15,8,5
20200807,36,20,5,41,21,11,6
20200811,14,13,50,8,42,3,9
20200814,49,10,42,9,19,4,12
20200818,12,34,42,17,6,12,5
20200821,10,35,50,15,44,5,3
20200825,18,37,39,30,7,10,8
20200828,31,16,17,7,12,9,7
20200901,46,8,4,33,10,8,11
20200904,6,29,43,40,22,7,4
20200908,9,35,2,41,31,12,9
20200911,34,38,45,43,42,12,9
20200915,38,25,30,16,20,8,6
20200918,25,45,19,2,10,1,7
20200922,28,39,25,40,16,1,6
20200925,34,45,19,23,37,1,7
20200929,16,14,4,44,41,11,12
20201002,15,45,12,6,40,9,3
20201006,41,36,4,21,47,11,9
20201009,15,11,35,50,41,8,5
20201013,5,41,46,38,14,10,1
20201016,15,40,38,33,50,6,3
20201020,15,5,42,37,6,4,3
20201023,19,23,10,21,15,3,12
20201027,13,15,28,44,32,12,3
20201030,21,16,20,12,28,9,3
20201103,5,7,18,20,30,7,6
20201106,12,37,7,50,40,1,2
20201110,19,3,38,32,29,12,5
20201113,31,17,1,28,5,1,10
20201117,30,25,44,19,16,6,2
20201120,28,50,48,39,29,5,7
20201124,50,33,38,42,25,12,8
20201127,8,14,16,5,2,9,8
20201201,29,49,20,14,47,12,4
20201204,14,38,20,27,34,1,11
20201208,1,46,21,4,24,2,12
20201211,41,13,24,9,6,3,12
20201215,21,9,35,13,29,2,1
20201218,2,21,17,3,13,7,8
20201222,42,10,50,2,16,11,4
20201225,16,21,27,30,32,3,5
20201229,7,40,39,45,32,8,3
20210101,32,16,48,44,28,1,9
20210105,37,42,12,34,38,3,1
20210108,42,23,37,41,18,4,6
20210112,10,34,2,35,18,6,9
20210115,27,10,4,40,38,11,3
20210119,25,35,31,27,43,5,6
20210122,16,47,42,8,44,7,6
20210126,7,37,25,40,5,2,8
20210129,27,36,5,42,1,6,1
20210202,38,18,48,20,35,9,12
20210205,45,12,37,19,44,6,2
20210209,24,5,31,10,37,9,10
20210212,32,7,36,30,23,12,8
20210216,30,25,29,9,5,6,7
20210219,25,48,4,46,12,12,7
20210223,30,9,39,18,45,3,1
20210226,6,12,22,29,33,11,6
20210302,24,49,19,26,2,6,7
20210305,4,46,5,39,48,7,10
20210309,16,21,33,32,1,11,12
20210312,11,4,6,44,9,10,11
20210316,32,25,23,47,35,2,6
20210319,35,44,43,9,3,10,1
20210323,2,26,29,36,49,3,9
20210326,49,12,50,10,37,8,3
20210330,42,24,29,28,27,8,4
20210402,21,47,4,40,34,2,5
20210406,50,21,37,38,2,8,7
20210409,44,8,35,32,2,8,11
20210413,47,16,31,50,20,8,2
20210416,29,11,40,48,6,9,5
20210420,28,46,17,5,41,11,10
20210423,29,19,15,3,14,2,8
20210427,13,49,14,24,35,1,10
20210430,1,28,24,46,16,11,2
20210504,46,13,10,28,3,11,4
20210507,33,38,47,22,14,9,8
20210511,14,46,43,34,25,6,5
20210514,6,38,29,16,18,6,11
20210518,13,39,40,38,5,4,12
20210521,9,13,35,2,15,10,3
20210525,38,21,26,1,30,8,2
20210528,16,40,13,11,34,1,12
20210601,35,10,44,3,26,7,6
20210604,40,20,36,46,7,2,4
20210608,47,26,2,36,11,9,7
20210611,17,33,9,21,39,7,11
20210615,30,31,11,26,21,2,3
20210618,27,20,41,11,30,3,5
20210622,27,24,26,6,41,8,3
20210625,33,29,36,1,30,12,3
20210629,6,12,24,20,48,6,5
20210702,49,29,38,9,14,7,10
20210706,2,42,5,27,21,9,11
20210709,37,19,6,36,49,11,4
20210713,22,11,6,8,5,3,4
20210716,47,5,16,42,49,3,11
20210720,19,48,3,41,12,6,9
20210723,34,50,26,23,24,4,2
20210727,19,21,25,5,9,12,10
20210730,23,10,35,33,37,5,10
20210803,46,23,45,21,17,7,11
20210806,32,21,7,26,14,12,4
20210810,47,9,48,49,37,2,7
20210813,49,44,47,12,6,8,12
20210817,47,12,41,42,31,6,4
20210820,3,19,9,20,23,11,9
20210824,21,36,44,19,50,3,10
20210827,31,46,3,50,2,12,8
20210831,17,5,32,13,43,2,10
20210903,5,13,29,35,7,3,7
20210907,42,7,19,35,43,7,9
20210910,6,7,28,18,1,2,8
20210914,12,38,45,18,35,2,8
20210917,10,7,5,8,34,9,1
20210921,20,25,26,30,38,8,2
20210924,27,12,20,2,41,10,12
20210928,12,7,6,33,39,7,1
20211001,1,19,15,48,26,6,12
20211005,45,14,36,13,11,7,9
20211008,10,42,23,46,1,3,5
20211012,13,45,22,6,49,10,11
20211015,49,21,26,34,31,5,2
20211019,40,4,36,41,20,1,6
20211022,33,12,17,39,22,2,12
20211026,12,44,42,15,20,2,1
20211029,28,10,32,15,49,9,3
20211102,29,43,2,3,17,4,1
20211105,41,25,2,12,30,11,8
20211109,33,25,36,26,17,8,1
20211112,50,15,9,47,2,9,6
20211116,9,32,36,19,21,4,3
20211119,50,26,47,22,38,6,2
20211123,21,17,42,36,46,10,7
20211126,50,20,41,42,1,3,7
20211130,43,19,33,26,20,4,1
20211203,46,21,32,22,29,9,10
20211207,22,31,46,47,38,7,11
20211210,11,21,42,38,33,8,2
20211214,37,19,47,21,48,3,6
20211217,30,1,35,2,15,2,7
20211221,34,38,17,12,21,2,3
20211224,41,2,34,26,28,10,5
20211228,4,29,15,17,6,9,12
20211231,25,7,43,22,49,7,6
20220104,28,41,18,35,36,6,11
20220107,14,2,50,37,44,7,11
20220111,33,23,44,32,4,12,9
20220114,25,6,46,17,31,12,9
20220118,12,30,24,3,19,5,2
20220121,5,35,39,14,36,12,7
20220125,16,6,47,18,39,2,4
20220128,34,10,25,29,45,10,9
20220201,49,36,1,19,38,9,6
20220204,49,38,3,25,43,7,3
20220208,43,34,20,6,37,7,10
20220211,45,13,42,18,38,7,11
20220215,33,20,31,9,44,12,2
20220218,25,41,50,43,38,6,10
20220222,26,32,14,5,9,7,3
20220225,24,10,30,42,13,1,5
20220301,26,24,42,39,8,5,3
20220304,40,20,43,6,42,10,12
20220308,18,12,31,25,21,9,2
20220311,23,22,12,19,48,6,2
20220315,2,26,19,12,1,8,2
20220318,43,1,9,14,17,12,6
20220322,7,29,17,40,21,8,11
20220325,10,29,24,6,27,12,5
20220329,43,33,11,8,42,11,6
20220401,21,45,31,2,7,10,4
20220405,13,1,24,11,49,5,6
20220408,16,38,1,45,15,4,11
20220412,30,47,35,31,21,10,2
20220415,32,48,6,24,30,6,5
20220419,28,46,2,17,12,10,6
20220422,11,6,35,36,21,9,1
20220426,25,4,28,34,45,11,8
20220429,37,36,10,20,11,7,3
20220503,26,48,47,8,20,8,3
20220506,3,24,8,18,40,11,3
20220510,28,3,29,25,27,4,9
20220513,11,45,17,48,3,8,4
20220517,49,28,30,5,48,5,11
20220520,32,23,8,22,50,3,9
20220524,27,13,10,36,37,10,2
20220527,15,34,28,48,23,3,5
20220531,42,13,10,49,3,3,9
20220603,29,12,48,28,34,9,11
20220607,17,6,31,25,16,2,6
20220610,37,26,40,17,36,9,12
20220614,7,40,2,27,34,3,11
20220617,21,22,38,19,31,7,11
20220621,23,36,39,6,47,10,8
20220624,50,44,17,10,28,12,8
20220628,35,10,47,42,48,11,2
20220701,46,6,34,24,18,12,3
20220705,7,25,48,45,10,3,6
20220708,28,46,43,35,31,7,4
20220712,50,18,25,24,14,11,6
20220715,38,17,29,9,39,10,7
20220719,41,6,27,40,23,2,12
20220722,32,29,50,18,16,11,4
20220726,3,5,17,27,25,9,1
20220729,38,48,43,23,3,8,3
20220802,28,48,18,40,7,11,8
20220805,29,3,44,33,35,10,8
20220809,47,18,21,19,27,11,5
20220812,14,42,35,17,34,10,6
20220816,10,25,14,39,32,7,8
20220819,9,2,19,38,13,2,6
20220823,48,39,26,19,31,2,3
20220826,22,23,44,25,38,12,11
20220830,6,10,4,15,19,1,4
20220902,7,45,12,20,13,3,12
20220906,10,44,7,29,22,4,5
20220909,26,17,23,24,27,4,9
20220913,40,9,12,15,47,1,11
20220916,49,10,45,36,27,3,4
20220920,21,11,32,48,23,12,3
20220923,22,35,48,15,14,8,3
20220927,34,4,44,20,21,3,1
20220930,2,16,11,1,26,3,12
20221004,3,28,18,43,42,12,3
20221007,50,27,45,26,42,12,1
20221011,40,35,8,32,23,8,1
20221014,28,48,29,24,34,7,3
20221018,42,3,5,48,13,6,1
20221021,26,28,38,25,40,1,6
20221025,24,7,46,34,39,6,1
20221028,28,35,21,16,14,11,1
20221101,42,48,19,37,47,6,1
20221104,11,2,37,47,45,2,3
20221108,50,32,33,5,3,1,8
20221111,25,2,19,44,24,2,10
20221115,31,21,13,24,33,1,12
20221118,41,13,35,19,16,11,1
20221122,24,29,42,21,22,3,11
20221125,21,19,39,35,37,2,6
20221129,20,38,35,15,24,12,8
20221202,39,12,35,21,45,11,6
20221206,20,25,27,26,12,8,12
20221209,8,46,31,27,50,3,1
20221213,30,3,12,26,9,10,11
20221216,2,15,44,35,19,7,2
20221220,1,20,11,17,27,4,5
20221223,16,17,26,23,35,5,11
20221227,33,31,19,34,43,5,3
20221230,48,42,17,34,47,1,9
20230103,20,29,21,46,45,10,3
20230106,44,16,35,45,31,12,4
20230110,42,11,34,13,40,10,3
20230113,13,4,33,25,37,10,5
20230117,18,46,30,50,21,2,6
20230120,40,6,13,42,3,7,11
20230124,11,27,47,41,43,7,11
20230127,15,19,31,8,9,12,10
20230131,7,12,33,43,19,3,7
20230203,14,32,45,2,17,10,3
20230207,8,47,34,44,2,9,3
20230210,3,13,36,25,47,3,8
20230214,43,24,46,26,38,2,3
20230217,42,27,45,23,8,1,9
20230221,49,41,22,34,21,2,7
20230224,42,34,7,23,48,1,3
20230228,29,33,12,37,47,10,5
20230303,24,3,8,50,6,10,11
20230307,50,24,35,13,11,6,11
20230310,9,16,48,37,38,7,2
20230314,26,46,28,31,16,12,11
20230317,37,5,26,15,49,8,11
20230321,29,1,9,32,20,3,2
20230324,36,25,5,46,12,10,6
20230328,21,16,34,36,44,9,10
20230331,28,34,47,16,18,10,5
20230404,50,33,16,31,10,3,8
20230407,26,28,46,5,36,12,6
20230411,19,16,14,29,10,2,10
20230414,44,4,37,49,11,7,6
20230418,37,21,17,35,23,11,10
20230421,18,8,7,42,33,8,2
20230425,29,45,40,10,30,12,1
20230428,34,23,11,13,16,1,10
20230502,48,44,32,7,47,8,7
20230505,34,8,49,18,3,3,7
20230509,21,28,13,17,46,9,7
20230512,9,44,13,39,10,6,4
20230516,14,6,9,4,37,4,11
20230519,41,27,34,49,18,3,9
20230523,34,5,14,6,23,11,2
20230526,38,25,15,37,41,1,7
20230530,27,47,33,29,32,8,2
20230602,25,3,15,43,12,10,11
20230606,21,13,39,32,50,10,2
20230609,18,26,36,50,41,11,12
20230613,15,16,21,50,41,5,6
20230616,34,7,41,26,44,9,11
20230620,35,28,11,32,17,6,5
20230623,11,3,33,46,1,10,11
20230627,27,22,44,17,23,7,1
20230630,29,25,6,36,1,10,7
20230704,23,36,44,17,14,8,2
20230707,2,12,19,11,38,8,4
20230711,48,28,2,11,42,4,9
20230714,5,29,48,8,35,5,6
20230718,34,35,12,4,45,9,1
20230721,7,35,33,36,31,10,7
20230725,11,7,27,5,37,12,6
20230728,38,7,34,32,33,9,6
20230801,35,27,25,45,40,7,11
20230804,15,31,48,20,44,1,3
20230808,40,8,33,9,35,6,3
20230811,10,13,34,4,6,3,5
20230815,3,32,5,43,9,6,10
20230818,47,25,23,30,44,9,12
20230822,23,9,40,2,32,6,7
20230825,44,35,16,34,17,5,10
20230829,21,40,23,32,49,11,8
20230901,35,43,37,5,4,5,6
20230905,41,48,7,1,24,10,12
20230908,33,20,10,21,26,4,3
20230912,14,5,42,36,40,11,2
20230915,21,45,12,48,14,8,11
20230919,10,31,41,15,42,2,5
20230922,3,23,35,34,24,8,5
20230926,14,6,23,2,19,5,7
20230929,32,9,11,21,13,7,2
20231003,45,6,22,24,20,5,4
20231006,31,43,21,29,34,2,9
20231010,18,33,20,22,43,3,9
20231013,41,26,21,40,28,4,2
20231017,40,20,10,35,17,4,3
20231020,20,40,28,2,45,5,1
20231024,18,16,8,31,34,6,9
20231027,29,48,33,49,35,8,3
20231031,20,40,5,50,7,10,2
20231103,31,47,21,39,8,9,5
20231107,8,10,11,39,30,10,4
20231110,30,42,10,21,38,12,2
20231114,13,50,36,16,44,3,5
20231117,26,50,24,2,46,2,7
20231121,46,47,29,34,19,2,3
20231124,48,15,29,20,39,7,1
20231128,27,44,12,33,16,7,8
20231201,38,10,4,14,50,9,12
20231205,6,20,4,24,25,5,9
20231208,48,30,50,42,17,4,8
20231212,43,39,28,37,6,9,12
20231215,2,13,37,38,48,9,5
20231219,20,43,41,45,10,12,2
20231222,14,49,34,44,6,12,4
20231226,47,27,8,30,35,9,10
20231229,2,36,19,37,3,9,6
20240102,7,18,49,46,15,12,10
20240105,18,4,39,7,50,8,3
20240109,12,9,2,39,40,3,1
20240112,18,16,17,49,45,9,12
20240116,18,21,33,45,10,12,8
20240119,50,27,28,48,44,7,12
20240123,48,23,14,50,39,12,3
20240126,32,19,41,8,42,12,9
20240130,10,27,5,30,19,6,5
20240202,13,42,27,23,20,9,5
20240206,45,7,2,28,21,11,5
20240209,37,35,45,24,23,12,9
20240213,13,18,46,17,20,9,4
20240216,26,14,13,24,8,1,2
20240220,42,31,37,48,23,7,3
20240223,27,49,30,24,28,1,12
20240227,20,3,4,9,12,5,6
20240301,34,20,4,19,7,2,4
20240305,23,36,2,17,15,8,3
20240308,12,11,8,44,16,4,7
20240312,30,38,19,13,46,4,12
20240315,31,40,34,4,1,4,5
20240319,32,18,7,20,16,1,3
20240322,32,8,44,11,23,9,10
20240326,14,26,29,13,2,5,6
20240329,49,35,36,17,16,10,1
20240402,36,1,48,23,31,8,5
20240405,26,37,35,18,13,11,8
20240409,27,46,19,23,26,2,10
20240412,45,16,12,2,3,11,2
20240416,39,31,46,29,22,3,7
20240419,10,20,46,40,44,1,3
20240423,9,49,11,6,32,2,10
20240426,47,2,39,20,40,8,4
20240430,24,47,13,22,33,5,1
20240503,6,49,9,30,10,4,3
20240507,45,35,42,36,41,11,6
20240510,29,44,13,48,28,12,4
20240514,35,2,8,28,17,7,9
20240517,31,41,46,32,18,10,1
20240521,13,11,48,14,34,9,7
20240524,12,9,22,18,50,1,3
20240528,18,16,35,41,36,6,7
20240531,16,33,4,34,7,8,7
20240604,43,7,6,9,14,4,3
20240607,30,26,15,37,16,8,5
20240611,48,15,7,34,45,7,9
20240614,13,2,16,24,32,7,1
20240618,34,11,36,33,3,12,1
20240621,4,3,11,7,17,12,3
20240625,14,16,49,45,37,5,7
20240628,10,18,35,16,22,10,1
20240702,46,7,2,34,35,6,8
20240705,29,47,31,13,11,11,1
20240709,28,15,19,39,6,7,11
20240712,12,39,24,25,18,10,8
20240716,39,35,2,36,32,7,8
20240719,44,22,35,48,15,6,7
20240723,8,10,16,34,4,8,4
20240726,35,37,23,19,4,8,4
20240730,28,37,9,38,25,2,8
20240802,12,7,33,5,46,3,12
20240806,41,27,50,1,18,2,12
20240809,33,23,25,44,21,4,10
20240813,15,16,40,47,39,1,6
20240816,49,45,15,29,17,10,1
20240820,10,18,13,26,7,12,3
20240823,50,47,24,9,15,8,9
20240827,1,47,42,8,11,11,4
20240830,3,24,42,33,27,6,4
20240903,7,9,11,45,16,5,2
20240906,34,47,14,12,41,3,4
20240910,48,46,6,29,47,9,2
20240913,31,42,10,15,17,4,12
20240917,30,32,20,41,44,10,1
20240920,16,37,34,25,29,3,7
20240924,20,21,49,36,18,5,3
20240927,7,21,38,20,27,12,5
20241001,22,41,8,42,29,9,11
20241004,4,17,8,16,20,6,1
20241008,7,19,34,14,40,8,6
20241011,23,46,32,16,49,5,4
20241015,15,48,2,36,32,3,9
20241018,23,39,4,15,30,12,1
20241022,13,46,3,27,30,1,2
20241025,4,20,45,25,17,9,8
20241029,45,30,19,1,2,12,10
20241101,44,7,50,33,38,2,7
20241105,50,8,37,1,19,9,6
20241108,48,2,35,33,42,1,3
20241112,11,12,50,10,22,10,1
20241115,7,39,8,44,34,2,6
20241119,28,20,49,13,4,7,12
20241122,12,10,29,11,31,11,8
20241126,40,25,31,11,7,12,9
20241129,8,18,43,17,29,5,9
20241203,46,23,34,25,47,6,8
20241206,25,39,47,14,44,6,10
20241210,29,25,5,47,24,9,5
20241213,25,1,42,15,50,10,4
20241217,1,21,4,29,3,7,2
20241220,14,10,50,33,21,6,9
20241224,6,24,16,23,10,12,11
20241227,45,33,12,27,22,4,8
20241231,33,24,19,26,28,12,8
20250103,19,35,37,3,29,1,9
20250107,41,20,35,33,47,4,12
20250110,36,37,27,42,12,7,6
20250114,41,48,29,20,18,5,9
20250117,24,42,15,35,8,8,6
20250121,8,6,14,27,41,5,4
20250124,30,2,19,49,11,3,8
20250128,42,41,37,49,9,9,1
20250131,30,41,49,44,22,7,2
20250204,29,43,3,39,4,5,10
20250207,10,24,45,29,23,8,10
20250211,21,3,46,36,41,6,1
20250214,38,14,36,31,4,10,3
20250218,26,40,5,25,14,5,7
20250221,1,43,3,20,11,11,2
20250225,23,24,44,17,22,11,6
20250228,43,31,46,16,7,9,5
20250304,29,42,15,20,35,9,2
20250307,32,6,48,27,10,8,3
20250311,36,37,42,47,13,11,7
20250314,8,33,49,35,10,2,9
20250318,46,9,35,4,50,8,11
20250321,9,17,18,21,50,12,5
20250325,36,3,18,33,1,6,2
20250328,10,21,30,45,42,1,9
20250401,30,49,46,9,24,4,12
20250404,50,27,39,45,41,7,5
20250408,15,3,48,14,49,1,7
20250411,14,34,46,49,28,3,8
20250415,3,31,38,44,33,12,6
20250418,20,48,39,35,27,3,8
20250422,37,47,33,7,28,9,12
20250425,13,32,39,41,22,1,12
20250429,24,30,41,2,9,11,1
20250502,21,49,5,3,19,1,10
20250506,23,24,47,48,8,4,9
20250509,15,18,25,47,29,9,5
20250513,19,9,44,47,50,2,9
20250516,25,9,37,46,6,6,12
20250520,47,1,29,8,13,5,6
20250523,49,43,29,46,10,12,7
20250527,30,41,38,12,40,4,12
20250530,36,7,14,4,33,1,5
20250603,47,12,15,38,48,7,5
20250606,30,29,21,20,35,2,12
20250610,36,40,45,39,19,5,6
20250613,43,40,45,2,28,3,7
20250617,22,44,49,23,13,3,5
20250620,37,24,47,5,8,9,3
20250624,16,21,39,7,23,11,7
20250627,27,45,19,36,49,7,10
20250701,34,17,1,28,32,7,8
20250704,45,19,48,29,42,5,7
20250708,50,18,9,1,8,5,1
20250711,8,24,45,23,49,2,10
20250715,41,45,24,49,38,1,6
20250718,25,19,42,45,13,9,2
20250722,8,41,33,26,15,9,10
20250725,32,36,23,6,7,11,12
20250729,5,46,44,6,42,4,8
20250801,29,4,25,16,30,10,2
20250805,1,3,5,42,47,5,10
20250808,2,34,19,12,44,10,6
20250812,46,48,28,18,42,3,9
20250815,36,40,35,30,13,6,2
20250819,24,43,41,34,31,8,6
20250822,39,30,9,12,6,10,4
20250826,2,42,38,14,45,11,10
20250829,6,13,37,10,9,1,7
20250902,31,32,36,13,30,12,1
20250905,30,27,41,31,43,5,8
20250909,3,24,13,39,40,8,2
20250912,10,37,31,5,23,3,11
