,ball_1,ball_2,ball_3,ball_4,ball_5,star
3058,12,9,48,7,29,4
3059,8,2,11,47,40,7
3060,25,18,3,8,37,6
3061,43,33,42,22,37,4
3062,20,11,36,17,28,10
3063,25,24,31,34,9,9
3064,12,38,28,24,36,3
3065,43,9,40,28,13,3
3066,46,44,37,2,39,4
3067,3,46,25,10,13,5
3068,41,28,3,4,23,8
3069,28,16,11,32,49,10
3070,12,26,28,19,21,2
3071,14,9,16,12,33,2
3072,28,43,29,38,44,3
3073,39,42,38,29,49,3
3074,20,35,27,19,12,4
3075,30,40,3,21,2,4
3076,14,21,48,16,26,3
3077,49,34,36,12,42,10
3078,24,7,18,15,9,10
22080,18,20,4,12,26,8
22081,43,16,10,25,44,4
22082,37,24,34,9,8,2
22083,10,5,49,47,1,1
22084,30,48,7,31,46,3
22085,3,33,4,49,14,3
22086,18,29,49,37,5,8
22087,29,21,31,47,17,4
22088,15,47,39,25,41,9
22089,26,42,13,7,24,2
22090,13,43,31,47,46,10
22091,14,21,24,2,38,6
22092,38,1,4,23,30,6
22093,45,10,5,40,32,5
22094,37,28,23,38,6,1
22095,41,22,3,37,40,2
22096,15,35,11,28,9,2
22097,17,38,37,11,39,2
22098,34,4,48,42,22,3
22099,16,5,14,29,17,3
22100,21,38,17,1,46,2
22101,39,46,2,9,44,9
22102,39,42,36,27,22,10
22103,32,39,22,11,34,3
22104,5,10,28,34,22,4
22105,9,39,10,15,45,7
22106,35,24,44,38,32,6
22107,5,1,35,27,40,4
22108,20,35,30,3,29,9
22109,25,3,8,49,24,5
22110,4,49,20,7,21,10
22111,40,10,38,26,45,1
22112,12,17,1,20,3,3
22113,5,7,44,15,33,1
22114,3,12,22,9,37,10
22115,25,6,32,7,4,10
22116,29,49,35,18,39,1
22117,12,39,26,14,29,10
22118,8,7,35,36,26,2
22119,20,40,31,7,23,1
22120,32,23,39,35,14,7
22121,17,20,48,16,34,7
22122,19,40,32,13,46,7
22123,17,44,7,40,39,3
22124,31,16,27,24,46,1
22125,38,49,20,16,40,2
22126,35,16,38,46,25,8
22127,12,2,25,35,7,10
22128,43,28,33,37,29,1
22129,45,30,4,2,23,5
22130,33,28,48,44,26,4
22131,34,25,45,44,4,7
22132,45,7,38,4,26,2
22133,40,6,38,23,32,10
22134,24,8,9,40,31,7
22135,15,2,1,41,30,9
22136,14,44,34,25,4,7
22137,28,23,34,44,14,5
22138,1,8,48,38,3,1
22139,40,24,19,1,28,8
22140,45,33,47,15,23,7
22141,46,36,45,15,19,4
22142,5,7,28,23,2,5
22143,24,46,9,2,13,6
22144,44,18,28,49,30,5
22145,32,19,34,26,27,9
22146,36,45,9,24,17,7
22147,2,12,38,15,10,5
22148,6,43,29,13,27,2
22149,46,25,47,2,35,10
22150,15,37,4,20,6,10
22151,46,27,42,23,8,3
22152,43,35,6,31,36,4
22153,11,22,15,12,21,7
22154,12,41,47,46,6,6
22155,6,23,32,49,48,4
22156,29,1,3,35,8,8
22157,35,39,16,11,23,8
23001,49,39,45,41,1,5
23002,3,5,49,38,25,10
23003,8,43,7,21,34,6
23004,38,1,48,30,20,3
23005,8,16,17,3,47,9
23006,22,36,40,13,14,9
23007,5,31,10,19,28,4
23008,7,35,48,39,11,8
23009,41,4,45,18,24,6
23010,28,6,10,35,32,9
23011,32,26,44,18,21,10
23012,15,44,5,30,45,5
23013,35,27,8,30,34,5
23014,12,48,38,35,9,5
23015,42,26,31,13,16,2
23016,32,13,5,21,6,3
23017,44,24,16,21,34,7
23018,43,9,15,47,45,9
23019,20,8,33,27,35,2
23020,20,24,5,44,28,6
23021,12,24,1,13,5,9
23022,35,43,41,22,16,7
23023,37,35,3,24,31,4
23024,34,19,3,1,43,3
23025,5,37,14,6,2,1
23026,18,39,45,14,21,8
23027,42,40,35,25,12,6
23028,24,38,41,18,5,7
23029,10,7,46,16,35,5
23030,6,34,14,33,18,6
23031,47,45,35,42,19,2
23032,37,20,15,5,17,2
23033,7,31,8,48,32,5
23034,38,19,10,26,7,8
23035,24,38,33,12,20,2
23036,3,34,29,7,11,4
23037,1,11,23,41,34,9
23038,34,1,32,14,11,9
23039,44,48,17,12,35,8
23040,49,15,39,31,46,4
23041,31,33,16,29,39,2
23042,19,35,48,3,42,10
23043,45,24,15,10,49,2
23044,18,26,10,30,15,7
23045,32,17,15,19,29,10
23046,3,18,42,13,43,9
23047,43,41,5,46,34,5
23048,12,26,48,13,35,1
23049,41,23,25,1,49,2
23050,3,18,24,11,14,10
23051,40,48,36,22,3,5
23052,15,41,33,44,5,10
23053,17,23,13,20,45,8
23054,47,25,42,2,30,10
23055,43,47,16,39,4,5
23056,45,12,44,15,9,1
23057,43,6,25,34,9,5
23079,42,23,2,8,35,7
23080,22,8,19,7,15,5
23081,6,19,48,32,10,5
23082,14,3,10,44,8,2
23083,31,18,34,27,26,8
23084,7,32,42,45,12,6
23085,47,6,20,9,41,9
23086,35,5,39,19,11,9
23087,37,33,42,36,31,3
23088,12,1,31,45,17,7
23089,17,49,18,28,11,7
23090,1,49,29,18,37,4
23091,1,47,22,33,4,1
23092,18,12,32,9,23,9
23093,40,42,2,7,10,2
23094,11,1,15,48,47,7
23095,6,31,45,14,3,9
23096,9,20,44,1,39,9
23097,44,13,3,27,49,9
23098,24,41,19,35,27,9
23099,27,8,32,11,4,10
23100,3,17,4,36,22,6
23101,46,29,25,8,34,7
23102,15,14,21,34,45,5
23103,9,35,23,37,28,7
23104,46,31,20,45,39,10
23105,10,33,47,1,7,10
23106,27,13,2,11,36,10
23107,47,30,15,33,4,10
23108,15,7,3,42,4,4
23109,31,44,40,13,28,6
23110,11,27,30,48,49,8
23111,42,43,32,40,15,4
23112,5,30,40,35,17,6
23113,48,19,37,16,29,1
23114,26,28,40,37,6,8
23115,4,13,27,46,21,4
23116,44,14,30,25,17,3
23117,33,48,25,23,41,1
23118,6,40,17,15,3,1
23119,26,21,40,27,31,1
23120,5,12,42,9,26,2
23121,9,16,32,30,23,6
23122,10,16,15,6,24,8
23123,13,14,27,4,20,1
23124,6,7,37,25,47,9
23125,22,13,46,49,3,1
23126,47,14,28,3,25,10
23127,10,3,40,26,22,4
23128,22,12,30,35,33,10
23129,31,38,22,32,34,2
23130,30,34,8,1,13,4
23131,32,46,27,1,16,1
23132,20,13,46,40,25,7
23133,18,10,40,34,31,10
23134,2,49,1,36,14,9
23135,17,22,35,25,19,6
23136,46,39,23,45,13,7
23137,22,7,16,30,2,1
23138,12,21,48,29,20,3
23139,30,15,34,46,41,2
23140,18,45,41,4,17,2
23141,1,9,19,13,11,8
23142,19,8,46,26,9,9
23143,21,30,6,31,10,1
23144,25,19,12,11,28,4
23145,41,44,38,8,10,2
23146,29,1,43,37,27,7
23147,40,34,36,28,15,10
23148,25,48,16,12,49,10
23149,4,19,22,18,7,10
23150,1,15,12,30,44,1
23151,30,3,15,41,16,9
23152,2,3,29,30,31,10
23153,39,28,26,5,29,10
23154,9,32,7,47,1,1
23155,16,41,26,28,13,8
23156,36,12,7,11,38,6
24001,4,41,16,13,6,10
24002,36,1,45,9,14,3
24003,49,19,22,40,45,2
24004,6,48,11,49,46,2
24005,12,28,32,45,38,9
24006,12,15,21,29,48,6
24007,11,7,15,23,19,4
24008,29,8,37,22,39,10
24009,19,41,42,43,45,2
24010,32,29,37,20,5,9
24011,25,9,34,31,32,5
24012,47,2,14,33,30,5
24013,27,26,8,9,15,4
24014,34,2,13,15,31,8
24015,42,4,23,15,12,1
24016,36,3,33,34,42,2
24017,24,13,23,6,34,4
24018,44,15,37,34,40,8
24019,36,40,5,30,43,1
24020,28,15,3,46,36,2
24021,2,19,13,23,36,3
24022,35,23,16,42,8,2
24023,42,22,9,33,45,3
24024,14,45,37,22,25,3
24025,7,45,30,8,20,10
24026,2,38,46,27,43,3
24027,20,13,27,26,17,4
24028,25,8,18,27,37,8
24029,12,8,43,46,49,8
24030,29,28,25,7,35,2
24031,18,48,36,16,45,10
24032,5,29,4,10,13,1
24033,12,10,37,25,49,2
24034,36,48,30,20,40,8
24035,24,46,3,22,32,5
24036,47,49,20,34,32,1
24037,37,1,22,26,31,5
24038,28,45,2,15,23,7
24039,40,41,28,8,42,2
24040,9,17,15,12,26,8
24041,26,46,5,12,36,4
24042,27,2,36,43,6,5
24043,2,22,46,21,49,9
24044,18,1,33,9,39,2
24045,45,7,29,19,38,8
24046,24,2,21,36,31,6
24047,48,6,8,17,24,10
24048,13,10,22,24,16,7
24049,48,20,39,8,47,1
24050,38,25,40,41,39,7
24051,18,34,27,14,44,6
24052,49,47,20,3,30,7
24053,17,42,25,5,15,7
24054,2,16,19,12,6,3
24055,1,4,35,39,21,5
24056,7,34,6,3,36,7
24057,6,39,24,13,43,8
24058,26,13,25,12,18,4
24059,21,16,9,20,15,1
24060,14,34,37,15,45,2
24061,12,32,36,6,29,8
24062,46,23,21,32,20,10
24063,19,26,42,18,20,1
24064,41,19,32,42,47,1
24065,10,19,28,38,37,7
24066,27,2,48,43,3,8
24067,9,15,39,49,48,7
24068,4,6,35,47,7,1
24069,35,39,18,43,31,7
24070,47,5,34,28,39,8
24071,28,3,6,33,13,4
24072,8,16,42,30,40,2
24073,28,6,11,46,25,2
24074,35,11,18,46,30,2
24075,10,34,25,38,29,3
24076,48,47,6,45,1,6
24077,21,10,38,41,25,8
24078,17,24,30,43,1,7
24079,22,7,28,6,3,7
24080,4,1,24,21,42,3
24081,46,13,47,18,34,5
24082,7,42,31,8,24,6
24083,16,3,5,39,11,9
24084,21,5,6,24,42,8
24085,4,10,30,38,24,10
24086,35,40,17,6,47,4
24087,5,30,16,47,15,7
2008081,19,33,41,24,27,9
2008082,24,48,32,41,22,1
2008083,46,22,10,39,20,4
2008084,11,10,41,37,48,4
2008085,49,28,18,20,40,1
2008086,44,35,4,32,39,10
2008087,43,7,48,31,15,3
2008088,11,28,12,48,14,2
2008089,13,11,22,46,19,3
2008090,46,37,44,4,6,2
2008091,43,28,22,41,49,4
2008092,22,4,27,36,45,3
2008093,26,2,23,20,24,8
2008094,47,4,38,15,8,7
2008095,25,35,33,5,22,9
2008096,12,9,21,45,38,6
2008097,45,35,34,40,23,5
2008098,41,10,48,43,22,3
2008099,1,6,19,23,41,6
2008100,34,26,37,41,2,4
2008101,45,12,30,36,20,6
2008102,43,36,31,30,17,8
2008103,49,11,13,25,28,5
2008104,18,36,20,32,22,7
2008105,32,15,19,37,38,1
2008106,26,29,34,42,31,10
2008107,48,2,5,13,24,4
2008108,29,15,1,31,11,8
2008109,41,38,10,35,11,3
2008110,24,38,8,42,31,7
2008111,48,5,15,2,27,8
2008112,49,44,31,13,33,9
2008113,41,46,2,22,26,5
2008114,5,27,2,35,48,3
2008115,33,27,2,41,4,5
2008116,36,47,17,49,37,10
2008117,26,38,14,21,27,4
2008118,11,5,20,30,24,8
2009119,47,22,24,12,38,1
2009120,8,29,36,25,11,2
2009121,37,39,9,33,11,8
2009122,49,40,21,10,44,2
2009123,47,11,29,4,9,8
2009124,5,42,1,19,13,3
2009125,2,46,27,37,5,4
2009126,39,38,7,32,26,9
2009127,32,47,10,35,3,3
2009128,5,40,15,20,28,10
2009129,39,8,13,49,10,10
2009130,40,7,41,38,46,5
2009131,6,31,40,18,36,7
2009132,4,38,12,31,41,8
2009133,20,43,47,27,10,3
2009134,4,16,34,22,49,10
2009135,17,13,31,3,46,5
2009136,35,46,10,1,14,8
2009137,12,24,18,44,16,4
2009138,46,23,29,21,16,4
2009139,28,40,10,23,43,9
2009140,47,21,48,39,40,5
2009141,3,14,34,31,22,7
2009142,15,4,21,30,36,4
2009143,45,14,41,25,16,10
2009144,41,29,14,48,8,10
2009145,7,9,29,25,10,6
2009146,36,15,24,2,22,8
2009147,27,32,5,40,3,9
2009148,4,7,11,22,8,5
2009149,27,18,20,11,38,6
2009150,27,45,35,36,44,2
2009151,42,3,39,20,34,2
2009152,45,32,15,2,39,10
2009153,1,25,10,2,33,4
2009154,10,34,15,33,5,7
2009155,19,26,23,22,27,2
2009156,32,47,45,29,24,10
2009157,37,27,30,22,45,3
2009158,37,41,27,8,45,6
2009159,43,33,48,31,28,7
2009160,46,33,10,34,7,6
2009161,21,5,2,23,19,7
2009162,20,24,30,11,9,1
2009163,23,43,37,12,39,8
2009164,31,20,45,12,32,8
2009165,11,34,38,43,12,3
2009166,2,31,49,33,43,9
2009167,34,23,49,9,20,8
2009168,9,37,21,34,4,2
2009169,4,30,29,26,15,3
2009170,7,15,11,5,23,1
2009171,33,1,23,12,46,1
2009172,48,36,13,20,44,1
2009173,45,28,22,30,20,3
2009174,15,27,48,9,34,6
2009175,38,36,49,39,12,10
2009176,1,2,26,44,7,9
2009177,49,26,35,34,28,4
2009178,35,28,15,3,23,10
2009179,38,13,33,3,25,3
2009180,46,40,6,3,25,4
2009181,7,48,5,3,23,7
2009182,30,25,34,14,10,9
2009183,18,26,47,24,35,1
2009184,46,21,32,26,14,6
2009185,32,46,13,33,15,10
2009186,31,29,41,25,22,5
2009187,45,42,27,49,48,7
2009188,39,16,46,28,24,4
2009189,49,11,41,21,40,4
2009190,3,27,41,8,37,2
2009191,26,27,49,21,33,7
2009192,36,17,42,28,41,4
2009193,17,21,22,16,4,1
2009194,13,4,3,41,6,8
2009195,35,43,9,28,10,8
2009196,34,5,28,13,29,4
2009197,39,4,8,43,27,3
2009198,12,31,32,44,45,2
2009199,16,4,10,6,5,3
2009200,14,17,35,5,42,1
2009201,26,2,20,34,18,1
2009202,4,1,23,14,25,10
2009203,44,14,26,34,9,9
2009204,27,23,44,34,5,1
2009205,24,35,45,28,17,6
2009206,27,40,3,14,33,9
2009207,18,47,7,13,48,4
2009208,16,25,14,35,3,3
2009209,44,10,18,45,22,6
2009210,9,38,18,26,49,8
2009211,40,10,29,20,43,7
2009212,41,20,16,38,2,9
2009213,5,22,31,2,24,6
2009214,6,33,17,34,39,5
2009215,1,41,32,24,27,9
2009216,2,9,17,14,25,9
2009217,35,42,7,33,28,10
2009218,31,21,8,27,29,10
2009219,22,18,33,28,11,2
2009220,44,31,7,38,14,1
2009221,34,7,27,23,19,7
2009222,16,13,1,5,20,2
2009223,17,5,12,6,15,1
2009224,1,37,17,44,20,8
2009225,8,21,4,31,39,2
2009226,1,12,23,22,7,4
2009227,41,11,4,29,7,4
2009228,9,18,43,32,22,1
2009229,40,7,21,25,30,1
2009230,12,27,38,33,19,7
2009231,3,4,38,46,7,2
2009232,24,42,4,47,5,6
2009233,2,37,43,21,25,9
2009234,30,20,16,3,44,4
2009235,33,35,40,5,2,4
2009236,47,15,49,7,9,7
2009237,21,12,20,11,32,4
2009238,4,1,21,12,46,8
2009239,3,38,1,23,16,3
2009240,38,7,48,43,28,5
2009241,6,35,36,42,24,2
2009242,12,49,8,20,16,5
2009243,4,31,11,3,6,1
2009244,10,49,26,15,1,7
2009245,39,28,15,38,27,10
2009246,49,47,42,1,3,7
2009247,8,11,7,37,30,3
2009248,23,39,36,27,30,2
2009249,17,34,23,40,9,9
2009250,33,18,19,22,23,1
2009251,1,41,13,3,18,1
2009252,3,2,29,48,1,9
2009253,41,47,22,17,7,6
2009254,39,16,47,28,24,9
2009255,20,32,36,19,27,7
2009256,24,20,22,19,1,6
2009257,20,33,46,40,12,6
2009258,13,12,3,37,30,8
2009259,14,33,39,15,11,6
2009260,35,37,41,15,39,4
2009261,12,43,7,23,27,6
2009262,10,47,20,28,21,6
2009263,28,22,7,16,39,7
2009264,20,42,43,33,19,5
2009265,1,31,11,22,23,1
2009266,4,30,13,18,39,1
2009267,46,8,26,13,38,2
2009268,39,15,23,49,30,5
2009269,40,15,16,6,9,6
2009270,38,42,28,3,27,9
2009271,24,44,18,17,15,6
2009272,7,6,41,25,16,5
2009273,23,12,15,27,46,6
2009274,21,39,5,2,15,10
2010001,43,5,23,49,17,4
2010002,33,21,41,18,32,9
2010003,19,49,31,44,38,3
2010004,35,4,14,23,46,7
2010005,24,20,31,36,6,4
2010006,31,4,14,37,7,8
2010007,21,38,32,3,33,10
2010008,8,7,22,28,38,10
2010009,13,37,48,45,28,9
2010010,24,39,2,13,48,1
2010011,6,8,31,45,36,9
2010012,10,15,43,45,5,9
2010013,44,26,18,21,47,3
2010014,29,1,39,40,18,2
2010015,44,48,7,30,13,7
2010016,16,37,18,5,34,5
2010017,36,13,24,7,42,4
2010018,6,45,19,12,11,10
2010019,1,7,38,3,14,5
2010020,48,39,24,8,15,8
2010021,23,40,26,22,29,5
2010022,34,49,36,39,23,8
2010023,41,48,18,11,24,2
2010024,45,2,1,27,31,8
2010025,13,40,2,10,35,1
2010026,19,11,8,48,49,7
2010027,17,37,23,25,2,7
2010028,5,18,26,9,36,9
2010029,23,11,43,49,10,10
2010030,36,13,44,1,48,2
2010031,32,37,16,6,8,7
2010032,18,15,1,4,38,6
2010033,46,1,24,18,9,7
2010034,15,36,28,49,2,3
2010035,44,34,25,47,29,9
2010036,28,9,35,8,42,6
2010037,43,42,9,21,46,6
2010038,2,44,41,34,46,2
2010039,46,28,21,39,49,1
2010040,35,39,20,48,42,2
2010041,17,18,36,21,47,6
2010042,28,11,2,33,43,1
2010043,33,13,49,36,22,4
2010044,4,36,11,31,46,10
2010045,9,12,29,2,21,7
2010046,24,42,16,9,32,3
2010047,44,22,17,38,2,8
2010048,24,26,35,9,1,4
2010049,17,34,27,3,41,4
2010050,29,24,4,46,7,10
2010051,34,49,9,25,38,1
2010052,39,28,3,42,6,5
2010053,8,11,12,26,48,6
2010054,10,30,18,27,4,1
2010055,16,29,31,39,1,2
2010056,41,4,35,33,10,5
2010057,28,22,27,14,23,4
2010058,32,31,44,27,9,8
2010059,9,27,26,29,36,5
2010060,24,12,17,38,30,7
2010061,2,48,40,46,17,10
2010062,8,35,29,12,3,1
2010063,47,3,35,22,6,1
2010064,33,21,49,26,46,1
2010065,46,49,32,5,33,1
2010066,43,11,14,23,17,10
2010067,37,43,31,45,22,5
2010068,29,48,42,28,26,1
2010069,14,48,44,24,20,10
2010070,30,43,48,24,15,7
2010071,15,48,23,49,45,2
2010072,40,48,15,9,3,10
2010073,21,23,19,36,49,4
2010074,45,35,24,37,48,2
2010075,16,27,41,1,35,1
2010076,47,16,11,37,7,10
2010077,41,49,42,19,12,8
2010078,14,44,28,18,17,2
2010079,10,46,2,33,28,8
2010080,39,33,43,22,31,10
2010081,20,47,49,26,31,10
2010082,27,32,12,42,30,7
2010083,47,11,15,24,38,6
2010084,48,30,5,26,11,1
2010085,32,28,47,20,22,6
2010086,27,24,16,10,47,5
2010087,43,45,21,3,9,1
2010088,18,43,16,7,33,5
2010089,4,42,37,23,43,7
2010090,25,37,7,10,47,10
2010091,2,25,44,28,8,4
2010092,16,32,44,38,37,3
2010093,32,8,46,22,9,8
2010094,43,6,46,27,5,7
2010095,7,15,18,8,25,6
2010096,7,22,8,26,5,2
2010097,21,27,9,49,11,5
2010098,13,22,40,28,31,9
2010099,49,43,46,27,23,6
2010100,8,44,14,48,29,7
2010101,49,41,9,28,16,5
2010102,39,49,23,19,36,3
2010103,13,16,18,20,19,2
2010104,22,49,28,3,16,4
2010105,20,39,33,21,16,2
2010106,11,42,9,49,15,3
2010107,29,22,17,19,43,8
2010108,24,47,21,44,13,3
2010109,36,41,45,13,7,5
2010110,33,39,25,43,8,8
2010111,40,1,30,8,38,6
2010112,7,43,33,11,1,1
2010113,1,37,25,45,17,9
2010114,37,38,2,14,17,1
2010115,42,5,12,29,21,2
2010116,15,1,23,22,46,9
2010117,41,32,33,25,26,3
2010118,35,13,16,41,7,1
2010119,7,46,31,29,9,8
2010120,33,6,43,25,37,1
2010121,17,43,23,2,26,3
2010122,9,20,35,4,1,8
2010123,33,22,9,44,25,3
2010124,37,22,46,13,1,9
2010125,1,31,38,26,29,5
2010126,13,24,33,18,11,7
2010127,47,49,9,16,14,7
2010128,4,36,40,10,41,10
2010129,32,13,15,46,3,5
2010130,38,35,4,22,14,5
2010131,17,24,28,1,15,10
2010132,46,33,15,6,49,1
2010133,24,19,35,7,42,3
2010134,35,6,9,14,47,9
2010135,47,48,20,39,16,4
2010136,5,17,25,38,29,2
2010137,33,47,14,20,17,1
2010138,30,38,4,9,46,10
2010139,27,12,11,29,1,2
2010140,4,21,17,23,26,2
2010141,32,20,22,47,14,5
2010142,9,43,15,44,10,5
2010143,15,23,16,41,30,8
2010144,34,14,32,31,46,3
2010145,33,12,24,7,15,6
2010146,13,30,33,25,36,9
2010147,19,15,44,4,24,1
2010148,38,3,9,11,28,1
2010149,6,14,49,40,9,3
2010150,37,6,16,28,4,8
2010151,35,41,40,11,22,7
2010152,32,23,9,6,13,4
2010153,8,18,36,1,29,9
2010154,16,30,29,7,10,5
2010155,30,44,42,39,13,9
2010156,47,15,46,29,11,3
2011001,43,49,46,34,11,3
2011002,34,37,10,18,30,2
2011003,27,47,4,5,32,5
2011004,47,34,12,30,31,10
2011005,35,33,40,37,11,4
2011006,41,40,30,28,17,7
2011007,26,43,6,36,29,8
2011008,48,49,36,24,21,5
2011009,36,4,12,13,1,4
2011010,13,27,6,31,8,7
2011011,3,39,6,48,9,4
2011012,23,45,6,48,17,1
2011013,14,33,44,31,12,8
2011014,20,10,13,43,3,5
2011015,27,6,44,23,22,3
2011016,31,22,37,6,1,7
2011017,6,8,49,35,25,1
2011018,15,31,41,27,43,7
2011019,13,38,2,45,4,2
2011020,31,35,40,9,48,1
2011021,44,35,32,8,33,9
2011022,25,2,49,32,1,6
2011023,36,20,21,9,46,6
2011024,5,2,33,21,28,10
2011025,35,24,10,26,48,1
2011026,20,49,40,17,31,6
2011027,20,22,40,2,3,7
2011028,11,45,44,27,31,2
2011029,7,38,23,9,17,5
2011030,9,43,3,29,15,8
2011031,15,34,22,33,16,9
2011032,32,38,36,34,27,7
2011033,23,20,32,7,14,4
2011034,26,10,11,23,1,8
2011035,28,23,3,40,31,1
2011036,13,4,24,21,10,5
2011037,17,26,34,4,30,9
2011038,15,10,16,46,43,1
2011039,15,23,27,43,29,10
2011040,5,24,7,46,35,3
2011041,12,23,37,13,10,7
2011042,12,19,1,32,44,3
2011043,6,20,31,22,41,8
2011044,13,47,22,3,32,6
2011045,38,6,33,43,23,1
2011046,17,35,24,47,6,8
2011047,6,10,22,7,21,5
2011048,15,41,18,17,33,9
2011049,40,21,28,32,8,9
2011050,18,2,21,34,10,2
2011051,5,26,14,28,23,6
2011052,8,49,42,9,2,3
2011053,25,23,4,1,40,2
2011054,44,29,11,7,13,2
2011055,42,28,37,38,3,8
2011056,13,48,3,26,22,7
2011057,45,14,26,28,38,5
2011058,38,31,35,42,3,8
2011059,41,43,9,11,46,8
2011060,27,23,16,17,47,1
2011061,27,15,35,5,14,10
2011062,15,29,38,19,33,3
2011063,14,45,34,27,38,3
2011064,2,5,3,1,43,9
2011065,14,22,47,20,21,9
2011066,30,45,32,25,26,5
2011067,35,4,27,15,3,2
2011068,10,30,45,22,13,1
2011069,20,16,40,11,24,5
2011070,39,32,44,37,5,5
2011071,22,3,18,17,28,6
2011072,47,41,9,37,36,8
2011073,9,12,43,46,33,10
2011074,27,2,23,8,36,9
2011075,33,21,26,28,22,5
2011076,39,43,10,17,6,3
2011077,43,5,14,20,12,3
2011078,38,11,37,1,18,4
2011079,49,11,26,1,7,5
2011080,14,46,31,25,37,4
2011081,9,33,10,24,3,6
2011082,15,4,31,45,44,6
2011083,7,43,23,48,47,9
2011084,4,46,41,12,16,6
2011085,27,35,42,18,37,3
2011086,19,5,38,47,26,7
2011087,26,45,18,23,6,6
2011088,43,32,18,13,46,5
2011089,38,22,3,11,41,7
2011090,6,11,7,5,4,10
2011091,8,41,20,46,12,1
2011092,32,37,43,10,25,3
2011093,20,4,19,17,5,10
2011094,17,13,15,4,39,4
2011095,18,12,1,26,30,9
2011096,28,4,27,29,38,2
2011097,3,13,4,41,5,9
2011098,23,3,8,4,1,8
2011099,8,49,29,45,3,9
2011100,21,40,49,31,22,4
2011101,40,36,38,44,17,1
2011102,3,36,47,4,17,4
2011103,27,21,19,13,45,2
2011104,46,30,12,3,10,2
2011105,7,42,39,9,5,3
2011106,42,41,7,13,47,5
2011107,7,17,22,10,23,5
2011108,13,40,41,3,12,7
2011109,15,1,28,24,10,5
2011110,13,45,18,32,30,2
2011111,14,42,5,16,11,3
2011112,15,40,1,23,2,4
2011113,13,1,27,48,35,7
2011114,40,20,46,19,16,4
2011115,36,4,41,33,40,6
2011116,11,44,33,4,49,9
2011117,16,42,36,3,8,3
2011118,25,38,14,32,15,3
2011119,40,28,27,12,4,1
2011120,20,2,7,42,27,5
2011121,31,44,21,30,22,7
2011122,15,47,16,45,3,7
2011123,12,9,20,30,25,5
2011124,13,37,27,5,39,3
2011125,14,13,18,4,48,10
2011126,38,35,23,3,44,8
2011127,45,44,32,29,6,7
2011128,15,18,17,5,31,7
2011129,35,6,2,3,20,1
2011130,12,17,46,42,38,8
2011131,24,13,47,37,21,7
2011132,2,38,44,35,42,9
2011133,38,2,13,32,20,10
2011134,18,47,11,2,30,5
2011135,17,8,23,12,37,2
2011136,44,48,13,33,12,7
2011137,25,43,18,22,3,7
2011138,37,41,27,17,12,10
2011139,45,37,22,33,34,5
2011140,46,33,31,49,18,1
2011141,39,16,6,10,21,5
2011142,47,31,16,3,39,1
2011143,11,24,1,15,2,9
2011144,29,2,42,49,4,2
2011145,31,6,49,34,26,1
2011146,43,47,38,36,30,5
2011147,32,35,31,48,8,1
2011148,14,43,26,30,28,8
2011149,48,29,1,25,16,1
2011150,42,14,21,33,48,1
2011151,41,9,37,38,34,5
2011152,42,23,13,35,26,5
2011153,27,42,33,45,37,2
2011154,7,10,28,11,12,8
2011155,36,43,42,23,28,4
2011156,39,41,16,31,36,5
2011157,32,35,17,28,2,2
2012001,3,36,30,16,24,9
2012002,10,23,2,43,34,5
2012003,1,6,12,10,8,8
2012004,34,15,26,25,32,4
2012005,9,7,44,36,23,7
2012006,1,38,19,49,29,8
2012007,39,36,29,47,38,8
2012008,21,9,33,13,42,4
2012009,36,23,1,31,17,4
2012010,39,44,48,20,25,6
2012011,2,23,8,30,48,5
2012012,23,12,47,15,18,6
2012013,22,40,1,35,32,8
2012014,16,5,49,43,2,7
2012015,38,32,10,17,9,3
2012016,15,49,24,13,29,3
2012017,27,19,12,37,15,3
2012018,11,12,46,32,36,6
2012019,23,9,22,24,36,5
2012020,11,36,10,22,31,1
2012021,49,48,5,17,47,6
2012022,34,31,9,3,35,5
2012023,43,33,39,11,31,10
2012024,8,7,19,4,27,1
2012025,45,41,33,8,23,1
2012026,14,27,11,17,35,4
2012027,2,24,3,39,27,8
2012028,31,30,28,34,17,3
2012029,6,39,31,22,16,7
2012030,2,40,4,44,37,5
2012031,48,25,16,46,14,10
2012032,13,7,31,36,43,9
2012033,32,14,49,23,13,1
2012034,10,28,4,11,15,4
2012035,8,14,43,37,48,5
2012036,48,8,18,13,11,8
2012037,36,14,49,29,13,6
2012038,15,20,45,17,4,9
2012039,16,25,1,26,2,9
2012040,33,23,3,19,39,2
2012041,36,40,27,38,11,8
2012042,46,19,45,42,47,8
2012043,26,14,31,33,2,10
2012044,49,27,15,29,19,1
2012045,1,22,45,40,3,1
2012046,2,21,13,1,16,2
2012047,34,5,3,20,24,3
2012048,41,3,48,31,18,10
2012049,33,9,34,45,24,6
2012050,44,15,20,30,29,7
2012051,48,22,10,2,37,4
2012052,39,22,32,18,4,4
2012053,35,26,29,3,38,1
2012054,21,10,37,8,11,9
2012055,21,13,26,46,12,10
2012056,36,26,18,41,32,4
2012057,6,34,22,20,19,5
2012058,26,11,3,22,43,6
2012059,21,49,22,15,31,1
2012060,11,23,48,24,42,2
2012061,37,45,23,19,7,10
2012062,19,1,35,49,3,9
2012063,27,47,40,41,29,7
2012064,30,42,38,15,41,3
2012065,9,30,13,17,5,3
2012066,26,9,34,39,22,1
2012067,38,42,35,43,40,4
2012068,21,23,12,24,13,6
2012069,13,25,14,18,20,6
2012070,20,6,16,4,29,1
2012071,33,48,20,8,3,10
2012072,14,31,1,39,27,6
2012073,37,5,7,16,38,3
2012074,36,33,15,41,47,5
2012075,41,12,6,47,27,3
2012076,27,11,40,10,13,7
2012077,22,41,5,1,11,7
2012078,13,45,1,42,12,4
2012079,2,15,7,46,6,5
2012080,13,40,37,17,39,6
2012081,5,30,17,1,44,1
2012082,15,38,41,45,26,3
2012083,23,20,30,21,36,9
2012084,22,44,40,5,41,6
2012085,3,32,6,19,37,2
2012086,26,25,4,28,32,5
2012087,22,3,1,44,40,3
2012088,40,31,38,23,28,3
2012089,17,16,14,32,36,6
2012090,29,4,6,39,7,3
2012091,35,6,38,4,13,3
2012092,33,45,17,30,11,6
2012093,29,49,34,26,25,6
2012094,12,7,10,34,47,7
2012095,32,35,42,11,1,4
2012096,7,1,10,45,44,9
2012097,49,25,12,16,4,4
2012098,13,24,2,15,19,5
2012099,25,26,42,12,2,7
2012100,45,26,33,27,11,2
2012101,14,13,18,33,22,7
2012102,9,13,2,29,10,9
2012103,18,32,40,7,8,5
2012104,20,29,26,11,8,9
2012105,28,5,22,25,13,10
2012106,34,27,22,18,37,3
2012107,37,8,1,26,10,4
2012108,9,22,43,34,15,4
2012109,19,28,43,3,25,9
2012110,32,1,49,12,38,8
2012111,17,21,43,37,15,2
2012112,16,25,14,7,17,7
2012113,49,5,34,27,41,7
2012114,17,23,37,44,25,9
2012115,41,18,40,1,21,6
2012116,42,29,38,12,46,9
2012117,21,18,47,10,7,1
2012118,34,2,40,29,41,6
2012119,16,44,25,26,24,1
2012120,27,1,47,30,39,4
2012121,39,32,24,13,27,2
2012122,16,35,37,3,19,3
2012123,41,49,1,35,16,4
2012124,7,23,11,39,44,8
2012125,19,10,32,20,13,2
2012126,34,14,11,24,41,5
2012127,28,25,24,14,41,5
2012128,30,24,5,40,17,7
2012129,29,2,41,47,10,1
2012130,19,16,46,13,38,7
2012131,29,23,41,16,5,1
2012132,15,11,9,22,36,8
2012133,27,14,37,9,33,7
2012134,34,16,21,2,40,7
2012135,19,46,17,3,43,5
2012136,25,45,20,6,48,7
2012137,29,40,39,46,21,8
2012138,8,6,27,37,33,7
2012139,6,41,16,1,3,1
2012140,10,43,6,4,46,10
2012141,18,21,19,5,28,2
2012142,35,15,48,44,9,6
2012143,16,34,28,4,11,1
2012144,19,25,12,45,44,10
2012145,39,25,16,6,11,6
2012146,28,24,36,45,27,8
2012147,22,47,45,24,28,2
2012148,36,16,4,20,47,8
2012149,37,19,32,36,20,4
2012150,26,24,11,33,41,9
2012151,16,27,39,29,32,5
2012152,5,10,25,19,49,8
2012153,47,1,2,34,24,1
2012154,5,12,32,7,47,6
2012155,3,17,31,5,2,9
2012156,45,7,11,37,23,4
2012157,4,47,21,44,36,3
2013001,33,21,37,22,31,4
2013002,30,46,47,6,45,6
2013003,45,31,15,32,48,5
2013004,30,33,22,29,26,9
2013005,13,48,40,6,37,7
2013006,35,30,10,37,7,6
2013007,27,6,16,24,46,5
2013008,22,23,45,42,9,8
2013009,35,7,32,38,22,6
2013010,11,49,36,9,19,6
2013011,18,39,2,23,34,6
2013012,38,29,20,40,28,9
2013013,41,31,40,11,48,5
2013014,45,33,7,6,34,3
2013015,34,33,18,6,30,2
2013016,40,3,7,33,25,1
2013017,23,5,2,47,4,7
2013018,25,42,1,36,45,7
2013019,39,48,19,46,14,2
2013020,19,34,26,27,4,6
2013021,2,13,19,41,5,5
2013022,6,8,42,27,7,1
2013023,47,36,42,30,45,5
2013024,43,18,17,14,46,2
2013025,25,40,21,34,6,7
2013026,18,38,5,22,30,2
2013027,47,1,45,9,30,10
2013028,28,36,42,26,44,4
2013029,49,4,40,11,22,5
2013030,8,16,44,7,49,6
2013031,13,12,34,41,40,7
2013032,16,5,46,33,38,5
2013033,10,20,18,24,32,9
2013034,37,5,1,49,12,7
2013035,17,11,41,9,24,6
2013036,29,25,14,41,10,4
2013037,21,47,24,49,33,3
2013038,26,10,9,30,34,2
2013039,47,16,10,43,27,2
2013040,36,18,37,42,45,8
2013041,15,29,42,1,33,7
2013042,19,6,38,8,37,2
2013043,9,18,3,45,28,5
2013044,23,43,22,41,33,4
2013045,45,20,21,26,46,3
2013046,38,16,32,12,29,8
2013047,28,24,3,42,9,9
2013048,22,16,11,37,14,1
2013049,1,48,13,6,5,9
2013050,17,26,39,19,9,10
2013051,12,21,39,11,27,9
2013052,7,41,31,32,4,9
2013053,6,13,40,45,15,4
2013054,48,13,15,24,23,7
2013055,13,5,43,25,15,10
2013056,26,49,45,3,16,9
2013057,23,29,40,49,15,5
2013058,32,27,8,13,11,4
2013059,4,5,20,7,17,3
2013060,47,27,25,23,9,3
2013061,3,34,2,17,13,9
2013062,42,7,36,13,40,2
2013063,37,15,9,28,13,2
2013064,34,41,48,23,45,7
2013065,21,30,8,7,6,3
2013066,14,4,38,34,25,9
2013067,27,41,23,25,4,1
2013068,19,33,29,32,17,2
2013069,13,15,3,35,32,1
2013070,20,40,46,3,44,4
2013071,32,38,26,4,23,2
2013072,38,39,3,17,1,1
2013073,32,22,17,43,19,1
2013074,21,26,37,16,35,8
2013075,29,5,24,19,10,1
2013076,39,16,19,29,12,8
2013077,23,37,8,14,9,7
2013078,5,31,21,37,38,6
2013079,36,2,7,25,39,4
2013080,13,35,30,44,12,2
2013081,44,8,24,25,26,5
2013082,31,37,24,39,14,7
2013083,31,21,37,10,28,8
2013084,34,7,43,33,44,9
2013085,16,8,17,48,31,4
2013086,48,28,9,17,30,7
2013087,12,32,29,7,38,1
2013088,27,37,19,36,44,3
2013089,35,44,29,37,10,4
2013090,4,34,40,35,36,5
2013091,28,31,23,41,8,7
2013092,44,22,33,27,17,9
2013093,24,39,11,6,43,4
2013094,45,33,16,40,3,4
2013095,19,5,41,15,24,5
2013096,4,11,38,28,21,7
2013097,30,22,5,35,17,2
2013098,43,33,32,26,41,10
2013099,40,25,2,3,46,9
2013100,39,12,38,11,26,10
2013101,39,11,5,29,41,7
2013102,49,1,9,14,25,10
2013103,40,23,30,2,33,1
2013104,26,3,2,33,14,7
2013105,46,16,20,41,8,8
2013106,49,6,25,17,42,6
2013107,25,24,44,11,1,3
2013108,22,23,35,3,5,7
2013109,35,13,7,6,23,2
2013110,49,18,28,24,43,7
2013111,6,15,24,38,26,5
2013112,35,26,45,4,40,3
2013113,41,30,17,26,16,9
2013114,2,11,21,1,36,1
2013115,6,2,44,43,12,5
2013116,34,29,45,1,9,5
2013117,10,26,45,15,28,9
2013118,11,21,39,17,6,7
2013119,9,7,14,27,38,9
2013120,16,31,6,46,15,5
2013121,1,26,18,20,12,2
2013122,24,32,22,4,17,8
2013123,21,35,19,15,33,4
2013124,9,12,40,23,14,8
2013125,33,49,44,8,25,1
2013126,25,32,35,17,36,7
2013127,5,11,20,22,10,3
2013128,40,3,35,42,47,7
2013129,44,32,8,14,23,8
2013130,46,48,14,21,35,1
2013131,7,12,4,13,18,9
2013132,13,18,8,24,15,6
2013133,20,40,30,16,6,3
2013134,39,33,12,30,9,4
2013135,42,48,32,12,16,9
2013136,7,38,16,36,47,6
2013137,38,44,20,29,33,8
2013138,36,46,29,3,28,10
2013139,35,28,46,14,18,1
2013140,4,2,48,12,33,9
2013141,27,15,16,4,42,4
2013142,16,12,45,34,11,9
2013143,19,36,20,40,2,2
2013144,33,34,19,40,36,5
2013145,21,34,27,25,29,3
2013146,17,14,2,8,34,7
2013147,45,33,20,24,6,6
2013148,43,4,39,40,27,8
2013149,46,45,8,30,18,1
2013150,36,31,1,37,33,6
2013151,36,46,38,8,30,1
2013152,24,18,19,33,10,4
2013153,34,29,41,37,18,5
2013154,36,23,45,28,24,3
2013155,1,16,20,32,26,7
2013156,20,22,44,41,11,8
2014001,39,37,34,26,6,7
2014002,1,29,45,6,16,5
2014003,30,29,17,13,19,9
2014004,4,42,29,45,14,8
2014005,35,25,18,8,39,9
2014006,33,3,47,29,20,4
2014007,7,20,35,37,30,6
2014008,43,1,37,47,2,8
2014009,10,1,42,40,35,5
2014010,38,42,1,22,40,7
2014011,18,37,17,14,30,5
2014012,46,19,33,1,48,4
2014013,35,8,6,25,2,8
2014014,21,2,48,41,10,6
2014015,44,33,5,1,13,2
2014016,2,48,16,7,41,8
2014017,6,7,39,38,14,7
2014018,18,11,41,45,17,2
2014019,7,16,48,15,10,7
2014020,33,4,12,49,18,9
2014021,20,32,9,23,1,1
2014022,44,32,25,47,27,7
2014023,30,26,48,32,1,10
2014024,18,8,5,21,38,7
2014025,19,41,5,22,33,1
2014026,17,20,15,5,4,5
2014027,41,40,28,21,36,10
2014028,12,1,32,42,31,1
2014029,35,40,6,46,15,7
2014030,43,16,4,6,30,9
2014031,42,36,1,20,25,10
2014032,5,26,30,15,37,4
2014033,8,33,22,45,19,6
2014034,27,19,5,26,28,9
2014035,20,49,14,26,4,2
2014036,18,41,39,21,37,9
2014037,40,47,38,11,21,6
2014038,19,12,28,29,45,4
2014039,28,6,7,32,2,4
2014040,6,41,28,16,34,4
2014041,40,9,22,13,45,5
2014042,23,42,11,31,13,4
2014043,28,14,39,12,38,10
2014044,5,34,42,16,10,10
2014045,11,7,43,45,14,3
2014046,26,25,12,49,8,1
2014047,22,40,21,12,45,8
2014048,27,9,38,18,20,1
2014049,3,30,10,29,39,10
2014050,2,38,43,14,3,4
2014051,45,32,19,49,36,7
2014052,32,35,19,23,43,10
2014053,16,5,41,11,36,5
2014054,28,16,37,19,2,10
2014055,6,46,47,11,1,5
2014056,37,6,15,21,17,4
2014057,43,33,36,12,2,5
2014058,6,25,21,5,33,1
2014059,48,41,37,32,43,7
2014060,49,41,8,9,40,3
2014061,49,9,35,23,1,1
2014062,40,18,39,24,17,1
2014063,3,8,40,39,32,1
2014064,9,26,8,48,46,7
2014065,16,2,28,40,14,1
2014066,41,35,47,26,22,5
2014067,43,36,8,22,3,3
2014068,5,37,45,38,21,2
2014069,47,34,45,35,10,9
2014070,22,9,42,15,32,6
2014071,7,24,18,34,5,5
2014072,5,37,16,42,3,1
2014073,47,13,30,9,18,3
2014074,11,3,30,29,32,1
2014075,40,38,32,4,31,4
2014076,5,4,23,30,41,4
2014077,40,24,22,13,43,3
2014078,47,27,5,24,46,2
2014079,36,27,8,39,47,3
2014080,25,11,7,33,3,6
2014081,31,41,32,14,13,10
2014082,8,6,36,4,34,5
2014083,29,23,22,13,1,1
2014084,21,41,32,38,37,9
2014085,42,3,36,28,49,7
2014086,8,44,29,43,45,6
2014087,21,3,9,27,10,4
2014088,1,32,8,15,24,6
2014089,1,5,43,41,22,4
2014090,45,14,1,42,43,9
2014091,25,7,13,9,8,9
2014092,25,32,4,8,41,10
2014093,16,28,36,24,43,6
2014094,13,41,34,21,15,8
2014095,34,4,5,9,21,7
2014096,36,32,11,46,25,7
2014097,3,18,13,43,28,5
2014098,22,40,23,37,9,4
2014099,24,45,19,1,46,3
2014100,22,33,31,41,15,4
2014101,7,17,29,26,21,7
2014102,26,9,45,31,43,1
2014103,4,44,32,22,14,2
2014104,25,40,30,36,6,8
2014105,42,22,47,16,38,1
2014106,10,38,20,4,13,4
2014107,42,14,15,13,3,7
2014108,1,40,17,43,42,10
2014109,6,16,31,26,40,7
2014110,7,28,27,23,33,1
2014111,16,44,2,10,35,6
2014112,23,18,10,6,3,4
2014113,34,31,25,46,22,6
2014114,44,31,26,1,13,6
2014115,16,49,10,38,25,9
2014116,26,29,9,35,38,5
2014117,41,28,17,4,33,5
2014118,17,42,44,27,16,8
2014119,14,45,29,12,41,7
2014120,20,22,46,40,9,7
2014121,13,4,21,43,23,10
2014122,24,19,10,28,15,9
2014123,29,15,1,12,30,1
2014124,28,9,37,41,46,10
2014125,1,43,24,15,27,7
2014126,30,40,13,21,26,5
2014127,10,19,47,35,33,2
2014128,14,39,24,49,47,4
2014129,13,32,12,28,33,6
2014130,32,18,17,6,29,9
2014131,48,29,2,36,9,10
2014132,34,45,18,44,24,8
2014133,27,24,37,46,1,1
2014134,40,14,46,27,7,5
2014135,24,23,30,6,18,7
2014136,27,13,19,40,23,5
2014137,28,16,39,23,3,10
2014138,23,47,16,48,35,10
2014139,41,18,13,14,29,3
2014140,22,1,44,9,26,10
2014141,18,47,49,32,17,3
2014142,5,34,47,12,20,3
2014143,18,44,2,47,49,2
2014144,43,49,40,48,44,8
2014145,49,26,28,31,11,7
2014146,43,37,20,10,18,8
2014147,10,14,43,32,47,10
2014148,27,11,16,3,8,6
2014149,43,13,10,20,38,1
2014150,23,47,41,42,15,4
2014151,32,46,6,8,13,10
2014152,19,10,26,21,22,9
2014153,34,35,23,16,6,8
2014154,31,36,4,22,18,7
2014155,20,48,34,39,4,10
2014156,30,26,44,27,49,1
2014157,46,43,41,37,34,10
2015001,31,32,12,28,48,3
2015002,37,8,49,31,45,7
2015003,20,29,21,33,7,1
2015004,18,5,33,2,23,4
2015005,20,15,27,13,34,1
2015006,23,18,7,2,21,6
2015007,43,19,30,39,40,4
2015008,25,4,18,7,35,4
2015009,19,6,34,49,42,10
2015010,36,44,21,13,5,1
2015011,18,17,27,35,40,6
2015012,41,12,33,9,16,1
2015013,14,31,46,25,4,5
2015014,17,16,14,1,11,10
2015015,49,9,28,24,35,4
2015016,21,29,7,37,19,2
2015017,40,49,34,27,4,2
2015018,13,40,24,17,45,3
2015019,27,41,38,26,2,7
2015020,36,14,9,1,20,2
2015021,44,21,29,9,25,7
2015022,3,45,47,13,27,4
2015023,40,3,22,4,28,2
2015024,44,47,20,30,29,1
2015025,14,46,5,30,36,6
2015026,17,11,27,48,23,1
2015027,32,16,8,23,34,4
2015028,48,9,18,43,3,2
2015029,35,31,26,34,28,5
2015030,49,2,35,1,36,4
2015031,30,39,3,14,8,10
2015032,35,11,49,7,48,7
2015033,26,15,10,4,30,5
2015034,28,47,41,22,21,5
2015035,48,49,3,1,20,7
2015036,43,10,20,9,17,7
2015037,20,19,40,39,27,8
2015038,4,20,13,10,32,1
2015039,13,21,25,20,41,4
2015040,33,15,23,28,39,1
2015041,31,16,33,17,1,3
2015042,15,36,38,30,2,2
2015043,45,41,5,17,33,9
2015044,41,9,43,48,36,2
2015045,43,6,10,30,39,5
2015046,44,1,49,38,20,3
2015047,10,37,28,15,2,2
2015048,10,43,21,25,45,5
2015049,30,20,29,10,27,6
2015050,15,28,43,41,5,4
2015051,42,20,2,35,49,3
2015052,46,33,30,19,3,5
2015053,14,30,48,8,49,1
2015054,35,32,29,7,34,10
2015055,4,46,8,29,40,3
2015056,49,1,34,28,31,4
2015057,45,22,37,15,6,5
2015058,39,8,22,46,23,3
2015059,38,41,39,2,10,5
2015060,12,10,22,37,41,10
2015061,45,41,12,26,19,7
2015062,44,35,49,15,29,3
2015063,22,32,42,8,29,3
2015064,43,6,30,47,45,5
2015065,3,38,4,49,12,2
2015066,12,18,30,25,47,2
2015067,4,24,29,47,30,3
2015068,41,3,8,9,44,10
2015069,12,46,40,8,19,8
2015070,16,11,29,15,46,4
2015071,35,19,37,22,16,2
2015072,44,30,26,48,41,1
2015073,32,8,3,13,37,4
2015074,35,43,37,24,38,2
2015075,29,49,38,25,41,2
2015076,47,14,42,40,29,4
2015077,14,16,2,12,42,7
2015078,49,5,19,18,38,10
2015079,4,49,38,29,40,3
2015080,17,12,36,35,43,3
2015081,5,39,32,42,20,7
2015082,14,26,4,23,36,1
2015083,22,39,31,37,29,8
2015084,46,2,30,43,14,8
2015085,45,41,37,35,18,3
2015086,31,17,2,24,29,1
2015087,36,30,33,31,24,1
2015088,43,7,5,10,13,4
2015089,14,28,37,41,6,5
2015090,22,2,3,42,36,9
2015091,9,31,24,34,23,9
2015092,48,10,49,1,39,1
2015093,34,10,22,36,9,4
2015094,12,8,11,35,33,9
2015095,37,44,14,12,28,5
2015096,15,43,1,24,8,2
2015097,49,13,6,25,47,4
2015098,29,9,26,36,42,1
2015099,21,6,45,34,38,4
2015100,19,4,20,29,49,9
2015101,6,5,17,42,30,1
2015102,44,26,41,15,37,8
2015103,43,40,2,38,23,8
2015104,12,41,38,1,31,4
2015105,29,6,9,17,28,2
2015106,24,45,14,25,42,9
2015107,5,19,21,32,29,3
2015108,3,19,10,44,41,7
2015109,41,1,30,38,31,10
2015110,3,43,48,37,49,2
2015111,7,34,42,11,17,6
2015112,2,25,43,16,33,9
2015113,42,47,28,27,12,5
2015114,35,49,18,20,31,3
2015115,14,13,4,24,21,1
2015116,23,39,37,36,49,8
2015117,16,18,15,35,26,7
2015118,27,18,8,37,20,4
2015119,27,28,13,31,42,6
2015120,29,27,2,14,28,9
2015121,41,23,15,30,45,7
2015122,1,16,49,3,4,4
2015123,38,20,33,6,35,2
2015124,22,33,14,46,9,8
2015125,36,33,31,48,47,7
2015126,25,35,22,26,31,6
2015127,7,12,39,29,11,2
2015128,17,19,23,4,49,3
2015129,49,2,17,30,5,2
2015130,33,36,48,43,34,10
2015131,21,32,8,48,7,4
2015132,32,11,8,21,15,6
2015133,7,32,4,23,28,1
2015134,25,32,8,37,39,10
2015135,17,1,6,13,15,2
2015136,34,29,47,10,37,10
2015137,28,47,40,12,42,1
2015138,25,23,5,1,47,1
2015139,43,24,12,18,16,10
2015140,47,12,14,37,20,6
2015141,24,18,22,41,7,3
2015142,30,19,37,12,46,9
2015143,27,19,5,35,40,9
2015144,39,9,3,45,10,7
2015145,9,26,47,20,27,7
2015146,22,28,42,37,14,10
2015147,6,34,12,49,10,7
2015148,13,40,2,34,15,8
2015149,31,49,7,20,11,7
2015150,46,41,24,35,22,10
2015151,4,25,42,39,38,7
2015152,11,19,33,41,7,3
2015153,13,17,28,46,42,2
2015154,15,21,20,38,43,1
2015155,10,12,7,20,45,7
2015156,16,2,34,25,1,5
2016001,19,44,37,46,10,10
2016002,34,43,23,15,40,3
2016003,49,22,14,5,2,4
2016004,22,39,4,49,45,6
2016005,41,29,19,43,14,9
2016006,30,11,35,33,3,2
2016007,17,45,26,27,13,6
2016008,2,5,3,10,1,4
2016009,34,21,9,42,31,8
2016010,42,3,15,41,33,3
2016011,12,4,38,10,41,3
2016012,31,44,48,37,32,9
2016013,1,3,31,11,49,1
2016014,18,36,13,40,48,4
2016015,5,44,24,28,25,3
2016016,44,25,2,41,28,9
2016017,30,1,28,39,11,6
2016018,44,46,1,27,48,10
2016019,38,30,27,41,10,4
2016020,37,21,38,4,10,5
2016021,29,17,40,34,2,10
2016022,9,33,34,41,20,8
2016023,23,2,5,48,26,5
2016024,20,18,44,1,49,7
2016025,11,47,13,10,28,6
2016026,13,3,1,24,45,1
2016027,40,48,44,20,34,2
2016028,34,5,14,49,23,6
2016029,11,6,49,41,12,1
2016030,40,22,20,19,41,2
2016031,27,17,9,25,46,6
2016032,19,39,27,14,36,8
2016033,43,18,11,7,9,10
2016034,49,13,4,36,18,5
2016035,3,34,42,37,10,2
2016036,14,19,17,8,5,9
2016037,14,3,20,17,1,1
2016038,26,2,28,4,15,2
2016039,43,20,46,35,23,6
2016040,29,34,18,22,19,1
2016041,36,7,48,11,8,3
2016042,21,19,28,24,44,5
2016043,42,49,39,14,16,6
2016044,34,29,4,26,25,2
2016045,31,49,34,2,4,4
2016046,33,25,36,39,40,9
2016047,47,29,24,38,26,7
2016048,12,15,36,41,13,9
2016049,26,15,22,2,17,7
2016050,39,19,13,18,22,6
2016051,9,36,25,45,44,10
2016052,49,29,2,30,36,7
2016053,47,36,43,48,26,6
2016054,15,7,42,8,24,9
2016055,35,33,42,20,14,4
2016056,24,29,4,11,14,1
2016057,31,44,29,19,15,10
2016058,42,28,30,1,27,5
2016059,36,38,31,6,16,1
2016060,22,1,40,38,49,9
2016061,41,26,23,12,48,4
2016062,41,48,22,26,7,2
2016063,20,12,36,21,4,3
2016064,19,3,1,14,13,6
2016065,6,38,7,13,40,3
2016066,27,35,26,44,22,10
2016067,39,2,16,19,25,1
2016068,23,32,48,47,25,5
2016069,45,6,8,49,33,9
2016070,7,17,22,46,44,6
2016071,28,36,5,21,8,8
2016072,34,2,8,5,33,10
2016073,18,33,10,20,39,3
2016074,38,4,45,13,43,10
2016075,4,27,10,36,5,9
2016076,16,20,19,35,49,3
2016077,22,23,8,41,24,7
2016078,17,22,9,14,48,10
2016079,8,24,31,17,16,5
2016080,12,10,25,22,47,1
2016081,26,38,47,13,16,8
2016082,46,15,6,39,3,10
2016083,36,35,2,25,27,4
2016084,30,28,47,34,7,10
2016085,45,21,46,48,11,4
2016086,29,25,2,39,20,7
2016087,32,1,13,29,46,1
2016088,2,27,33,21,15,10
2016089,3,29,46,5,1,4
2016090,34,7,44,19,8,6
2016091,30,9,22,46,23,9
2016092,45,29,36,42,24,7
2016093,18,27,39,44,24,3
2016094,44,12,7,25,31,10
2016095,1,26,2,36,3,7
2016096,49,30,19,17,7,3
2016097,33,1,9,6,46,6
2016098,16,31,25,27,26,7
2016099,12,21,35,24,40,4
2016100,35,10,28,43,15,9
2016101,21,44,42,12,34,7
2016102,3,4,34,41,42,2
2016103,45,21,2,31,23,8
2016104,44,36,49,25,48,2
2016105,12,26,19,47,10,1
2016106,36,24,45,49,47,5
2016107,43,48,7,42,30,4
2016108,26,34,38,13,42,9
2016109,46,38,29,31,19,6
2016110,6,5,11,13,22,10
2016111,29,18,37,7,47,7
2016112,12,3,4,34,25,2
2016113,41,37,20,18,45,10
2016114,30,15,40,13,20,10
2016115,33,32,31,41,43,10
2016116,4,23,26,19,27,7
2016117,44,46,29,42,45,3
2016118,13,42,8,16,23,1
2016119,46,43,7,22,8,10
2016120,18,28,15,2,43,3
2016121,5,26,28,46,35,9
2016122,18,19,3,48,9,2
2016123,2,19,34,47,23,2
2016124,47,30,41,32,39,7
2016125,8,31,48,39,22,4
2016126,32,28,29,26,38,1
2016127,29,41,3,43,35,8
2016128,18,29,36,17,23,7
2016129,1,46,20,40,35,10
2016130,21,36,44,26,14,4
2016131,11,35,16,29,41,4
2016132,26,1,49,7,14,10
2016133,16,42,21,6,34,5
2016134,1,46,21,6,31,6
2016135,3,22,47,14,8,5
2016136,29,11,19,16,2,8
2016137,41,6,14,16,26,2
2016138,37,48,1,26,24,7
2016139,34,48,41,46,36,7
2016140,7,18,12,45,3,8
2016141,47,7,25,2,12,7
2016142,9,21,44,6,11,7
2016143,41,45,20,10,38,6
2016144,9,33,31,3,40,5
2016145,11,13,38,4,44,7
2016146,29,30,23,6,26,4
2016147,5,44,7,2,45,3
2016148,41,43,27,24,28,9
2016149,12,14,11,6,36,6
2016150,10,9,44,14,46,7
2016151,13,5,16,32,2,5
2016152,17,40,41,26,3,7
2016153,25,42,17,39,22,6
2016154,22,48,7,20,35,1
2016155,3,16,27,29,37,6
2016156,34,35,16,39,15,4
2016157,45,49,43,33,4,8
2017001,31,38,11,19,40,5
2017002,17,36,16,26,38,7
2017003,33,46,24,21,22,8
2017004,21,16,6,42,2,7
2017005,30,13,28,22,19,3
2017006,19,18,44,37,16,1
2017007,35,32,14,37,26,5
2017008,48,29,34,5,47,4
2017009,40,36,32,8,31,6
2017010,15,5,17,49,31,9
2017011,10,19,20,28,4,2
2017012,6,5,10,2,26,5
2017013,4,22,40,23,32,4
2017014,45,24,17,46,9,7
2017015,32,22,1,35,37,7
2017016,19,31,33,40,30,2
2017017,17,33,37,40,19,6
2017018,37,17,29,15,1,3
2017019,5,16,39,44,18,3
2017020,8,16,21,14,24,10
2017021,32,23,49,1,3,4
2017022,20,29,43,41,15,10
2017023,17,25,22,35,43,10
2017024,40,32,43,11,48,2
2017025,3,37,16,17,47,5
2017026,33,31,16,46,20,5
2017027,28,14,37,32,4,4
2017028,26,10,6,41,3,9
2017029,40,16,46,42,47,2
2017030,1,39,31,13,42,7
2017031,16,21,34,48,24,3
2017032,25,5,46,36,31,8
2017033,33,18,1,30,6,2
2017034,42,39,28,13,40,1
2017035,43,25,28,2,11,5
2017036,2,5,8,43,49,1
2017037,2,49,9,38,18,8
2017038,35,14,10,26,25,5
2017039,46,2,44,9,25,9
2017040,34,16,44,3,9,3
2017041,10,40,42,20,6,10
2017042,17,44,18,45,29,5
2017043,11,3,20,14,1,2
2017044,48,18,3,28,40,7
2017045,28,29,41,40,49,5
2017046,8,36,46,4,33,7
2017047,47,39,38,41,48,9
2017048,17,21,31,1,46,5
2017049,7,42,28,45,41,9
2017050,27,6,8,14,16,5
2017051,48,37,46,44,34,9
2017052,18,46,37,16,35,6
2017053,20,15,27,46,6,3
2017054,27,41,34,6,45,5
2017055,33,7,47,22,43,6
2017056,30,22,20,43,12,9
2017057,16,13,9,28,47,10
2017058,22,13,1,27,5,1
2017059,25,44,6,30,22,7
2017060,33,31,28,34,42,3
2017061,27,21,22,7,31,10
2017062,17,22,18,8,30,5
2017063,9,8,28,40,17,8
2017064,40,43,39,41,1,9
2017065,1,36,9,41,27,1
2017066,23,45,36,34,44,3
2017067,49,12,17,41,21,7
2017068,22,43,36,40,21,5
2017069,49,34,37,36,8,10
2017070,5,29,4,7,27,5
2017071,44,43,49,41,31,5
2017072,26,25,40,14,39,3
2017073,25,43,18,47,40,9
2017074,12,22,34,18,39,6
2017075,48,27,23,35,24,5
2017076,1,49,5,29,38,9
2017077,48,30,37,29,9,1
2017078,26,47,16,33,21,8
2017079,48,8,10,28,2,2
2017080,18,29,17,34,8,6
2017081,9,30,46,43,31,10
2017082,23,43,17,21,18,4
2017083,3,16,31,43,18,5
2017084,34,37,24,48,29,2
2017085,40,41,5,33,16,2
2017086,16,26,6,8,9,7
2017087,40,30,16,5,28,9
2017088,14,11,38,21,35,3
2017089,13,44,35,3,25,2
2017090,24,41,45,23,10,1
2017091,45,37,47,25,31,7
2017092,34,30,9,12,32,7
2017093,3,25,30,13,37,2
2017094,38,24,42,21,14,4
2017095,32,38,36,31,49,1
2017096,13,36,41,15,5,10
2017097,13,15,39,2,9,4
2017098,31,29,25,19,41,4
2017099,39,8,40,21,7,7
2017100,8,36,43,27,14,5
2017101,32,23,16,1,4,7
2017102,10,40,35,32,38,3
2017103,6,8,20,24,42,6
2017104,29,26,7,12,47,9
2017105,10,14,1,40,18,7
2017106,33,6,27,1,35,9
2017107,49,46,28,19,39,4
2017108,44,13,19,15,39,1
2017109,23,42,48,45,12,9
2017110,18,45,4,25,33,1
2017111,37,46,4,18,16,5
2017112,12,25,37,29,34,9
2017113,37,6,4,17,22,6
2017114,15,33,22,19,37,4
2017115,37,16,17,33,34,6
2017116,13,10,16,42,35,4
2017117,16,44,3,38,27,7
2017118,1,11,28,12,20,7
2017119,45,34,20,30,1,9
2017120,41,44,8,37,46,3
2017121,47,30,6,15,3,9
2017122,44,48,6,29,15,4
2017123,18,20,38,43,47,3
2017124,39,48,30,5,32,8
2017125,5,13,25,12,24,7
2017126,2,42,6,20,21,8
2017127,12,21,47,44,25,3
2017128,9,3,19,41,43,8
2017129,22,12,47,5,29,8
2017130,32,42,12,44,34,5
2017131,18,8,26,9,32,1
2017132,23,7,38,35,6,7
2017133,30,45,49,27,48,1
2017134,37,41,13,26,2,5
2017135,40,47,48,1,36,3
2017136,30,29,24,3,43,5
2017137,12,10,16,35,14,6
2017138,13,9,17,37,48,1
2017139,6,30,40,43,35,3
2017140,30,1,10,2,39,8
2017141,43,1,48,2,47,10
2017142,36,5,6,39,46,6
2017143,8,20,3,12,13,4
2017144,24,45,39,33,35,1
2017145,43,32,15,23,41,8
2017146,27,12,38,7,30,1
2017147,48,49,10,46,23,8
2017148,47,34,26,43,29,4
2017149,17,49,24,43,28,8
2017150,48,20,15,9,49,6
2017151,11,39,48,10,29,9
2017152,6,11,13,24,10,9
2017153,4,6,44,8,48,10
2017154,3,31,6,10,29,8
2017155,22,6,48,7,14,8
2017156,40,28,35,13,12,8
2018001,7,43,10,9,14,1
2018002,34,44,27,23,4,4
2018003,45,40,17,6,31,9
2018004,8,44,37,43,45,2
2018005,7,49,18,9,16,3
2018006,48,35,20,31,36,10
2018007,15,28,22,2,5,2
2018008,16,25,40,49,4,3
2018009,44,32,27,38,46,7
2018010,31,11,16,1,14,2
2018011,9,37,35,23,28,5
2018012,45,10,9,34,39,10
2018013,11,32,27,36,21,6
2018014,29,26,16,4,49,1
2018015,22,9,23,38,13,4
2018016,7,29,1,30,45,7
2018017,44,13,17,48,33,3
2018018,19,31,2,40,42,5
2018019,27,35,48,3,32,9
2018020,13,3,44,19,5,4
2018021,49,48,14,22,38,9
2018022,32,9,8,29,28,2
2018023,12,41,2,28,16,1
2018024,12,6,9,31,43,3
2018025,13,34,39,42,37,3
2018026,42,5,49,31,28,7
2018027,3,4,8,2,31,9
2018028,44,38,25,17,41,9
2018029,13,6,18,36,37,5
2018030,5,47,23,21,18,6
2018031,27,7,10,38,13,8
2018032,36,46,13,4,3,10
2018033,48,43,36,30,13,9
2018034,20,15,27,46,24,10
2018035,31,45,21,30,29,2
2018036,31,11,44,35,26,9
2018037,27,17,37,10,4,10
2018038,43,39,15,5,45,10
2018039,42,2,41,18,31,8
2018040,28,34,18,13,14,2
2018041,19,40,22,45,36,6
2018042,26,34,10,45,7,7
2018043,1,32,20,28,42,6
2018044,40,46,32,17,1,8
2018045,24,5,49,36,1,7
2018046,16,25,6,21,26,5
2018047,18,11,38,17,46,8
2018048,26,20,2,11,39,5
2018049,2,33,20,29,32,8
2018050,21,23,5,10,36,1
2018051,36,14,40,31,47,2
2018052,43,48,49,36,7,7
2018053,8,1,14,10,21,10
2018054,9,30,47,41,15,5
2018055,43,13,10,23,46,6
2018056,10,23,35,34,5,6
2018057,6,23,9,47,5,10
2018058,40,33,23,1,5,8
2018059,44,37,7,23,41,8
2018060,5,47,30,45,12,9
2018061,20,4,46,16,5,5
2018062,14,29,3,36,25,9
2018063,26,24,2,43,3,8
2018064,35,10,25,21,23,10
2018065,4,44,41,36,33,6
2018066,18,13,31,7,35,4
2018067,8,38,48,16,35,2
2018068,43,5,33,6,47,2
2018069,7,16,5,9,12,10
2018070,44,41,49,25,14,4
2018071,20,48,15,29,49,1
2018072,35,17,8,43,19,9
2018073,34,2,7,13,44,8
2018074,43,33,8,30,6,3
2018075,41,32,49,10,36,10
2018076,14,9,21,13,32,5
2018077,26,11,9,41,8,10
2018078,5,36,23,29,45,7
2018079,48,38,36,45,16,8
2018080,41,23,16,20,45,5
2018081,41,3,34,11,10,10
2018082,9,21,19,36,40,1
2018083,11,46,1,22,42,4
2018084,47,37,45,3,20,3
2018085,36,31,9,16,3,1
2018086,18,26,27,43,35,7
2018087,44,18,9,28,1,10
2018088,7,20,41,40,11,6
2018089,35,27,22,20,30,3
2018090,7,23,13,18,21,10
2018091,33,7,13,41,43,2
2018092,47,15,45,35,17,4
2018093,41,23,9,32,38,3
2018094,30,4,37,32,23,6
2018095,5,19,29,15,24,8
2018096,41,27,44,46,14,5
2018097,10,19,21,2,40,6
2018098,40,21,47,27,6,8
2018099,33,37,31,16,49,8
2018100,15,48,42,18,40,10
2018101,16,42,12,6,40,3
2018102,29,6,15,44,16,3
2018103,40,17,24,18,10,2
2018104,17,45,19,40,31,1
2018105,32,35,11,41,42,6
2018106,18,2,15,1,41,10
2018107,7,39,34,6,15,1
2018108,6,19,22,34,20,10
2018109,27,20,19,46,38,10
2018110,11,33,24,35,4,9
2018111,11,26,1,46,13,5
2018112,43,42,8,15,26,5
2018113,15,42,4,27,25,5
2018114,14,37,39,18,38,9
2018115,12,30,17,8,6,3
2018116,40,18,15,36,10,3
2018117,31,7,15,10,17,4
2018118,6,1,40,7,2,4
2018119,31,24,11,20,32,8
2018120,49,39,8,48,1,9
2018121,46,1,4,23,24,2
2018122,5,24,38,29,4,3
2018123,1,36,45,4,22,8
2018124,8,14,25,19,49,5
2018125,33,13,7,2,41,1
2018126,7,17,31,12,48,8
2018127,10,4,29,19,47,6
2018128,28,45,34,36,9,6
2018129,26,21,36,29,35,9
2018130,9,42,24,43,22,7
2018131,34,14,2,28,38,4
2018132,6,29,8,9,39,2
2018133,9,11,39,29,32,8
2018134,33,27,3,20,6,8
2018135,20,43,18,44,30,7
2018136,13,14,37,21,15,7
2018137,36,41,15,49,48,5
2018138,42,20,27,22,12,7
2018139,33,46,21,20,28,7
2018140,22,45,20,21,23,10
2018141,15,11,5,22,10,5
2018142,36,30,34,14,21,2
2018143,3,38,30,10,15,6
2018144,15,6,3,23,39,2
2018145,1,15,9,19,39,5
2018146,6,19,41,17,18,9
2018147,25,38,11,29,14,8
2018148,8,34,16,13,37,10
2018149,39,21,45,12,44,5
2018150,38,1,3,32,30,6
2018151,2,9,25,35,30,9
2018152,21,3,25,10,11,3
2018153,44,46,31,11,22,5
2018154,10,22,34,43,46,2
2018155,45,9,5,24,11,10
2018156,26,30,42,38,12,5
2018157,43,24,34,27,14,10
2019001,36,12,29,2,26,7
2019002,48,18,40,7,6,7
2019003,1,19,12,31,7,10
2019004,6,19,46,21,15,10
2019005,19,24,11,34,25,8
2019006,35,33,44,1,11,10
2019007,15,11,10,1,31,3
2019008,37,10,39,16,34,7
2019009,17,26,30,47,20,6
2019010,25,17,41,24,38,10
2019011,30,14,12,16,42,2
2019012,37,15,30,6,47,6
2019013,20,47,15,11,30,9
2019014,32,27,5,7,35,3
2019015,40,12,37,24,42,1
2019016,4,15,21,26,22,10
2019017,47,40,45,42,3,9
2019018,43,15,13,48,25,5
2019019,43,41,29,14,7,3
2019020,8,7,25,11,46,7
2019021,18,9,11,33,7,9
2019022,25,29,8,34,15,1
2019023,3,45,13,4,44,5
2019024,7,44,37,48,38,7
2019025,14,1,34,19,4,2
2019026,46,42,38,25,16,9
2019027,4,15,11,36,33,2
2019028,14,23,15,44,46,5
2019029,32,47,43,35,15,10
2019030,25,24,16,6,5,1
2019031,29,5,20,8,32,3
2019032,33,19,1,31,22,1
2019033,38,23,45,24,44,6
2019034,13,3,21,2,40,8
2019035,12,1,40,28,26,6
2019036,46,47,23,22,24,2
2019037,49,45,25,10,19,1
2019038,15,44,41,3,2,3
2019039,32,14,35,46,11,10
2019040,16,38,18,45,10,3
2019041,19,26,13,27,24,7
2019042,24,9,26,15,13,9
2019043,22,23,14,42,16,5
2019044,17,9,1,24,46,8
2019045,32,44,40,17,38,6
2019046,29,17,34,48,8,3
2019047,4,30,15,49,45,3
2019048,39,7,21,29,5,7
2019049,3,11,35,13,15,3
2019050,27,17,26,25,33,2
2019051,33,43,39,6,29,2
2019052,26,48,25,16,34,8
2019053,38,18,3,24,29,9
2019054,23,38,5,24,35,3
2019055,2,16,4,20,35,5
2019056,24,44,34,19,45,2
2019057,15,24,37,40,41,4
2019058,38,44,46,27,42,1
2019059,19,4,10,42,46,5
2019060,32,14,43,29,41,1
2019061,1,48,27,49,37,1
2019062,42,47,2,13,43,10
2019063,33,13,28,18,42,9
2019064,36,48,14,13,6,2
2019065,35,26,13,45,20,3
2019066,42,12,9,41,33,1
2019067,28,47,26,38,17,7
2019068,14,41,9,10,45,1
2019069,9,24,18,49,39,8
2019070,25,31,45,38,3,9
2019071,2,13,20,30,37,6
2019072,20,49,31,12,13,2
2019073,45,46,4,36,18,5
2019074,13,20,10,25,27,2
2019075,33,16,1,32,45,6
2019076,4,47,43,30,7,10
2019077,46,42,1,4,3,3
2019078,38,23,41,3,17,3
2019079,39,38,8,31,45,8
2019080,13,6,2,27,12,10
2019081,26,11,38,20,33,10
2019082,7,21,29,35,47,6
2019083,27,18,49,37,48,10
2019084,10,1,19,13,3,4
2019085,26,4,27,47,28,8
2019086,21,17,29,35,18,6
2019087,28,37,44,11,7,3
2019088,39,25,10,32,40,10
2019089,25,28,39,47,31,8
2019090,6,29,3,47,21,3
2019091,32,18,8,36,30,5
2019092,10,4,5,23,7,4
2019093,5,45,22,26,33,9
2019094,26,28,36,29,5,4
2019095,37,4,12,9,18,3
2019096,31,30,9,20,34,10
2019097,45,17,27,48,34,2
2019098,1,21,28,8,37,2
2019099,14,31,7,28,2,3
2019100,17,3,38,1,25,8
2019101,23,31,15,38,17,4
2019102,4,21,46,27,47,6
2019103,14,25,47,7,42,5
2019104,47,21,25,19,38,4
2019105,6,2,44,33,21,4
2019106,25,2,4,7,35,3
2019107,16,12,27,30,2,2
2019108,42,2,44,28,5,8
2019109,35,19,6,27,14,10
2019110,28,23,18,26,19,9
2019111,42,35,31,32,13,5
2019112,16,6,36,5,3,10
2019113,15,42,41,44,8,10
2019114,36,20,42,34,29,4
2019115,7,1,26,22,15,3
2019116,18,15,12,19,40,5
2019117,43,2,33,23,47,2
2019118,33,37,32,35,49,3
2019119,30,2,38,16,31,5
2019120,19,4,2,35,11,5
2019121,14,39,17,44,36,5
2019122,27,16,12,37,10,9
2019123,16,48,18,24,6,9
2019124,19,30,5,18,35,2
2019125,36,23,24,31,32,8
2019126,13,42,40,48,3,4
2019127,49,44,31,33,40,1
2019128,11,30,44,13,20,9
2019129,46,17,36,35,18,4
2019130,46,13,48,2,22,1
2019131,41,1,18,16,13,3
20199133,43,27,23,44,42,10
20199134,26,24,6,18,29,3
20199135,28,14,27,13,25,5
20199136,22,13,10,35,19,1
20199137,10,49,30,12,29,9
20199138,31,44,6,15,12,7
20199139,22,23,7,30,37,3
20199140,4,27,28,9,22,4
20199141,44,41,35,33,38,8
20199142,44,2,15,29,18,4
20199143,7,25,17,48,16,3
20199144,39,28,14,11,42,9
20199145,8,30,26,35,40,2
20199146,40,29,44,38,10,8
20199147,1,34,15,24,25,8
20199148,25,33,48,1,40,8
20199149,3,48,17,4,38,9
20199150,38,26,39,35,10,6
20199151,23,6,17,5,7,9
20199152,48,23,27,19,22,2
20199153,37,36,32,20,7,2
20199154,36,40,45,24,15,9
20199155,24,48,49,18,8,8
20199156,12,38,34,32,48,6
20200001,11,7,32,24,4,10
20200002,22,9,43,31,34,5
20200003,49,10,19,26,30,3
20200004,17,44,29,16,37,8
20200005,48,14,2,23,13,3
20200006,16,11,25,32,14,9
20200007,35,19,8,22,46,2
20200008,12,1,33,13,2,9
20200009,13,38,31,30,26,1
20200010,25,28,42,26,12,10
20200011,36,17,30,7,11,5
20200012,27,12,10,7,41,1
20200013,31,30,6,14,45,8
20200014,36,25,22,21,16,9
20200015,49,20,7,31,33,4
20200016,30,21,6,11,29,4
20200017,47,31,12,45,7,10
20200018,15,49,37,25,38,8
20200019,47,38,17,30,43,5
20200020,48,4,25,5,45,7
20200021,44,39,7,41,19,1
20200022,40,16,21,41,46,2
20200023,4,39,26,5,24,4
20200024,20,15,27,9,47,7
20200025,20,6,30,32,45,4
20200026,37,24,19,10,5,6
20200027,42,26,21,39,40,5
20200028,10,17,33,30,49,4
20200029,5,35,37,4,24,2
20200030,26,41,5,33,42,7
20200031,38,45,5,14,46,1
20200032,28,41,38,31,43,10
20200033,44,16,4,40,23,3
20200034,48,10,46,28,29,9
20200035,16,37,8,7,42,8
20200036,28,49,5,48,21,2
20200037,40,45,24,32,34,1
20200038,35,23,26,32,22,5
20200039,21,37,12,17,23,7
20200040,41,48,42,28,3,6
20200041,40,2,35,39,42,9
20200042,23,29,18,35,7,4
20200043,16,9,19,26,6,9
20200044,8,43,1,48,41,7
20200045,42,1,19,23,17,9
20200046,16,1,31,48,3,6
20200047,45,1,33,47,27,8
20200048,37,5,9,7,41,6
20200049,28,30,43,40,41,7
20200050,49,6,24,13,10,3
20200051,41,11,19,29,14,9
20200052,25,29,47,5,7,1
20200053,43,22,12,30,9,4
20200054,39,8,9,33,15,10
20200055,48,36,14,15,10,3
20200056,48,39,29,47,35,7
20200057,34,5,33,3,17,10
20200058,43,4,17,38,49,8
20200059,26,27,41,46,19,4
20200060,20,30,35,14,10,9
20200061,45,14,39,20,47,8
20200062,22,28,3,23,29,2
20200063,9,26,30,42,36,4
20200064,29,6,12,44,31,6
20200065,5,14,42,44,16,9
20200066,24,26,2,36,32,7
20200067,12,13,26,44,16,6
20200068,14,7,43,44,29,5
20200069,8,22,26,46,2,1
20200070,47,36,20,11,9,2
20200071,25,32,6,5,28,4
20200072,22,49,26,2,47,2
20200073,26,13,10,20,46,1
20200074,8,24,33,38,14,5
20200075,9,36,5,21,39,5
20200076,36,8,31,34,17,7
20200077,1,39,2,6,27,4
20200078,21,29,20,47,46,7
20200079,44,47,5,13,14,8
20200080,23,13,27,44,36,6
20200081,2,11,42,30,35,6
20200082,30,48,37,9,26,8
20200083,32,6,35,28,40,7
20200084,24,3,35,46,2,8
20200085,6,12,4,35,44,3
20200086,11,42,22,34,43,4
20200087,8,42,22,28,26,2
20200088,4,28,38,20,18,1
20200089,18,10,6,15,48,4
20200090,19,24,45,15,25,3
20200091,47,46,7,19,39,5
20200092,17,18,25,38,9,9
20200093,43,48,42,23,30,7
20200094,46,32,22,15,17,8
20200095,35,42,49,4,6,9
20200096,28,38,2,1,11,6
20200097,17,47,30,3,44,3
20200098,5,41,3,42,15,7
20200099,6,1,39,48,40,6
20200100,35,11,13,4,34,1
20200101,7,11,5,32,33,5
20200102,28,18,22,37,19,2
20200103,13,45,4,40,31,3
20200104,23,15,38,21,39,4
20200105,7,16,17,4,11,10
20200106,14,23,21,47,3,3
20200107,22,15,19,24,46,3
20200108,37,35,31,44,14,7
20200109,24,48,20,29,45,3
20200110,16,46,12,21,24,2
20200111,23,49,5,13,32,2
20200112,28,19,49,23,17,7
20200113,33,42,27,46,32,7
20200114,46,41,38,19,16,9
20200115,11,5,25,23,33,5
20200116,4,31,49,8,39,9
20200117,33,22,44,6,35,2
20200118,26,24,49,32,2,5
20200119,31,36,9,33,18,2
20200120,6,22,19,5,9,5
20200121,17,30,6,49,19,2
20200122,48,26,31,47,42,8
20200123,18,7,21,42,11,3
20200124,19,42,32,26,39,6
20200125,28,23,24,9,20,4
20200126,7,35,48,28,25,1
20200127,35,48,33,21,15,1
20200128,8,25,4,12,45,2
20200129,33,7,8,12,22,5
20200130,25,43,30,2,19,9
20200131,22,35,9,28,13,5
20200132,42,43,38,33,31,3
20200133,29,10,16,14,9,1
20200134,45,5,48,42,30,9
20200135,26,18,41,38,5,10
20200136,15,17,10,37,16,9
20200137,40,26,17,24,43,9
20200138,7,47,16,33,42,7
20200139,28,11,14,43,41,8
20200140,49,17,44,5,46,4
20200141,15,20,12,6,1,1
20200142,1,26,14,31,10,4
20200143,9,25,2,47,35,10
20200144,28,9,26,29,18,3
20200145,23,14,40,46,27,1
20200146,34,20,14,35,9,1
20200147,45,27,48,4,38,4
20200148,47,17,48,39,24,7
20200149,14,31,9,45,23,6
20200150,47,48,13,34,2,6
20200151,21,6,41,17,16,9
20200152,30,29,49,23,10,5
20200153,10,31,36,37,44,5
20200154,5,3,39,31,38,9
20200155,31,3,40,35,2,7
20200156,41,34,42,22,1,5
20200157,36,20,13,31,38,1
20211001,5,27,7,24,41,10
20211002,31,39,30,49,19,8
20211003,41,21,32,47,11,9
20211004,49,12,27,11,7,1
20211005,33,46,8,17,1,5
20211006,32,42,30,17,41,5
20211007,44,20,14,22,36,2
20211008,5,43,10,48,25,10
20211009,21,11,22,40,32,9
20211010,1,19,13,24,48,5
20211011,13,31,49,7,3,5
20211012,27,44,25,23,6,6
20211013,17,5,33,9,37,4
20211014,1,18,45,17,21,9
20211015,17,31,26,37,21,10
20211016,44,42,15,9,47,10
20211017,19,10,9,29,5,8
20211018,44,13,29,15,33,4
20211019,13,17,31,28,9,10
20211020,13,22,17,6,12,7
20211021,34,31,35,41,29,8
20211022,21,36,19,39,49,5
20211023,3,37,26,15,24,7
20211024,47,18,41,10,19,2
20211025,4,29,42,43,11,10
20211026,4,14,21,47,8,9
20211027,38,8,41,49,19,7
20211028,11,22,3,13,30,8
20211029,24,8,38,19,40,10
20211030,26,42,33,20,34,9
20211031,47,22,19,4,10,8
20211032,29,38,33,15,41,2
20211033,45,18,46,3,30,3
20211034,42,18,14,4,27,3
20211035,15,6,34,39,24,4
20211036,22,38,28,37,9,10
20211037,16,11,18,8,10,5
20211038,41,28,18,13,38,1
20211039,2,27,24,35,22,5
20211040,17,1,38,2,45,2
20211041,32,22,2,12,15,8
20211042,35,19,9,16,43,4
20211043,9,35,15,8,4,8
20211044,43,14,26,7,11,7
20211045,27,25,20,23,47,6
20211046,38,37,17,34,30,1
20211047,49,17,36,44,27,1
20211048,45,31,6,49,39,4
20211049,41,12,26,42,36,7
20211050,2,34,41,32,8,6
20211051,4,15,10,49,12,6
20211052,27,25,5,34,38,7
20211053,44,8,11,48,37,6
20211054,36,48,46,41,8,6
20211055,41,35,40,6,24,6
20211056,44,12,13,17,27,10
20211057,19,11,22,36,9,1
20211058,7,31,29,24,47,3
20211059,23,42,3,17,47,4
20211060,28,17,41,3,23,3
20211061,9,2,45,19,7,10
20211062,11,44,47,29,7,9
20211063,20,1,22,5,42,6
20211064,32,4,36,44,9,3
20211065,25,3,13,32,47,9
20211066,33,34,25,3,26,6
20211067,45,16,6,37,25,9
20211068,6,28,34,7,11,8
20211069,16,33,41,2,24,8
20211070,9,2,5,29,10,1
20211071,40,12,47,21,19,7
20211072,22,23,35,46,3,9
20211073,3,44,46,27,14,6
20211074,44,21,25,18,47,10
20211075,1,16,6,3,40,1
20211076,37,24,38,13,45,6
20211077,4,28,48,8,15,1
20211078,8,44,6,48,31,9
20211079,33,48,13,2,19,2
20211080,43,36,3,32,45,2
20211081,37,18,8,44,46,2
20211082,43,3,38,42,46,1
20211083,38,31,8,37,30,1
20211084,36,18,38,31,29,10
20211085,31,8,47,11,17,6
20211086,3,28,15,4,2,5
20211087,27,25,6,37,32,9
20211088,24,40,5,31,22,9
20211089,42,5,34,21,37,10
20211090,1,28,3,29,8,6
20211091,22,6,46,7,17,3
20211092,24,44,46,42,7,2
20211093,21,36,22,20,44,10
20211094,7,24,36,6,47,10
20211095,37,43,45,28,38,3
20211096,43,13,21,5,6,4
20211097,4,28,42,49,35,7
20211098,22,27,13,10,49,4
20211099,4,7,12,24,25,2
20211100,46,8,2,19,29,2
20211101,13,22,31,11,21,6
20211102,19,9,29,26,3,8
20211103,48,43,46,11,8,9
20211104,32,34,18,44,3,9
20211105,49,27,32,24,17,7
20211106,41,49,30,45,35,3
20211107,3,31,36,13,40,9
20211108,7,34,27,12,15,4
20211109,5,3,49,33,15,8
20211110,4,30,24,21,40,4
20211111,48,22,4,30,27,7
20211112,39,38,21,2,9,2
20211113,12,10,45,15,31,5
20211114,5,40,13,14,9,1
20211115,20,35,49,18,16,1
20211116,12,26,31,40,37,3
20211117,6,39,28,13,33,10
20211118,6,46,35,20,8,9
20211119,44,15,5,19,7,1
20211120,44,34,20,8,41,2
20211121,22,29,19,15,34,3
20211122,26,7,1,9,28,3
20211123,21,20,19,43,49,10
20211124,23,15,46,5,37,10
20211125,41,27,36,35,9,6
20211126,26,35,16,22,42,4
20211127,6,36,35,10,48,9
20211128,31,48,43,37,3,10
20211129,41,16,44,27,15,9
20211130,46,11,43,12,30,9
20211131,47,27,26,43,1,6
20211132,7,39,31,38,42,10
20211133,19,2,18,22,4,3
20211134,44,32,11,48,7,3
20211135,31,12,9,40,41,2
20211136,39,13,12,31,26,6
20211137,34,7,8,41,42,8
20211138,37,40,36,4,43,6
20211139,44,9,18,17,42,8
20211140,19,12,8,41,16,5
20211141,14,34,39,24,47,8
20211142,25,28,46,12,27,4
20211143,30,26,35,44,31,4
20211144,26,18,3,49,46,6
20211145,23,18,34,5,44,5
20211146,29,16,36,7,15,6
20211147,28,26,1,30,16,4
20211148,16,45,34,42,26,9
20211149,23,38,36,18,19,1
20211150,34,47,11,37,38,8
20211151,10,46,2,31,38,8
20211152,22,23,12,47,25,1
20211153,41,20,46,11,24,1
20211154,6,25,48,21,37,10
20211155,32,20,6,12,14,8
20211156,21,18,33,49,48,7
20222001,30,36,14,6,39,5
20222002,33,36,34,38,22,5
20222003,17,45,30,32,6,4
20222004,22,42,43,17,25,10
20222005,14,43,34,41,35,9
20222006,23,20,1,26,44,4
20222007,19,10,30,13,47,8
20222008,4,27,5,15,22,9
20222009,44,27,41,8,43,6
20222010,26,3,39,17,30,8
20222011,15,38,7,4,40,2
20222012,14,16,33,38,45,10
20222013,42,29,25,46,8,9
20222014,25,32,31,36,10,8
20222015,11,37,49,28,40,4
20222016,48,31,24,11,38,9
20222017,37,15,18,31,46,3
20222018,44,48,31,46,21,1
20222019,45,22,28,40,37,10
20222020,26,13,29,15,20,5
20222021,22,24,41,21,32,2
20222022,32,24,49,39,40,1
20222023,2,6,10,32,17,5
20222024,33,15,6,12,14,8
20222025,29,39,28,22,30,3
20222026,43,9,21,36,27,2
20222027,46,4,3,43,22,6
20222028,37,26,36,14,1,3
20222029,8,27,29,15,41,4
20222030,32,8,21,41,25,4
20222031,16,47,33,21,5,5
20222032,11,5,32,49,9,6
20222033,1,49,12,39,24,3
20222034,44,38,33,49,41,7
20222035,10,26,46,35,5,9
20222036,20,2,29,39,18,10
20222037,40,10,37,34,12,5
20222038,16,48,21,5,26,10
20222039,12,34,16,26,10,7
20222040,15,6,11,28,24,10
20222041,23,22,33,36,10,6
20222042,6,20,48,12,38,7
20222043,3,15,13,29,40,10
20222044,32,3,22,18,17,10
20222045,36,29,44,46,35,8
20222046,4,41,30,27,21,6
20222047,10,39,33,9,47,5
20222048,45,46,4,13,33,7
20222049,44,20,11,9,42,4
20222050,31,36,42,23,8,7
20222051,8,13,1,43,31,10
20222052,6,27,5,21,47,9
20222053,46,20,13,47,8,7
20222054,37,30,17,12,41,2
20222055,23,37,38,7,15,3
20222056,6,33,7,9,15,2
20222057,23,45,7,2,46,10
20222058,4,44,29,32,24,4
20222059,21,33,4,14,32,1
20222060,14,23,22,45,36,7
20222061,1,12,41,7,21,4
20222062,30,26,48,41,47,6
20222063,37,30,24,27,45,10
20222064,20,27,21,26,7,7
20222065,22,12,38,13,14,2
20222066,33,4,35,22,2,7
20222067,9,23,17,42,6,5
20222068,20,5,22,23,18,5
20222069,38,33,39,27,26,5
20222070,7,28,4,11,10,8
20222071,44,45,46,43,31,10
20222072,11,37,44,13,21,6
20222073,31,1,12,32,28,9
20222074,27,47,23,48,14,3
20222075,17,40,10,27,23,2
20222076,2,47,40,31,49,9
20222077,34,31,36,24,37,1
20222078,16,47,43,24,26,9
20222079,32,20,22,46,34,9
