date,1,2,3,4,5,6,7,8,9,10
20081006,0,0,0,0,0,0,0,0,1,0
20081008,1,0,0,0,0,0,0,0,0,0
20081011,0,0,0,1,0,0,0,0,0,0
20081013,0,0,0,1,0,0,0,0,0,0
20081015,1,0,0,0,0,0,0,0,0,0
20081018,0,0,0,0,0,0,0,0,0,1
20081020,0,0,1,0,0,0,0,0,0,0
20081022,0,1,0,0,0,0,0,0,0,0
20081025,0,0,1,0,0,0,0,0,0,0
20081027,0,1,0,0,0,0,0,0,0,0
20081029,0,0,0,1,0,0,0,0,0,0
20081101,0,0,1,0,0,0,0,0,0,0
20081103,0,0,0,0,0,0,0,1,0,0
20081105,0,0,0,0,0,0,1,0,0,0
20081108,0,0,0,0,0,0,0,0,1,0
20081110,0,0,0,0,0,1,0,0,0,0
20081112,0,0,0,0,1,0,0,0,0,0
20081115,0,0,1,0,0,0,0,0,0,0
20081117,0,0,0,0,0,1,0,0,0,0
20081119,0,0,0,1,0,0,0,0,0,0
20081122,0,0,0,0,0,1,0,0,0,0
20081124,0,0,0,0,0,0,0,1,0,0
20081126,0,0,0,0,1,0,0,0,0,0
20081129,0,0,0,0,0,0,1,0,0,0
20081201,1,0,0,0,0,0,0,0,0,0
20081203,0,0,0,0,0,0,0,0,0,1
20081206,0,0,0,1,0,0,0,0,0,0
20081208,0,0,0,0,0,0,0,1,0,0
20081210,0,0,1,0,0,0,0,0,0,0
20081213,0,0,0,0,0,0,1,0,0,0
20081215,0,0,0,0,0,0,0,1,0,0
20081217,0,0,0,0,0,0,0,0,1,0
20081220,0,0,0,0,1,0,0,0,0,0
20081222,0,0,1,0,0,0,0,0,0,0
20081224,0,0,0,0,1,0,0,0,0,0
20081227,0,0,0,0,0,0,0,0,0,1
20081229,0,0,0,1,0,0,0,0,0,0
20081231,0,0,0,0,0,0,0,1,0,0
20090103,1,0,0,0,0,0,0,0,0,0
20090105,0,1,0,0,0,0,0,0,0,0
20090107,0,0,0,0,0,0,0,1,0,0
20090110,0,1,0,0,0,0,0,0,0,0
20090112,0,0,0,0,0,0,0,1,0,0
20090114,0,0,1,0,0,0,0,0,0,0
20090117,0,0,0,1,0,0,0,0,0,0
20090119,0,0,0,0,0,0,0,0,1,0
20090121,0,0,1,0,0,0,0,0,0,0
20090124,0,0,0,0,0,0,0,0,0,1
20090126,0,0,0,0,0,0,0,0,0,1
20090128,0,0,0,0,1,0,0,0,0,0
20090131,0,0,0,0,0,0,1,0,0,0
20090202,0,0,0,0,0,0,0,1,0,0
20090204,0,0,1,0,0,0,0,0,0,0
20090207,0,0,0,0,0,0,0,0,0,1
20090209,0,0,0,0,1,0,0,0,0,0
20090211,0,0,0,0,0,0,0,1,0,0
20090214,0,0,0,1,0,0,0,0,0,0
20090216,0,0,0,1,0,0,0,0,0,0
20090218,0,0,0,0,0,0,0,0,1,0
20090221,0,0,0,0,1,0,0,0,0,0
20090223,0,0,0,0,0,0,1,0,0,0
20090225,0,0,0,1,0,0,0,0,0,0
20090228,0,0,0,0,0,0,0,0,0,1
20090302,0,0,0,0,0,0,0,0,0,1
20090304,0,0,0,0,0,1,0,0,0,0
20090307,0,0,0,0,0,0,0,1,0,0
20090309,0,0,0,0,0,0,0,0,1,0
20090311,0,0,0,0,1,0,0,0,0,0
20090314,0,0,0,0,0,1,0,0,0,0
20090316,0,1,0,0,0,0,0,0,0,0
20090318,0,1,0,0,0,0,0,0,0,0
20090321,0,0,0,0,0,0,0,0,0,1
20090323,0,0,0,1,0,0,0,0,0,0
20090325,0,0,0,0,0,0,1,0,0,0
20090328,0,1,0,0,0,0,0,0,0,0
20090330,0,0,0,0,0,0,0,0,0,1
20090401,0,0,1,0,0,0,0,0,0,0
20090404,0,0,0,0,0,1,0,0,0,0
20090406,0,0,0,0,0,0,1,0,0,0
20090408,0,0,0,0,0,1,0,0,0,0
20090411,0,0,0,0,0,0,1,0,0,0
20090413,1,0,0,0,0,0,0,0,0,0
20090415,0,0,0,0,0,0,0,1,0,0
20090418,0,0,0,0,0,0,0,1,0,0
20090420,0,0,1,0,0,0,0,0,0,0
20090422,0,0,0,0,0,0,0,0,1,0
20090425,0,0,0,0,0,0,0,1,0,0
20090427,0,1,0,0,0,0,0,0,0,0
20090429,0,0,1,0,0,0,0,0,0,0
20090502,1,0,0,0,0,0,0,0,0,0
20090504,1,0,0,0,0,0,0,0,0,0
20090506,1,0,0,0,0,0,0,0,0,0
20090509,0,0,1,0,0,0,0,0,0,0
20090511,0,0,0,0,0,1,0,0,0,0
20090513,0,0,0,0,0,0,0,0,0,1
20090516,0,0,0,0,0,0,0,0,1,0
20090518,0,0,0,1,0,0,0,0,0,0
20090520,0,0,0,0,0,0,0,0,0,1
20090523,0,0,1,0,0,0,0,0,0,0
20090525,0,0,0,1,0,0,0,0,0,0
20090527,0,0,0,0,0,0,1,0,0,0
20090530,0,0,0,0,0,0,0,0,1,0
20090601,1,0,0,0,0,0,0,0,0,0
20090603,0,0,0,0,0,1,0,0,0,0
20090606,0,0,0,0,0,0,0,0,0,1
20090608,0,0,0,0,1,0,0,0,0,0
20090610,0,0,0,0,0,0,1,0,0,0
20090613,0,0,0,1,0,0,0,0,0,0
20090615,0,0,0,1,0,0,0,0,0,0
20090617,0,1,0,0,0,0,0,0,0,0
20090620,0,0,0,0,0,0,1,0,0,0
20090622,0,0,0,1,0,0,0,0,0,0
20090624,1,0,0,0,0,0,0,0,0,0
20090627,0,0,0,0,0,0,0,1,0,0
20090629,0,0,0,0,0,0,0,1,0,0
20090701,0,0,0,1,0,0,0,0,0,0
20090704,0,0,1,0,0,0,0,0,0,0
20090706,0,1,0,0,0,0,0,0,0,0
20090708,0,0,1,0,0,0,0,0,0,0
20090711,1,0,0,0,0,0,0,0,0,0
20090713,1,0,0,0,0,0,0,0,0,0
20090715,0,0,0,0,0,0,0,0,0,1
20090718,0,0,0,0,0,0,0,0,1,0
20090720,1,0,0,0,0,0,0,0,0,0
20090722,0,0,0,0,0,1,0,0,0,0
20090725,0,0,0,0,0,0,0,0,1,0
20090727,0,0,0,1,0,0,0,0,0,0
20090729,0,0,1,0,0,0,0,0,0,0
20090801,0,0,0,0,0,1,0,0,0,0
20090803,0,0,0,0,0,0,0,1,0,0
20090805,0,0,0,0,0,0,1,0,0,0
20090808,0,0,0,0,0,0,0,0,1,0
20090810,0,0,0,0,0,1,0,0,0,0
20090812,0,0,0,0,1,0,0,0,0,0
20090815,0,0,0,0,0,0,0,0,1,0
20090817,0,0,0,0,0,0,0,0,1,0
20090819,0,0,0,0,0,0,0,0,0,1
20090822,0,0,0,0,0,0,0,0,0,1
20090824,0,1,0,0,0,0,0,0,0,0
20090826,1,0,0,0,0,0,0,0,0,0
20090829,0,0,0,0,0,0,1,0,0,0
20090831,0,1,0,0,0,0,0,0,0,0
20090902,1,0,0,0,0,0,0,0,0,0
20090905,0,0,0,0,0,0,0,1,0,0
20090907,0,1,0,0,0,0,0,0,0,0
20090909,0,0,0,1,0,0,0,0,0,0
20090912,0,0,0,1,0,0,0,0,0,0
20090914,1,0,0,0,0,0,0,0,0,0
20090916,1,0,0,0,0,0,0,0,0,0
20090919,0,0,0,0,0,0,1,0,0,0
20090921,0,1,0,0,0,0,0,0,0,0
20090923,0,0,0,0,0,1,0,0,0,0
20090926,0,0,0,0,0,0,0,0,1,0
20090928,0,0,0,1,0,0,0,0,0,0
20090930,0,0,0,1,0,0,0,0,0,0
20091003,0,0,0,0,0,0,1,0,0,0
20091005,0,0,0,1,0,0,0,0,0,0
20091007,0,0,0,0,0,0,0,1,0,0
20091010,0,0,1,0,0,0,0,0,0,0
20091012,0,0,0,0,1,0,0,0,0,0
20091014,0,1,0,0,0,0,0,0,0,0
20091017,0,0,0,0,1,0,0,0,0,0
20091019,1,0,0,0,0,0,0,0,0,0
20091021,0,0,0,0,0,0,1,0,0,0
20091024,0,0,0,0,0,0,0,0,0,1
20091026,0,0,0,0,0,0,1,0,0,0
20091028,0,0,1,0,0,0,0,0,0,0
20091031,0,1,0,0,0,0,0,0,0,0
20091102,0,0,0,0,0,0,0,0,1,0
20091104,1,0,0,0,0,0,0,0,0,0
20091107,1,0,0,0,0,0,0,0,0,0
20091109,0,0,0,0,0,0,0,0,1,0
20091111,0,0,0,0,0,1,0,0,0,0
20091114,0,0,0,0,0,0,0,0,1,0
20091116,0,0,0,0,0,0,1,0,0,0
20091118,0,0,0,0,0,1,0,0,0,0
20091121,0,0,0,0,0,1,0,0,0,0
20091123,0,0,0,0,0,0,0,1,0,0
20091125,0,0,0,0,0,1,0,0,0,0
20091128,0,0,0,1,0,0,0,0,0,0
20091130,0,0,0,0,0,1,0,0,0,0
20091202,0,0,0,0,0,1,0,0,0,0
20091205,0,0,0,0,0,0,1,0,0,0
20091207,0,0,0,0,1,0,0,0,0,0
20091209,1,0,0,0,0,0,0,0,0,0
20091212,1,0,0,0,0,0,0,0,0,0
20091214,0,1,0,0,0,0,0,0,0,0
20091216,0,0,0,0,1,0,0,0,0,0
20091219,0,0,0,0,0,1,0,0,0,0
20091221,0,0,0,0,0,0,0,0,1,0
20091223,0,0,0,0,0,1,0,0,0,0
20091226,0,0,0,0,1,0,0,0,0,0
20091228,0,0,0,0,0,1,0,0,0,0
20091230,0,0,0,0,0,0,0,0,0,1
20100102,0,0,0,1,0,0,0,0,0,0
20100104,0,0,0,0,0,0,0,0,1,0
20100106,0,0,1,0,0,0,0,0,0,0
20100109,0,0,0,0,0,0,1,0,0,0
20100111,0,0,0,1,0,0,0,0,0,0
20100113,0,0,0,0,0,0,0,1,0,0
20100116,0,0,0,0,0,0,0,0,0,1
20100118,0,0,0,0,0,0,0,0,0,1
20100120,0,0,0,0,0,0,0,0,1,0
20100123,1,0,0,0,0,0,0,0,0,0
20100125,0,0,0,0,0,0,0,0,1,0
20100127,0,0,0,0,0,0,0,0,1,0
20100130,0,0,1,0,0,0,0,0,0,0
20100201,0,1,0,0,0,0,0,0,0,0
20100203,0,0,0,0,0,0,1,0,0,0
20100206,0,0,0,0,1,0,0,0,0,0
20100208,0,0,0,1,0,0,0,0,0,0
20100210,0,0,0,0,0,0,0,0,0,1
20100213,0,0,0,0,1,0,0,0,0,0
20100215,0,0,0,0,0,0,0,1,0,0
20100217,0,0,0,0,1,0,0,0,0,0
20100220,0,0,0,0,0,0,0,1,0,0
20100222,0,1,0,0,0,0,0,0,0,0
20100224,0,0,0,0,0,0,0,1,0,0
20100227,1,0,0,0,0,0,0,0,0,0
20100301,0,0,0,0,0,0,1,0,0,0
20100303,0,0,0,0,0,0,1,0,0,0
20100306,0,0,0,0,0,0,0,0,1,0
20100308,0,0,0,0,0,0,0,0,0,1
20100310,0,1,0,0,0,0,0,0,0,0
20100313,0,0,0,0,0,0,1,0,0,0
20100315,0,0,0,0,0,1,0,0,0,0
20100317,0,0,0,0,0,0,1,0,0,0
20100320,0,0,1,0,0,0,0,0,0,0
20100322,0,0,0,0,0,0,0,0,1,0
20100324,0,0,0,0,0,1,0,0,0,0
20100327,0,0,0,0,0,1,0,0,0,0
20100329,0,1,0,0,0,0,0,0,0,0
20100331,1,0,0,0,0,0,0,0,0,0
20100403,0,1,0,0,0,0,0,0,0,0
20100405,0,0,0,0,0,1,0,0,0,0
20100407,1,0,0,0,0,0,0,0,0,0
20100410,0,0,0,1,0,0,0,0,0,0
20100412,0,0,0,0,0,0,0,0,0,1
20100414,0,0,0,0,0,0,1,0,0,0
20100417,0,0,1,0,0,0,0,0,0,0
20100419,0,0,0,0,0,0,0,1,0,0
20100421,0,0,0,1,0,0,0,0,0,0
20100424,0,0,0,1,0,0,0,0,0,0
20100426,0,0,0,0,0,0,0,0,0,1
20100428,1,0,0,0,0,0,0,0,0,0
20100501,0,0,0,0,1,0,0,0,0,0
20100503,0,0,0,0,0,1,0,0,0,0
20100505,1,0,0,0,0,0,0,0,0,0
20100508,0,1,0,0,0,0,0,0,0,0
20100510,0,0,0,0,1,0,0,0,0,0
20100512,0,0,0,1,0,0,0,0,0,0
20100515,0,0,0,0,0,0,0,1,0,0
20100517,0,0,0,0,1,0,0,0,0,0
20100519,0,0,0,0,0,0,1,0,0,0
20100522,0,0,0,0,0,0,0,0,0,1
20100524,1,0,0,0,0,0,0,0,0,0
20100526,1,0,0,0,0,0,0,0,0,0
20100529,1,0,0,0,0,0,0,0,0,0
20100531,1,0,0,0,0,0,0,0,0,0
20100602,0,0,0,0,0,0,0,0,0,1
20100605,0,0,0,0,1,0,0,0,0,0
20100607,1,0,0,0,0,0,0,0,0,0
20100609,0,0,0,0,0,0,0,0,0,1
20100612,0,0,0,0,0,0,1,0,0,0
20100614,0,1,0,0,0,0,0,0,0,0
20100616,0,0,0,0,0,0,0,0,0,1
20100619,0,0,0,1,0,0,0,0,0,0
20100621,0,1,0,0,0,0,0,0,0,0
20100623,1,0,0,0,0,0,0,0,0,0
20100626,0,0,0,0,0,0,0,0,0,1
20100628,0,0,0,0,0,0,0,1,0,0
20100630,0,1,0,0,0,0,0,0,0,0
20100703,0,0,0,0,0,0,0,1,0,0
20100705,0,0,0,0,0,0,0,0,0,1
20100707,0,0,0,0,0,0,0,0,0,1
20100710,0,0,0,0,0,0,1,0,0,0
20100712,0,0,0,0,0,1,0,0,0,0
20100714,1,0,0,0,0,0,0,0,0,0
20100717,0,0,0,0,0,1,0,0,0,0
20100719,0,0,0,0,1,0,0,0,0,0
20100721,1,0,0,0,0,0,0,0,0,0
20100724,0,0,0,0,1,0,0,0,0,0
20100726,0,0,0,0,0,0,1,0,0,0
20100728,0,0,0,0,0,0,0,0,0,1
20100731,0,0,0,1,0,0,0,0,0,0
20100802,0,0,1,0,0,0,0,0,0,0
20100804,0,0,0,0,0,0,0,1,0,0
20100807,0,0,0,0,0,0,1,0,0,0
20100809,0,0,0,0,0,1,0,0,0,0
20100811,0,1,0,0,0,0,0,0,0,0
20100814,0,0,0,0,1,0,0,0,0,0
20100816,0,0,0,0,0,0,0,0,1,0
20100818,0,0,0,0,0,1,0,0,0,0
20100821,0,0,0,0,0,0,1,0,0,0
20100823,0,0,0,0,1,0,0,0,0,0
20100825,0,0,1,0,0,0,0,0,0,0
20100828,0,1,0,0,0,0,0,0,0,0
20100830,0,0,0,1,0,0,0,0,0,0
20100901,0,1,0,0,0,0,0,0,0,0
20100904,0,0,1,0,0,0,0,0,0,0
20100906,0,0,0,0,0,0,0,1,0,0
20100908,0,0,1,0,0,0,0,0,0,0
20100911,0,0,0,0,1,0,0,0,0,0
20100913,0,0,0,0,0,0,0,1,0,0
20100915,0,0,0,0,0,1,0,0,0,0
20100918,1,0,0,0,0,0,0,0,0,0
20100920,0,0,0,0,0,0,0,0,1,0
20100922,1,0,0,0,0,0,0,0,0,0
20100925,0,1,0,0,0,0,0,0,0,0
20100927,0,0,0,0,0,0,0,0,1,0
20100929,0,0,1,0,0,0,0,0,0,0
20101002,1,0,0,0,0,0,0,0,0,0
20101004,0,0,0,0,0,0,0,1,0,0
20101006,1,0,0,0,0,0,0,0,0,0
20101009,0,0,1,0,0,0,0,0,0,0
20101011,0,0,0,0,0,0,0,1,0,0
20101013,0,0,1,0,0,0,0,0,0,0
20101016,0,0,0,0,0,0,0,0,1,0
20101018,0,0,0,0,1,0,0,0,0,0
20101020,0,0,0,0,0,0,1,0,0,0
20101023,0,0,0,0,0,0,1,0,0,0
20101025,0,0,0,0,0,0,0,0,0,1
20101027,0,0,0,0,1,0,0,0,0,0
20101030,0,0,0,0,1,0,0,0,0,0
20101101,0,0,0,0,0,0,0,0,0,1
20101103,1,0,0,0,0,0,0,0,0,0
20101106,0,0,1,0,0,0,0,0,0,0
20101108,0,0,0,0,0,0,0,0,1,0
20101110,0,0,0,1,0,0,0,0,0,0
20101113,0,1,0,0,0,0,0,0,0,0
20101115,1,0,0,0,0,0,0,0,0,0
20101117,0,0,0,0,0,0,0,0,0,1
20101120,0,1,0,0,0,0,0,0,0,0
20101122,0,1,0,0,0,0,0,0,0,0
20101124,0,0,0,0,1,0,0,0,0,0
20101127,0,0,0,0,1,0,0,0,0,0
20101129,0,0,0,0,0,0,0,1,0,0
20101201,0,0,1,0,0,0,0,0,0,0
20101204,0,0,0,0,0,1,0,0,0,0
20101206,0,0,0,0,0,0,0,0,1,0
20101208,1,0,0,0,0,0,0,0,0,0
20101211,1,0,0,0,0,0,0,0,0,0
20101213,0,0,1,0,0,0,0,0,0,0
20101215,0,0,0,0,0,0,0,1,0,0
20101218,0,0,0,0,0,0,1,0,0,0
20101220,0,0,0,1,0,0,0,0,0,0
20101222,0,0,0,0,0,0,0,0,1,0
20101225,0,0,0,0,1,0,0,0,0,0
20101227,0,0,0,0,0,0,0,0,1,0
20101229,0,0,1,0,0,0,0,0,0,0
20110101,0,0,1,0,0,0,0,0,0,0
20110103,0,1,0,0,0,0,0,0,0,0
20110105,0,0,0,0,1,0,0,0,0,0
20110108,0,0,0,0,0,0,0,0,0,1
20110110,0,0,0,1,0,0,0,0,0,0
20110112,0,0,0,0,0,0,1,0,0,0
20110115,0,0,0,0,0,0,0,1,0,0
20110117,0,0,0,0,1,0,0,0,0,0
20110119,0,0,0,1,0,0,0,0,0,0
20110122,0,0,0,0,0,0,1,0,0,0
20110124,0,0,0,1,0,0,0,0,0,0
20110126,1,0,0,0,0,0,0,0,0,0
20110129,0,0,0,0,0,0,0,1,0,0
20110131,0,0,0,0,1,0,0,0,0,0
20110202,0,0,1,0,0,0,0,0,0,0
20110205,0,0,0,0,0,0,1,0,0,0
20110207,1,0,0,0,0,0,0,0,0,0
20110209,0,0,0,0,0,0,1,0,0,0
20110212,0,1,0,0,0,0,0,0,0,0
20110214,1,0,0,0,0,0,0,0,0,0
20110216,0,0,0,0,0,0,0,0,1,0
20110219,0,0,0,0,0,1,0,0,0,0
20110221,0,0,0,0,0,1,0,0,0,0
20110223,0,0,0,0,0,0,0,0,0,1
20110226,1,0,0,0,0,0,0,0,0,0
20110228,0,0,0,0,0,1,0,0,0,0
20110302,0,0,0,0,0,0,1,0,0,0
20110305,0,1,0,0,0,0,0,0,0,0
20110307,0,0,0,0,1,0,0,0,0,0
20110309,0,0,0,0,0,0,0,1,0,0
20110312,0,0,0,0,0,0,0,0,1,0
20110314,0,0,0,0,0,0,1,0,0,0
20110316,0,0,0,1,0,0,0,0,0,0
20110319,0,0,0,0,0,0,0,1,0,0
20110321,1,0,0,0,0,0,0,0,0,0
20110323,0,0,0,0,1,0,0,0,0,0
20110326,0,0,0,0,0,0,0,0,1,0
20110328,1,0,0,0,0,0,0,0,0,0
20110330,0,0,0,0,0,0,0,0,0,1
20110402,0,0,1,0,0,0,0,0,0,0
20110404,0,0,0,0,0,0,1,0,0,0
20110406,0,0,1,0,0,0,0,0,0,0
20110409,0,0,0,0,0,0,0,1,0,0
20110411,0,0,0,0,0,1,0,0,0,0
20110413,1,0,0,0,0,0,0,0,0,0
20110416,0,0,0,0,0,0,0,1,0,0
20110418,0,0,0,0,1,0,0,0,0,0
20110420,0,0,0,0,0,0,0,0,1,0
20110423,0,0,0,0,0,0,0,0,1,0
20110425,0,1,0,0,0,0,0,0,0,0
20110427,0,0,0,0,0,1,0,0,0,0
20110430,0,0,1,0,0,0,0,0,0,0
20110502,0,1,0,0,0,0,0,0,0,0
20110504,0,1,0,0,0,0,0,0,0,0
20110507,0,0,0,0,0,0,0,1,0,0
20110509,0,0,0,0,0,0,1,0,0,0
20110511,0,0,0,0,1,0,0,0,0,0
20110514,0,0,0,0,0,0,0,1,0,0
20110516,0,0,0,0,0,0,0,1,0,0
20110518,1,0,0,0,0,0,0,0,0,0
20110521,0,0,0,0,0,0,0,0,0,1
20110523,0,0,1,0,0,0,0,0,0,0
20110525,0,0,1,0,0,0,0,0,0,0
20110528,0,0,0,0,0,0,0,0,1,0
20110530,0,0,0,0,0,0,0,0,1,0
20110601,0,0,0,0,1,0,0,0,0,0
20110604,0,1,0,0,0,0,0,0,0,0
20110606,1,0,0,0,0,0,0,0,0,0
20110608,0,0,0,0,1,0,0,0,0,0
20110611,0,0,0,0,1,0,0,0,0,0
20110613,0,0,0,0,0,1,0,0,0,0
20110615,0,0,0,0,0,0,0,1,0,0
20110618,0,0,0,0,0,0,0,0,0,1
20110620,0,0,0,0,0,0,0,0,1,0
20110622,0,0,0,0,1,0,0,0,0,0
20110625,0,0,1,0,0,0,0,0,0,0
20110627,0,0,1,0,0,0,0,0,0,0
20110629,0,0,0,1,0,0,0,0,0,0
20110702,0,0,0,0,1,0,0,0,0,0
20110704,0,0,0,1,0,0,0,0,0,0
20110706,0,0,0,0,0,1,0,0,0,0
20110709,0,0,0,0,0,1,0,0,0,0
20110711,0,0,0,0,0,0,0,0,1,0
20110713,0,0,0,0,0,1,0,0,0,0
20110716,0,0,1,0,0,0,0,0,0,0
20110718,0,0,0,0,0,0,1,0,0,0
20110720,0,0,0,0,0,1,0,0,0,0
20110723,0,0,0,0,1,0,0,0,0,0
20110725,0,0,0,0,0,0,1,0,0,0
20110727,0,0,0,0,0,0,0,0,0,1
20110730,1,0,0,0,0,0,0,0,0,0
20110801,0,0,1,0,0,0,0,0,0,0
20110803,0,0,0,0,0,0,0,0,0,1
20110806,0,0,0,1,0,0,0,0,0,0
20110808,0,0,0,0,0,0,0,0,1,0
20110810,0,1,0,0,0,0,0,0,0,0
20110813,0,0,0,0,0,0,0,0,1,0
20110815,0,0,0,0,0,0,0,1,0,0
20110817,0,0,0,0,0,0,0,0,1,0
20110820,0,0,0,1,0,0,0,0,0,0
20110822,1,0,0,0,0,0,0,0,0,0
20110824,0,0,0,1,0,0,0,0,0,0
20110827,0,1,0,0,0,0,0,0,0,0
20110829,0,1,0,0,0,0,0,0,0,0
20110831,0,0,1,0,0,0,0,0,0,0
20110903,0,0,0,0,1,0,0,0,0,0
20110905,0,0,0,0,1,0,0,0,0,0
20110907,0,0,0,0,0,0,1,0,0,0
20110910,0,0,0,0,1,0,0,0,0,0
20110912,0,1,0,0,0,0,0,0,0,0
20110914,0,0,1,0,0,0,0,0,0,0
20110917,0,0,0,1,0,0,0,0,0,0
20110919,0,0,0,0,0,0,1,0,0,0
20110921,0,0,0,1,0,0,0,0,0,0
20110924,0,0,0,0,0,1,0,0,0,0
20110926,0,0,0,0,0,0,0,0,1,0
20110928,0,0,1,0,0,0,0,0,0,0
20111001,0,0,1,0,0,0,0,0,0,0
20111003,1,0,0,0,0,0,0,0,0,0
20111005,0,0,0,0,1,0,0,0,0,0
20111008,0,0,0,0,0,0,1,0,0,0
20111010,0,0,0,0,0,0,1,0,0,0
20111012,0,0,0,0,1,0,0,0,0,0
20111015,0,0,1,0,0,0,0,0,0,0
20111017,0,0,0,0,0,0,0,0,0,1
20111019,0,0,0,0,0,0,0,1,0,0
20111022,0,0,0,0,0,0,1,0,0,0
20111024,0,0,0,0,0,0,1,0,0,0
20111026,1,0,0,0,0,0,0,0,0,0
20111029,0,0,0,0,0,0,0,1,0,0
20111031,0,0,0,0,0,0,1,0,0,0
20111102,0,0,0,0,0,0,0,0,1,0
20111105,0,0,0,0,0,0,0,0,0,1
20111107,0,0,0,0,1,0,0,0,0,0
20111109,0,1,0,0,0,0,0,0,0,0
20111112,0,0,0,0,0,0,1,0,0,0
20111114,0,0,0,0,0,0,1,0,0,0
20111116,0,0,0,0,0,0,0,0,0,1
20111119,0,0,0,0,1,0,0,0,0,0
20111121,1,0,0,0,0,0,0,0,0,0
20111123,0,0,0,0,1,0,0,0,0,0
20111126,1,0,0,0,0,0,0,0,0,0
20111128,0,0,0,0,0,0,0,0,1,0
20111130,0,1,0,0,0,0,0,0,0,0
20111203,1,0,0,0,0,0,0,0,0,0
20111205,0,0,0,0,1,0,0,0,0,0
20111207,1,0,0,0,0,0,0,0,0,0
20111210,0,0,0,0,0,0,0,1,0,0
20111212,1,0,0,0,0,0,0,0,0,0
20111214,1,0,0,0,0,0,0,0,0,0
20111217,0,0,0,0,1,0,0,0,0,0
20111219,0,0,0,0,1,0,0,0,0,0
20111221,0,1,0,0,0,0,0,0,0,0
20111224,0,0,0,0,0,0,0,1,0,0
20111226,0,0,0,1,0,0,0,0,0,0
20111228,0,0,0,0,1,0,0,0,0,0
20111231,0,1,0,0,0,0,0,0,0,0
20120102,0,0,0,0,0,0,0,0,1,0
20120104,0,0,0,0,1,0,0,0,0,0
20120107,0,0,0,0,0,0,0,1,0,0
20120109,0,0,0,1,0,0,0,0,0,0
20120111,0,0,0,0,0,0,1,0,0,0
20120114,0,0,0,0,0,0,0,1,0,0
20120116,0,0,0,0,0,0,0,1,0,0
20120118,0,0,0,1,0,0,0,0,0,0
20120121,0,0,0,1,0,0,0,0,0,0
20120123,0,0,0,0,0,1,0,0,0,0
20120125,0,0,0,0,1,0,0,0,0,0
20120128,0,0,0,0,0,1,0,0,0,0
20120130,0,0,0,0,0,0,0,1,0,0
20120201,0,0,0,0,0,0,1,0,0,0
20120204,0,0,1,0,0,0,0,0,0,0
20120206,0,0,1,0,0,0,0,0,0,0
20120208,0,0,1,0,0,0,0,0,0,0
20120211,0,0,0,0,0,1,0,0,0,0
20120213,0,0,0,0,1,0,0,0,0,0
20120215,1,0,0,0,0,0,0,0,0,0
20120218,0,0,0,0,0,1,0,0,0,0
20120220,0,0,0,0,1,0,0,0,0,0
20120222,0,0,0,0,0,0,0,0,0,1
20120225,1,0,0,0,0,0,0,0,0,0
20120227,1,0,0,0,0,0,0,0,0,0
20120229,0,0,0,1,0,0,0,0,0,0
20120303,0,0,0,0,0,0,0,1,0,0
20120305,0,0,1,0,0,0,0,0,0,0
20120307,0,0,0,0,0,0,1,0,0,0
20120310,0,0,0,0,1,0,0,0,0,0
20120312,0,0,0,0,0,0,0,0,0,1
20120314,0,0,0,0,0,0,0,0,1,0
20120317,1,0,0,0,0,0,0,0,0,0
20120319,0,0,0,1,0,0,0,0,0,0
20120321,0,0,0,0,1,0,0,0,0,0
20120324,0,0,0,0,0,0,0,1,0,0
20120326,0,0,0,0,0,1,0,0,0,0
20120328,0,0,0,0,0,0,0,0,1,0
20120331,0,0,0,0,0,0,0,0,1,0
20120402,0,1,0,0,0,0,0,0,0,0
20120404,0,0,0,0,0,0,0,1,0,0
20120407,0,0,0,0,0,0,0,1,0,0
20120409,0,0,0,0,0,0,0,0,0,1
20120411,1,0,0,0,0,0,0,0,0,0
20120414,1,0,0,0,0,0,0,0,0,0
20120416,0,1,0,0,0,0,0,0,0,0
20120418,0,0,1,0,0,0,0,0,0,0
20120421,0,0,0,0,0,0,0,0,0,1
20120423,0,0,0,0,0,1,0,0,0,0
20120425,0,0,0,0,0,0,1,0,0,0
20120428,0,0,0,1,0,0,0,0,0,0
20120430,0,0,0,1,0,0,0,0,0,0
20120502,1,0,0,0,0,0,0,0,0,0
20120505,0,0,0,0,0,0,0,0,1,0
20120507,0,0,0,0,0,0,0,0,0,1
20120509,0,0,0,1,0,0,0,0,0,0
20120512,0,0,0,0,1,0,0,0,0,0
20120514,0,0,0,0,0,1,0,0,0,0
20120516,1,0,0,0,0,0,0,0,0,0
20120519,0,1,0,0,0,0,0,0,0,0
20120521,0,0,0,0,0,0,0,0,0,1
20120523,0,0,0,0,0,0,0,0,1,0
20120526,0,0,0,0,0,0,1,0,0,0
20120528,0,0,1,0,0,0,0,0,0,0
20120530,0,0,1,0,0,0,0,0,0,0
20120602,1,0,0,0,0,0,0,0,0,0
20120604,0,0,0,1,0,0,0,0,0,0
20120606,0,0,0,0,0,1,0,0,0,0
20120609,0,0,0,0,0,1,0,0,0,0
20120611,1,0,0,0,0,0,0,0,0,0
20120613,0,0,0,0,0,0,0,0,0,1
20120616,0,0,0,0,0,1,0,0,0,0
20120618,0,0,1,0,0,0,0,0,0,0
20120620,0,0,0,0,1,0,0,0,0,0
20120623,0,0,1,0,0,0,0,0,0,0
20120625,0,0,0,0,0,0,1,0,0,0
20120627,0,0,0,0,0,0,1,0,0,0
20120630,0,0,0,1,0,0,0,0,0,0
20120702,0,0,0,0,1,0,0,0,0,0
20120704,0,0,0,0,0,1,0,0,0,0
20120707,1,0,0,0,0,0,0,0,0,0
20120709,0,0,1,0,0,0,0,0,0,0
20120711,0,0,0,0,0,0,0,0,1,0
20120714,0,0,0,0,0,1,0,0,0,0
20120716,0,1,0,0,0,0,0,0,0,0
20120718,0,0,0,0,1,0,0,0,0,0
20120721,0,0,1,0,0,0,0,0,0,0
20120723,0,0,1,0,0,0,0,0,0,0
20120725,0,0,0,0,0,1,0,0,0,0
20120728,0,0,1,0,0,0,0,0,0,0
20120730,0,0,1,0,0,0,0,0,0,0
20120801,0,0,0,0,0,1,0,0,0,0
20120804,0,0,0,0,0,1,0,0,0,0
20120806,0,0,0,0,0,0,1,0,0,0
20120808,0,0,0,1,0,0,0,0,0,0
20120811,0,0,0,0,0,0,0,0,1,0
20120813,0,0,0,1,0,0,0,0,0,0
20120815,0,0,0,0,1,0,0,0,0,0
20120818,0,0,0,0,0,0,1,0,0,0
20120820,0,1,0,0,0,0,0,0,0,0
20120822,0,0,0,0,0,0,1,0,0,0
20120825,0,0,0,0,0,0,0,0,1,0
20120827,0,0,0,0,1,0,0,0,0,0
20120829,0,0,0,0,0,0,0,0,1,0
20120901,0,0,0,0,0,0,0,0,0,1
20120903,0,0,1,0,0,0,0,0,0,0
20120905,0,0,0,1,0,0,0,0,0,0
20120908,0,0,0,1,0,0,0,0,0,0
20120910,0,0,0,0,0,0,0,0,1,0
20120912,0,0,0,0,0,0,0,1,0,0
20120915,0,1,0,0,0,0,0,0,0,0
20120917,0,0,0,0,0,0,1,0,0,0
20120919,0,0,0,0,0,0,1,0,0,0
20120922,0,0,0,0,0,0,0,0,1,0
20120924,0,0,0,0,0,1,0,0,0,0
20120926,0,0,0,0,0,0,0,0,1,0
20120929,1,0,0,0,0,0,0,0,0,0
20121001,0,0,0,0,0,1,0,0,0,0
20121003,1,0,0,0,0,0,0,0,0,0
20121006,0,0,0,1,0,0,0,0,0,0
20121008,0,1,0,0,0,0,0,0,0,0
20121010,0,0,1,0,0,0,0,0,0,0
20121013,0,0,0,1,0,0,0,0,0,0
20121015,0,0,0,0,0,0,0,1,0,0
20121017,0,1,0,0,0,0,0,0,0,0
20121020,0,0,0,0,1,0,0,0,0,0
20121022,0,0,0,0,1,0,0,0,0,0
20121024,0,0,0,0,0,0,1,0,0,0
20121027,1,0,0,0,0,0,0,0,0,0
20121029,0,0,0,0,0,0,1,0,0,0
20121031,1,0,0,0,0,0,0,0,0,0
20121103,0,0,0,0,0,0,0,1,0,0
20121105,0,0,0,0,0,0,1,0,0,0
20121107,0,0,0,0,0,0,1,0,0,0
20121110,0,0,0,0,1,0,0,0,0,0
20121112,0,0,0,0,0,0,1,0,0,0
20121114,0,0,0,0,0,0,0,1,0,0
20121117,0,0,0,0,0,0,1,0,0,0
20121119,1,0,0,0,0,0,0,0,0,0
20121121,0,0,0,0,0,0,0,0,0,1
20121124,0,1,0,0,0,0,0,0,0,0
20121126,0,0,0,0,0,1,0,0,0,0
20121128,1,0,0,0,0,0,0,0,0,0
20121201,0,0,0,0,0,0,0,0,0,1
20121203,0,0,0,0,0,1,0,0,0,0
20121205,0,0,0,0,0,0,0,1,0,0
20121208,0,1,0,0,0,0,0,0,0,0
20121210,0,0,0,0,0,0,0,1,0,0
20121212,0,0,0,1,0,0,0,0,0,0
20121215,0,0,0,0,0,0,0,0,1,0
20121217,0,0,0,0,1,0,0,0,0,0
20121219,0,0,0,0,0,0,0,1,0,0
20121222,1,0,0,0,0,0,0,0,0,0
20121224,0,0,0,0,0,1,0,0,0,0
20121226,0,0,0,0,0,0,0,0,1,0
20121229,0,0,0,1,0,0,0,0,0,0
20121231,0,0,1,0,0,0,0,0,0,0
20130102,0,0,0,1,0,0,0,0,0,0
20130105,0,0,0,0,0,1,0,0,0,0
20130107,0,0,0,0,1,0,0,0,0,0
20130109,0,0,0,0,0,0,0,0,1,0
20130112,0,0,0,0,0,0,1,0,0,0
20130114,0,0,0,0,0,1,0,0,0,0
20130116,0,0,0,0,1,0,0,0,0,0
20130119,0,0,0,0,0,0,0,1,0,0
20130121,0,0,0,0,0,1,0,0,0,0
20130123,0,0,0,0,0,1,0,0,0,0
20130126,0,0,0,0,0,1,0,0,0,0
20130128,0,0,0,0,0,0,0,0,1,0
20130130,0,0,0,0,1,0,0,0,0,0
20130202,0,0,1,0,0,0,0,0,0,0
20130204,0,1,0,0,0,0,0,0,0,0
20130206,1,0,0,0,0,0,0,0,0,0
20130209,0,0,0,0,0,0,1,0,0,0
20130211,0,0,0,0,0,0,1,0,0,0
20130213,0,1,0,0,0,0,0,0,0,0
20130216,0,0,0,0,0,1,0,0,0,0
20130218,0,0,0,0,1,0,0,0,0,0
20130220,1,0,0,0,0,0,0,0,0,0
20130223,0,0,0,0,1,0,0,0,0,0
20130225,0,1,0,0,0,0,0,0,0,0
20130227,0,0,0,0,0,0,1,0,0,0
20130302,0,1,0,0,0,0,0,0,0,0
20130304,0,0,0,0,0,0,0,0,0,1
20130306,0,0,0,1,0,0,0,0,0,0
20130309,0,0,0,0,1,0,0,0,0,0
20130311,0,0,0,0,0,1,0,0,0,0
20130313,0,0,0,0,0,0,1,0,0,0
20130316,0,0,0,0,1,0,0,0,0,0
20130318,0,0,0,0,0,0,0,0,1,0
20130320,0,0,0,0,0,0,1,0,0,0
20130323,0,0,0,0,0,1,0,0,0,0
20130325,0,0,0,1,0,0,0,0,0,0
20130327,0,0,1,0,0,0,0,0,0,0
20130330,0,1,0,0,0,0,0,0,0,0
20130401,0,1,0,0,0,0,0,0,0,0
20130403,0,0,0,0,0,0,0,1,0,0
20130406,0,0,0,0,0,0,1,0,0,0
20130408,0,1,0,0,0,0,0,0,0,0
20130410,0,0,0,0,1,0,0,0,0,0
20130413,0,0,0,1,0,0,0,0,0,0
20130415,0,0,1,0,0,0,0,0,0,0
20130417,0,0,0,0,0,0,0,1,0,0
20130420,0,0,0,0,0,0,0,0,1,0
20130422,1,0,0,0,0,0,0,0,0,0
20130424,0,0,0,0,0,0,0,0,1,0
20130427,0,0,0,0,0,0,0,0,0,1
20130429,0,0,0,0,0,0,0,0,1,0
20130501,0,0,0,0,0,0,0,0,1,0
20130504,0,0,0,1,0,0,0,0,0,0
20130506,0,0,0,0,0,0,1,0,0,0
20130508,0,0,0,0,0,0,0,0,0,1
20130511,0,0,0,0,0,0,0,0,1,0
20130513,0,0,0,0,1,0,0,0,0,0
20130515,0,0,0,1,0,0,0,0,0,0
20130518,0,0,1,0,0,0,0,0,0,0
20130520,0,0,1,0,0,0,0,0,0,0
20130522,0,0,0,0,0,0,0,0,1,0
20130525,0,1,0,0,0,0,0,0,0,0
20130527,0,1,0,0,0,0,0,0,0,0
20130529,0,0,0,0,0,0,1,0,0,0
20130601,0,0,1,0,0,0,0,0,0,0
20130603,0,0,0,0,0,0,0,0,1,0
20130605,1,0,0,0,0,0,0,0,0,0
20130608,0,1,0,0,0,0,0,0,0,0
20130610,1,0,0,0,0,0,0,0,0,0
20130612,0,0,0,1,0,0,0,0,0,0
20130615,0,1,0,0,0,0,0,0,0,0
20130617,1,0,0,0,0,0,0,0,0,0
20130619,1,0,0,0,0,0,0,0,0,0
20130622,0,0,0,0,0,0,0,1,0,0
20130624,1,0,0,0,0,0,0,0,0,0
20130626,0,0,0,0,0,0,0,1,0,0
20130629,0,0,0,0,0,0,1,0,0,0
20130701,0,0,0,0,0,1,0,0,0,0
20130703,0,0,0,1,0,0,0,0,0,0
20130706,0,1,0,0,0,0,0,0,0,0
20130708,0,0,0,0,1,0,0,0,0,0
20130710,0,0,0,0,0,0,1,0,0,0
20130713,0,0,0,0,0,0,0,1,0,0
20130715,0,0,0,0,0,0,0,0,1,0
20130717,0,0,0,1,0,0,0,0,0,0
20130720,0,0,0,0,0,0,1,0,0,0
20130722,1,0,0,0,0,0,0,0,0,0
20130724,0,0,1,0,0,0,0,0,0,0
20130727,0,0,0,1,0,0,0,0,0,0
20130729,0,0,0,0,1,0,0,0,0,0
20130731,0,0,0,0,0,0,1,0,0,0
20130803,0,0,0,0,0,0,0,0,1,0
20130805,0,0,0,1,0,0,0,0,0,0
20130807,0,0,0,1,0,0,0,0,0,0
20130810,0,0,0,0,1,0,0,0,0,0
20130812,0,0,0,0,0,0,1,0,0,0
20130814,0,1,0,0,0,0,0,0,0,0
20130817,0,0,0,0,0,0,0,0,0,1
20130819,0,0,0,0,0,0,0,0,1,0
20130821,0,0,0,0,0,0,0,0,0,1
20130824,0,0,0,0,0,0,1,0,0,0
20130826,0,0,0,0,0,0,0,0,0,1
20130828,1,0,0,0,0,0,0,0,0,0
20130831,0,0,0,0,0,0,1,0,0,0
20130902,0,0,0,0,0,0,0,1,0,0
20130904,0,0,0,0,0,1,0,0,0,0
20130907,0,0,1,0,0,0,0,0,0,0
20130909,0,0,0,0,0,0,1,0,0,0
20130911,0,1,0,0,0,0,0,0,0,0
20130914,0,0,0,0,0,0,1,0,0,0
20130916,0,0,0,0,1,0,0,0,0,0
20130918,0,0,1,0,0,0,0,0,0,0
20130921,0,0,0,0,0,0,0,0,1,0
20130923,1,0,0,0,0,0,0,0,0,0
20130925,0,0,0,0,1,0,0,0,0,0
20130928,0,0,0,0,1,0,0,0,0,0
20130930,0,0,0,0,0,0,0,0,1,0
20131002,0,0,0,0,0,0,1,0,0,0
20131005,0,0,0,0,0,0,0,0,1,0
20131007,0,0,0,0,1,0,0,0,0,0
20131009,0,1,0,0,0,0,0,0,0,0
20131012,0,0,0,0,0,0,0,1,0,0
20131014,0,0,0,1,0,0,0,0,0,0
20131016,0,0,0,0,0,0,0,1,0,0
20131019,1,0,0,0,0,0,0,0,0,0
20131021,0,0,0,0,0,0,1,0,0,0
20131023,0,0,1,0,0,0,0,0,0,0
20131026,0,0,0,0,0,0,1,0,0,0
20131028,0,0,0,0,0,0,0,1,0,0
20131030,1,0,0,0,0,0,0,0,0,0
20131102,0,0,0,0,0,0,0,0,1,0
20131104,0,0,0,0,0,1,0,0,0,0
20131106,0,0,1,0,0,0,0,0,0,0
20131109,0,0,0,1,0,0,0,0,0,0
20131111,0,0,0,0,0,0,0,0,1,0
20131113,0,0,0,0,0,1,0,0,0,0
20131116,0,0,0,0,0,0,0,1,0,0
20131118,0,0,0,0,0,0,0,0,0,1
20131120,1,0,0,0,0,0,0,0,0,0
20131123,0,0,0,0,0,0,0,0,1,0
20131125,0,0,0,1,0,0,0,0,0,0
20131127,0,0,0,0,0,0,0,0,1,0
20131130,0,1,0,0,0,0,0,0,0,0
20131202,0,0,0,0,1,0,0,0,0,0
20131204,0,0,1,0,0,0,0,0,0,0
20131207,0,0,0,0,0,0,1,0,0,0
20131209,0,0,0,0,0,1,0,0,0,0
20131211,0,0,0,0,0,0,0,1,0,0
20131214,1,0,0,0,0,0,0,0,0,0
20131216,0,0,0,0,0,1,0,0,0,0
20131218,1,0,0,0,0,0,0,0,0,0
20131221,0,0,0,1,0,0,0,0,0,0
20131223,0,0,0,0,1,0,0,0,0,0
20131225,0,0,1,0,0,0,0,0,0,0
20131228,0,0,0,0,0,0,1,0,0,0
20131230,0,0,0,0,0,0,0,1,0,0
20140101,0,0,0,0,0,0,1,0,0,0
20140104,0,0,0,0,1,0,0,0,0,0
20140106,0,0,0,0,0,0,0,0,1,0
20140108,0,0,0,0,0,0,0,1,0,0
20140111,0,0,0,0,0,0,0,0,1,0
20140113,0,0,0,1,0,0,0,0,0,0
20140115,0,0,0,0,0,1,0,0,0,0
20140118,0,0,0,0,0,0,0,1,0,0
20140120,0,0,0,0,1,0,0,0,0,0
20140122,0,0,0,0,0,0,1,0,0,0
20140125,0,0,0,0,1,0,0,0,0,0
20140127,0,0,0,1,0,0,0,0,0,0
20140129,0,0,0,0,0,0,0,1,0,0
20140201,0,0,0,0,0,1,0,0,0,0
20140203,0,1,0,0,0,0,0,0,0,0
20140205,0,0,0,0,0,0,0,1,0,0
20140208,0,0,0,0,0,0,1,0,0,0
20140210,0,1,0,0,0,0,0,0,0,0
20140212,0,0,0,0,0,0,1,0,0,0
20140215,0,0,0,0,0,0,0,0,1,0
20140217,1,0,0,0,0,0,0,0,0,0
20140219,0,0,0,0,0,0,1,0,0,0
20140222,0,0,0,0,0,0,0,0,0,1
20140224,0,0,0,0,0,0,1,0,0,0
20140226,1,0,0,0,0,0,0,0,0,0
20140301,0,0,0,0,1,0,0,0,0,0
20140303,0,0,0,0,0,0,0,0,0,1
20140305,1,0,0,0,0,0,0,0,0,0
20140308,0,0,0,0,0,0,1,0,0,0
20140310,0,0,0,0,0,0,0,0,1,0
20140312,0,0,0,0,0,0,0,0,0,1
20140315,0,0,0,1,0,0,0,0,0,0
20140317,0,0,0,0,0,1,0,0,0,0
20140319,0,0,0,0,0,0,0,0,1,0
20140322,0,1,0,0,0,0,0,0,0,0
20140324,0,0,0,0,0,0,0,0,1,0
20140326,0,0,0,0,0,1,0,0,0,0
20140329,0,0,0,1,0,0,0,0,0,0
20140331,0,0,0,1,0,0,0,0,0,0
20140402,0,0,0,1,0,0,0,0,0,0
20140405,0,0,0,0,1,0,0,0,0,0
20140407,0,0,0,1,0,0,0,0,0,0
20140409,0,0,0,0,0,0,0,0,0,1
20140412,0,0,0,0,0,0,0,0,0,1
20140414,0,0,1,0,0,0,0,0,0,0
20140416,1,0,0,0,0,0,0,0,0,0
20140419,0,0,0,0,0,0,0,1,0,0
20140421,1,0,0,0,0,0,0,0,0,0
20140423,0,0,0,0,0,0,0,0,0,1
20140426,0,0,0,1,0,0,0,0,0,0
20140428,0,0,0,0,0,0,1,0,0,0
20140430,0,0,0,0,0,0,0,0,0,1
20140503,0,0,0,0,1,0,0,0,0,0
20140505,0,0,0,0,0,0,0,0,0,1
20140507,0,0,0,0,1,0,0,0,0,0
20140510,0,0,0,1,0,0,0,0,0,0
20140512,0,0,0,0,1,0,0,0,0,0
20140514,1,0,0,0,0,0,0,0,0,0
20140517,0,0,0,0,0,0,1,0,0,0
20140519,0,0,1,0,0,0,0,0,0,0
20140521,1,0,0,0,0,0,0,0,0,0
20140524,1,0,0,0,0,0,0,0,0,0
20140526,1,0,0,0,0,0,0,0,0,0
20140528,0,0,0,0,0,0,1,0,0,0
20140531,1,0,0,0,0,0,0,0,0,0
20140602,0,0,0,0,1,0,0,0,0,0
20140604,0,0,1,0,0,0,0,0,0,0
20140607,0,1,0,0,0,0,0,0,0,0
20140609,0,0,0,0,0,0,0,0,1,0
20140611,0,0,0,0,0,1,0,0,0,0
20140614,0,0,0,0,1,0,0,0,0,0
20140616,1,0,0,0,0,0,0,0,0,0
20140618,0,0,1,0,0,0,0,0,0,0
20140621,1,0,0,0,0,0,0,0,0,0
20140623,0,0,0,1,0,0,0,0,0,0
20140625,0,0,0,1,0,0,0,0,0,0
20140628,0,0,1,0,0,0,0,0,0,0
20140630,0,1,0,0,0,0,0,0,0,0
20140702,0,0,1,0,0,0,0,0,0,0
20140705,0,0,0,0,0,1,0,0,0,0
20140707,0,0,0,0,0,0,0,0,0,1
20140709,0,0,0,0,1,0,0,0,0,0
20140712,1,0,0,0,0,0,0,0,0,0
20140714,0,0,0,0,0,0,0,0,1,0
20140716,0,0,0,0,0,0,1,0,0,0
20140719,0,0,0,0,0,1,0,0,0,0
20140721,0,0,0,1,0,0,0,0,0,0
20140723,0,0,0,0,0,1,0,0,0,0
20140726,0,0,0,1,0,0,0,0,0,0
20140728,0,0,0,0,0,0,0,0,1,0
20140730,0,0,0,0,0,0,0,0,1,0
20140802,0,0,0,0,0,0,0,0,0,1
20140804,0,0,0,0,0,1,0,0,0,0
20140806,0,0,0,0,0,0,0,1,0,0
20140809,0,0,0,0,0,0,1,0,0,0
20140811,0,0,0,0,0,0,1,0,0,0
20140813,0,0,0,0,1,0,0,0,0,0
20140816,0,0,0,1,0,0,0,0,0,0
20140818,0,0,1,0,0,0,0,0,0,0
20140820,0,0,0,1,0,0,0,0,0,0
20140823,0,0,0,0,0,0,1,0,0,0
20140825,1,0,0,0,0,0,0,0,0,0
20140827,0,1,0,0,0,0,0,0,0,0
20140830,0,0,0,0,0,0,0,1,0,0
20140901,1,0,0,0,0,0,0,0,0,0
20140903,0,0,0,1,0,0,0,0,0,0
20140906,0,0,0,0,0,0,1,0,0,0
20140908,0,0,0,0,0,0,0,0,0,1
20140910,0,0,0,0,0,0,1,0,0,0
20140913,1,0,0,0,0,0,0,0,0,0
20140915,0,0,0,0,0,1,0,0,0,0
20140917,0,0,0,1,0,0,0,0,0,0
20140920,0,0,0,0,0,1,0,0,0,0
20140922,0,0,0,0,0,1,0,0,0,0
20140924,0,0,0,0,0,0,0,0,1,0
20140927,0,0,0,0,1,0,0,0,0,0
20140929,0,0,0,0,1,0,0,0,0,0
20141001,0,0,0,0,0,0,0,1,0,0
20141004,0,0,0,0,0,0,1,0,0,0
20141006,0,0,0,0,0,0,1,0,0,0
20141008,0,0,0,0,0,0,0,0,0,1
20141011,0,0,0,0,0,0,0,0,1,0
20141013,1,0,0,0,0,0,0,0,0,0
20141015,0,0,0,0,0,0,0,0,0,1
20141018,0,0,0,0,0,0,1,0,0,0
20141020,0,0,0,0,1,0,0,0,0,0
20141022,0,1,0,0,0,0,0,0,0,0
20141025,0,0,0,1,0,0,0,0,0,0
20141027,0,0,0,0,0,1,0,0,0,0
20141029,0,0,0,0,0,0,0,0,1,0
20141101,0,0,0,0,0,0,0,0,0,1
20141103,0,0,0,0,0,0,0,1,0,0
20141105,1,0,0,0,0,0,0,0,0,0
20141108,0,0,0,0,1,0,0,0,0,0
20141110,0,0,0,0,0,0,1,0,0,0
20141112,0,0,0,0,1,0,0,0,0,0
20141115,0,0,0,0,0,0,0,0,0,1
20141117,0,0,0,0,0,0,0,0,0,1
20141119,0,0,1,0,0,0,0,0,0,0
20141122,0,0,0,0,0,0,0,0,0,1
20141124,0,0,1,0,0,0,0,0,0,0
20141126,0,0,1,0,0,0,0,0,0,0
20141129,0,1,0,0,0,0,0,0,0,0
20141201,0,0,0,0,0,0,0,1,0,0
20141203,0,0,0,0,0,0,1,0,0,0
20141206,0,0,0,0,0,0,0,1,0,0
20141208,0,0,0,0,0,0,0,0,0,1
20141210,0,0,0,0,0,1,0,0,0,0
20141213,1,0,0,0,0,0,0,0,0,0
20141215,0,0,0,1,0,0,0,0,0,0
20141217,0,0,0,0,0,0,0,0,0,1
20141220,0,0,0,0,0,0,0,0,1,0
20141222,0,0,0,0,0,0,0,1,0,0
20141224,0,0,0,0,0,0,1,0,0,0
20141227,0,0,0,0,0,0,0,0,0,1
20141229,1,0,0,0,0,0,0,0,0,0
20141231,0,0,0,0,0,0,0,0,0,1
20150103,0,0,1,0,0,0,0,0,0,0
20150105,0,0,0,0,0,0,1,0,0,0
20150107,1,0,0,0,0,0,0,0,0,0
20150110,0,0,0,1,0,0,0,0,0,0
20150112,1,0,0,0,0,0,0,0,0,0
20150114,0,0,0,0,0,1,0,0,0,0
20150117,0,0,0,1,0,0,0,0,0,0
20150119,0,0,0,1,0,0,0,0,0,0
20150121,0,0,0,0,0,0,0,0,0,1
20150124,1,0,0,0,0,0,0,0,0,0
20150126,0,0,0,0,0,1,0,0,0,0
20150128,1,0,0,0,0,0,0,0,0,0
20150131,0,0,0,0,1,0,0,0,0,0
20150202,0,0,0,0,0,0,0,0,0,1
20150204,0,0,0,1,0,0,0,0,0,0
20150207,0,1,0,0,0,0,0,0,0,0
20150209,0,1,0,0,0,0,0,0,0,0
20150211,0,0,1,0,0,0,0,0,0,0
20150214,0,0,0,0,0,0,1,0,0,0
20150216,0,1,0,0,0,0,0,0,0,0
20150218,0,0,0,0,0,0,1,0,0,0
20150221,0,0,0,1,0,0,0,0,0,0
20150223,0,1,0,0,0,0,0,0,0,0
20150225,1,0,0,0,0,0,0,0,0,0
20150228,0,0,0,0,0,1,0,0,0,0
20150302,1,0,0,0,0,0,0,0,0,0
20150304,0,0,0,1,0,0,0,0,0,0
20150307,0,1,0,0,0,0,0,0,0,0
20150309,0,0,0,0,1,0,0,0,0,0
20150311,0,0,0,1,0,0,0,0,0,0
20150314,0,0,0,0,0,0,0,0,0,1
20150316,0,0,0,0,0,0,1,0,0,0
20150318,0,0,0,0,1,0,0,0,0,0
20150321,0,0,0,0,1,0,0,0,0,0
20150323,0,0,0,0,0,0,1,0,0,0
20150325,0,0,0,0,0,0,1,0,0,0
20150328,0,0,0,0,0,0,0,1,0,0
20150330,1,0,0,0,0,0,0,0,0,0
20150401,0,0,0,1,0,0,0,0,0,0
20150404,1,0,0,0,0,0,0,0,0,0
20150406,0,0,1,0,0,0,0,0,0,0
20150408,0,1,0,0,0,0,0,0,0,0
20150411,0,0,0,0,0,0,0,0,1,0
20150413,0,1,0,0,0,0,0,0,0,0
20150415,0,0,0,0,1,0,0,0,0,0
20150418,0,0,1,0,0,0,0,0,0,0
20150420,0,1,0,0,0,0,0,0,0,0
20150422,0,0,0,0,1,0,0,0,0,0
20150425,0,0,0,0,0,1,0,0,0,0
20150427,0,0,0,1,0,0,0,0,0,0
20150429,0,0,1,0,0,0,0,0,0,0
20150502,0,0,0,0,1,0,0,0,0,0
20150504,1,0,0,0,0,0,0,0,0,0
20150506,0,0,0,0,0,0,0,0,0,1
20150509,0,0,1,0,0,0,0,0,0,0
20150511,0,0,0,1,0,0,0,0,0,0
20150513,0,0,0,0,1,0,0,0,0,0
20150516,0,0,1,0,0,0,0,0,0,0
20150518,0,0,0,0,1,0,0,0,0,0
20150520,0,0,0,0,0,0,0,0,0,1
20150523,0,0,0,0,0,0,1,0,0,0
20150525,0,0,1,0,0,0,0,0,0,0
20150527,0,0,1,0,0,0,0,0,0,0
20150530,0,0,0,0,1,0,0,0,0,0
20150601,0,1,0,0,0,0,0,0,0,0
20150603,0,1,0,0,0,0,0,0,0,0
20150606,0,0,1,0,0,0,0,0,0,0
20150608,0,0,0,0,0,0,0,0,0,1
20150610,0,0,0,0,0,0,0,1,0,0
20150613,0,0,0,1,0,0,0,0,0,0
20150615,0,1,0,0,0,0,0,0,0,0
20150617,1,0,0,0,0,0,0,0,0,0
20150620,0,0,0,1,0,0,0,0,0,0
20150622,0,1,0,0,0,0,0,0,0,0
20150624,0,1,0,0,0,0,0,0,0,0
20150627,0,0,0,1,0,0,0,0,0,0
20150629,0,0,0,0,0,0,1,0,0,0
20150701,0,0,0,0,0,0,0,0,0,1
20150704,0,0,1,0,0,0,0,0,0,0
20150706,0,0,1,0,0,0,0,0,0,0
20150708,0,0,0,0,0,0,1,0,0,0
20150711,1,0,0,0,0,0,0,0,0,0
20150713,0,0,0,0,0,0,0,1,0,0
20150715,0,0,0,0,0,0,0,1,0,0
20150718,0,0,1,0,0,0,0,0,0,0
20150720,1,0,0,0,0,0,0,0,0,0
20150722,1,0,0,0,0,0,0,0,0,0
20150725,0,0,0,1,0,0,0,0,0,0
20150727,0,0,0,0,1,0,0,0,0,0
20150729,0,0,0,0,0,0,0,0,1,0
20150801,0,0,0,0,0,0,0,0,1,0
20150803,1,0,0,0,0,0,0,0,0,0
20150805,0,0,0,1,0,0,0,0,0,0
20150808,0,0,0,0,0,0,0,0,1,0
20150810,0,0,0,0,1,0,0,0,0,0
20150812,0,1,0,0,0,0,0,0,0,0
20150815,0,0,0,1,0,0,0,0,0,0
20150817,1,0,0,0,0,0,0,0,0,0
20150819,0,0,0,1,0,0,0,0,0,0
20150822,0,0,0,0,0,0,0,0,1,0
20150824,1,0,0,0,0,0,0,0,0,0
20150826,0,0,0,0,0,0,0,1,0,0
20150829,0,0,0,0,0,0,0,1,0,0
20150831,0,0,0,1,0,0,0,0,0,0
20150902,0,1,0,0,0,0,0,0,0,0
20150905,0,0,0,0,0,0,0,0,1,0
20150907,0,0,1,0,0,0,0,0,0,0
20150909,0,0,0,0,0,0,1,0,0,0
20150912,0,0,0,0,0,0,0,0,0,1
20150914,0,1,0,0,0,0,0,0,0,0
20150916,0,0,0,0,0,1,0,0,0,0
20150919,0,0,0,0,0,0,0,0,1,0
20150921,0,0,0,0,1,0,0,0,0,0
20150923,0,0,1,0,0,0,0,0,0,0
20150926,1,0,0,0,0,0,0,0,0,0
20150928,0,0,0,0,0,0,0,1,0,0
20150930,0,0,0,0,0,0,1,0,0,0
20151003,0,0,0,1,0,0,0,0,0,0
20151005,0,0,0,0,0,1,0,0,0,0
20151007,0,0,0,0,0,0,0,0,1,0
20151010,0,0,0,0,0,0,1,0,0,0
20151012,0,0,0,1,0,0,0,0,0,0
20151014,0,1,0,0,0,0,0,0,0,0
20151017,0,0,0,0,0,0,0,1,0,0
20151019,0,0,0,0,0,0,1,0,0,0
20151021,0,0,0,0,0,1,0,0,0,0
20151024,0,1,0,0,0,0,0,0,0,0
20151026,0,0,1,0,0,0,0,0,0,0
20151028,0,1,0,0,0,0,0,0,0,0
20151031,0,0,0,0,0,0,0,0,0,1
20151102,0,0,0,1,0,0,0,0,0,0
20151104,0,0,0,0,0,1,0,0,0,0
20151107,1,0,0,0,0,0,0,0,0,0
20151109,0,0,0,0,0,0,0,0,0,1
20151111,0,1,0,0,0,0,0,0,0,0
20151114,0,0,0,0,0,0,0,0,0,1
20151116,1,0,0,0,0,0,0,0,0,0
20151118,1,0,0,0,0,0,0,0,0,0
20151121,0,0,0,0,0,0,0,0,0,1
20151123,0,0,0,0,0,1,0,0,0,0
20151125,0,0,1,0,0,0,0,0,0,0
20151128,0,0,0,0,0,0,0,0,1,0
20151130,0,0,0,0,0,0,0,0,1,0
20151202,0,0,0,0,0,0,1,0,0,0
20151205,0,0,0,0,0,0,1,0,0,0
20151207,0,0,0,0,0,0,0,0,0,1
20151209,0,0,0,0,0,0,1,0,0,0
20151212,0,0,0,0,0,0,0,1,0,0
20151214,0,0,0,0,0,0,1,0,0,0
20151216,0,0,0,0,0,0,0,0,0,1
20151219,0,0,0,0,0,0,1,0,0,0
20151221,0,0,1,0,0,0,0,0,0,0
20151223,0,1,0,0,0,0,0,0,0,0
20151226,1,0,0,0,0,0,0,0,0,0
20151228,0,0,0,0,0,0,1,0,0,0
20151230,0,0,0,0,1,0,0,0,0,0
20160102,0,0,0,0,0,0,0,0,0,1
20160104,0,0,1,0,0,0,0,0,0,0
20160106,0,0,0,1,0,0,0,0,0,0
20160109,0,0,0,0,0,1,0,0,0,0
20160111,0,0,0,0,0,0,0,0,1,0
20160113,0,1,0,0,0,0,0,0,0,0
20160116,0,0,0,0,0,1,0,0,0,0
20160118,0,0,0,1,0,0,0,0,0,0
20160120,0,0,0,0,0,0,0,1,0,0
20160123,0,0,1,0,0,0,0,0,0,0
20160125,0,0,1,0,0,0,0,0,0,0
20160127,0,0,0,0,0,0,0,0,1,0
20160130,1,0,0,0,0,0,0,0,0,0
20160201,0,0,0,1,0,0,0,0,0,0
20160203,0,0,1,0,0,0,0,0,0,0
20160206,0,0,0,0,0,0,0,0,1,0
20160208,0,0,0,0,0,1,0,0,0,0
20160210,0,0,0,0,0,0,0,0,0,1
20160213,0,0,0,1,0,0,0,0,0,0
20160215,0,0,0,0,1,0,0,0,0,0
20160217,0,0,0,0,0,0,0,0,0,1
20160220,0,0,0,0,0,0,0,1,0,0
20160222,0,0,0,0,1,0,0,0,0,0
20160224,0,0,0,0,0,0,1,0,0,0
20160227,0,0,0,0,0,1,0,0,0,0
20160229,1,0,0,0,0,0,0,0,0,0
20160302,0,1,0,0,0,0,0,0,0,0
20160305,0,0,0,0,0,1,0,0,0,0
20160307,1,0,0,0,0,0,0,0,0,0
20160309,0,1,0,0,0,0,0,0,0,0
20160312,0,0,0,0,0,1,0,0,0,0
20160314,0,0,0,0,0,0,0,1,0,0
20160316,0,0,0,0,0,0,0,0,0,1
20160319,0,0,0,0,1,0,0,0,0,0
20160321,0,1,0,0,0,0,0,0,0,0
20160323,0,0,0,0,0,0,0,0,1,0
20160326,1,0,0,0,0,0,0,0,0,0
20160328,0,1,0,0,0,0,0,0,0,0
20160330,0,0,0,0,0,1,0,0,0,0
20160402,1,0,0,0,0,0,0,0,0,0
20160404,0,0,1,0,0,0,0,0,0,0
20160406,0,0,0,0,1,0,0,0,0,0
20160409,0,0,0,0,0,1,0,0,0,0
20160411,0,1,0,0,0,0,0,0,0,0
20160413,0,0,0,1,0,0,0,0,0,0
20160416,0,0,0,0,0,0,0,0,1,0
20160418,0,0,0,0,0,0,1,0,0,0
20160420,0,0,0,0,0,0,0,0,1,0
20160423,0,0,0,0,0,0,1,0,0,0
20160425,0,0,0,0,0,1,0,0,0,0
20160427,0,0,0,0,0,0,0,0,0,1
20160430,0,0,0,0,0,0,1,0,0,0
20160502,0,0,0,0,0,1,0,0,0,0
20160504,0,0,0,0,0,0,0,0,1,0
20160507,0,0,0,1,0,0,0,0,0,0
20160509,1,0,0,0,0,0,0,0,0,0
20160511,0,0,0,0,0,0,0,0,0,1
20160514,0,0,0,0,1,0,0,0,0,0
20160516,1,0,0,0,0,0,0,0,0,0
20160518,0,0,0,0,0,0,0,0,1,0
20160521,0,0,0,1,0,0,0,0,0,0
20160523,0,1,0,0,0,0,0,0,0,0
20160525,0,0,1,0,0,0,0,0,0,0
20160528,0,0,0,0,0,1,0,0,0,0
20160530,0,0,1,0,0,0,0,0,0,0
20160601,0,0,0,0,0,0,0,0,0,1
20160604,1,0,0,0,0,0,0,0,0,0
20160606,0,0,0,0,1,0,0,0,0,0
20160608,0,0,0,0,0,0,0,0,1,0
20160611,0,0,0,0,0,1,0,0,0,0
20160613,0,0,0,0,0,0,0,1,0,0
20160615,0,0,0,0,0,0,0,0,0,1
20160618,0,0,1,0,0,0,0,0,0,0
20160620,0,0,0,0,0,0,0,0,0,1
20160622,0,0,0,0,0,0,0,0,1,0
20160625,0,0,1,0,0,0,0,0,0,0
20160627,0,0,0,0,0,0,1,0,0,0
20160629,0,0,0,0,0,0,0,0,0,1
20160702,0,0,0,0,1,0,0,0,0,0
20160704,1,0,0,0,0,0,0,0,0,0
20160706,0,0,0,0,0,0,0,1,0,0
20160709,0,0,0,0,0,0,0,0,0,1
20160711,0,0,0,1,0,0,0,0,0,0
20160713,0,0,0,0,0,0,0,0,0,1
20160716,0,0,0,1,0,0,0,0,0,0
20160718,0,0,0,0,0,0,1,0,0,0
20160720,1,0,0,0,0,0,0,0,0,0
20160723,0,0,0,0,0,0,0,0,0,1
20160725,0,0,0,1,0,0,0,0,0,0
20160727,0,0,0,0,0,1,0,0,0,0
20160730,0,0,0,0,0,0,0,0,1,0
20160801,0,0,0,0,0,0,1,0,0,0
20160803,0,0,1,0,0,0,0,0,0,0
20160806,0,0,0,0,0,0,0,0,0,1
20160808,0,0,0,0,0,0,1,0,0,0
20160810,0,0,1,0,0,0,0,0,0,0
20160813,0,0,0,0,0,1,0,0,0,0
20160815,0,0,0,0,0,0,1,0,0,0
20160817,0,0,0,1,0,0,0,0,0,0
20160820,0,0,0,0,0,0,0,0,1,0
20160822,0,0,0,0,0,0,1,0,0,0
20160824,0,1,0,0,0,0,0,0,0,0
20160827,0,0,0,0,0,0,0,1,0,0
20160829,0,1,0,0,0,0,0,0,0,0
20160831,1,0,0,0,0,0,0,0,0,0
20160903,0,0,0,0,1,0,0,0,0,0
20160905,0,0,0,1,0,0,0,0,0,0
20160907,0,0,0,0,0,0,0,0,1,0
20160910,0,0,0,0,0,1,0,0,0,0
20160912,0,0,0,0,0,0,0,0,0,1
20160914,0,0,0,0,0,0,1,0,0,0
20160917,0,1,0,0,0,0,0,0,0,0
20160919,0,0,0,0,0,0,0,0,0,1
20160921,0,0,0,0,0,0,0,0,0,1
20160924,0,0,0,0,0,0,0,0,0,1
20160926,0,0,0,0,0,0,1,0,0,0
20160928,0,0,1,0,0,0,0,0,0,0
20161001,1,0,0,0,0,0,0,0,0,0
20161003,0,0,0,0,0,0,0,0,0,1
20161005,0,0,1,0,0,0,0,0,0,0
20161008,0,0,0,0,0,0,0,0,1,0
20161010,0,1,0,0,0,0,0,0,0,0
20161012,0,1,0,0,0,0,0,0,0,0
20161015,0,0,0,0,0,0,1,0,0,0
20161017,0,0,0,1,0,0,0,0,0,0
20161019,1,0,0,0,0,0,0,0,0,0
20161022,0,0,0,0,0,0,0,1,0,0
20161024,0,0,0,0,0,0,1,0,0,0
20161026,0,0,0,0,0,0,0,0,0,1
20161029,0,0,0,1,0,0,0,0,0,0
20161031,0,0,0,1,0,0,0,0,0,0
20161102,0,0,0,0,0,0,0,0,0,1
20161105,0,0,0,0,1,0,0,0,0,0
20161107,0,0,0,0,0,1,0,0,0,0
20161109,0,0,0,0,1,0,0,0,0,0
20161112,0,0,0,0,0,0,0,1,0,0
20161114,0,1,0,0,0,0,0,0,0,0
20161116,0,0,0,0,0,0,1,0,0,0
20161119,0,0,0,0,0,0,1,0,0,0
20161121,0,0,0,0,0,0,0,1,0,0
20161123,0,0,0,0,0,0,1,0,0,0
20161126,0,0,0,0,0,0,1,0,0,0
20161128,0,0,0,0,0,1,0,0,0,0
20161130,0,0,0,0,1,0,0,0,0,0
20161203,0,0,0,0,0,0,1,0,0,0
20161205,0,0,0,1,0,0,0,0,0,0
20161207,0,0,1,0,0,0,0,0,0,0
20161210,0,0,0,0,0,0,0,0,1,0
20161212,0,0,0,0,0,1,0,0,0,0
20161214,0,0,0,0,0,0,1,0,0,0
20161217,0,0,0,0,1,0,0,0,0,0
20161219,0,0,0,0,0,0,1,0,0,0
20161221,0,0,0,0,0,1,0,0,0,0
20161224,1,0,0,0,0,0,0,0,0,0
20161226,0,0,0,0,0,1,0,0,0,0
20161228,0,0,0,1,0,0,0,0,0,0
20161231,0,0,0,0,0,0,0,1,0,0
20170102,0,0,0,0,1,0,0,0,0,0
20170104,0,0,0,0,0,0,1,0,0,0
20170107,0,0,0,0,0,0,0,1,0,0
20170109,0,0,0,0,0,0,1,0,0,0
20170111,0,0,1,0,0,0,0,0,0,0
20170114,1,0,0,0,0,0,0,0,0,0
20170116,0,0,0,0,1,0,0,0,0,0
20170118,0,0,0,1,0,0,0,0,0,0
20170121,0,0,0,0,0,1,0,0,0,0
20170123,0,0,0,0,0,0,0,0,1,0
20170125,0,1,0,0,0,0,0,0,0,0
20170128,0,0,0,0,1,0,0,0,0,0
20170130,0,0,0,1,0,0,0,0,0,0
20170201,0,0,0,0,0,0,1,0,0,0
20170204,0,0,0,0,0,0,1,0,0,0
20170206,0,1,0,0,0,0,0,0,0,0
20170208,0,0,0,0,0,1,0,0,0,0
20170211,0,0,1,0,0,0,0,0,0,0
20170213,0,0,1,0,0,0,0,0,0,0
20170215,0,0,0,0,0,0,0,0,0,1
20170218,0,0,0,1,0,0,0,0,0,0
20170220,0,0,0,0,0,0,0,0,0,1
20170222,0,0,0,0,0,0,0,0,0,1
20170225,0,1,0,0,0,0,0,0,0,0
20170227,0,0,0,0,1,0,0,0,0,0
20170301,0,0,0,0,1,0,0,0,0,0
20170304,0,0,0,1,0,0,0,0,0,0
20170306,0,0,0,0,0,0,0,0,1,0
20170308,0,1,0,0,0,0,0,0,0,0
20170311,0,0,0,0,0,0,1,0,0,0
20170313,0,0,1,0,0,0,0,0,0,0
20170315,0,0,0,0,0,0,0,1,0,0
20170318,0,1,0,0,0,0,0,0,0,0
20170320,1,0,0,0,0,0,0,0,0,0
20170322,0,0,0,0,1,0,0,0,0,0
20170325,1,0,0,0,0,0,0,0,0,0
20170327,0,0,0,0,0,0,0,1,0,0
20170329,0,0,0,0,1,0,0,0,0,0
20170401,0,0,0,0,0,0,0,0,1,0
20170403,0,0,1,0,0,0,0,0,0,0
20170405,0,0,0,0,0,0,0,0,0,1
20170408,0,0,0,0,1,0,0,0,0,0
20170410,0,1,0,0,0,0,0,0,0,0
20170412,0,0,0,0,0,0,1,0,0,0
20170415,0,0,0,0,1,0,0,0,0,0
20170417,0,0,0,0,0,0,1,0,0,0
20170419,0,0,0,0,0,0,0,0,1,0
20170422,0,0,0,0,1,0,0,0,0,0
20170424,0,0,0,0,0,0,0,0,1,0
20170426,0,0,0,0,1,0,0,0,0,0
20170429,0,0,0,0,0,0,0,0,1,0
20170501,0,0,0,0,0,1,0,0,0,0
20170503,0,0,1,0,0,0,0,0,0,0
20170506,0,0,0,0,1,0,0,0,0,0
20170508,0,0,0,0,0,1,0,0,0,0
20170510,0,0,0,0,0,0,0,0,1,0
20170513,0,0,0,0,0,0,0,0,0,1
20170515,1,0,0,0,0,0,0,0,0,0
20170517,0,0,0,0,0,0,1,0,0,0
20170520,0,0,1,0,0,0,0,0,0,0
20170522,0,0,0,0,0,0,0,0,0,1
20170524,0,0,0,0,1,0,0,0,0,0
20170527,0,0,0,0,0,0,0,1,0,0
20170529,0,0,0,0,0,0,0,0,1,0
20170531,1,0,0,0,0,0,0,0,0,0
20170603,0,0,1,0,0,0,0,0,0,0
20170605,0,0,0,0,0,0,1,0,0,0
20170607,0,0,0,0,1,0,0,0,0,0
20170610,0,0,0,0,0,0,0,0,0,1
20170612,0,0,0,0,1,0,0,0,0,0
20170614,0,0,0,0,1,0,0,0,0,0
20170617,0,0,1,0,0,0,0,0,0,0
20170619,0,0,0,0,0,0,0,0,1,0
20170621,0,0,0,0,0,1,0,0,0,0
20170624,0,0,0,0,1,0,0,0,0,0
20170626,0,0,0,0,0,0,0,0,1,0
20170628,1,0,0,0,0,0,0,0,0,0
20170701,0,0,0,0,0,0,0,1,0,0
20170703,0,1,0,0,0,0,0,0,0,0
20170705,0,0,0,0,0,1,0,0,0,0
20170708,0,0,0,0,0,0,0,0,0,1
20170710,0,0,0,1,0,0,0,0,0,0
20170712,0,0,0,0,1,0,0,0,0,0
20170715,0,1,0,0,0,0,0,0,0,0
20170717,0,1,0,0,0,0,0,0,0,0
20170719,0,0,0,0,0,0,1,0,0,0
20170722,0,0,0,0,0,0,0,0,1,0
20170724,0,0,1,0,0,0,0,0,0,0
20170726,0,1,0,0,0,0,0,0,0,0
20170729,1,0,0,0,0,0,0,0,0,0
20170731,0,0,0,0,0,0,1,0,0,0
20170802,0,0,0,0,0,0,1,0,0,0
20170805,0,1,0,0,0,0,0,0,0,0
20170807,0,0,0,1,0,0,0,0,0,0
20170809,1,0,0,0,0,0,0,0,0,0
20170812,0,0,0,0,0,0,0,0,0,1
20170814,0,0,0,1,0,0,0,0,0,0
20170816,0,0,0,1,0,0,0,0,0,0
20170819,0,0,0,0,0,0,1,0,0,0
20170821,0,0,0,0,1,0,0,0,0,0
20170823,0,0,0,0,0,0,1,0,0,0
20170826,0,0,1,0,0,0,0,0,0,0
20170828,0,0,0,0,0,1,0,0,0,0
20170830,0,0,0,0,0,0,0,0,1,0
20170902,0,0,0,0,0,0,1,0,0,0
20170904,0,0,0,0,0,0,0,0,1,0
20170906,0,0,0,1,0,0,0,0,0,0
20170909,1,0,0,0,0,0,0,0,0,0
20170911,0,0,0,0,0,0,0,0,1,0
20170913,1,0,0,0,0,0,0,0,0,0
20170916,0,0,0,0,1,0,0,0,0,0
20170918,0,0,0,0,0,0,0,0,1,0
20170920,0,0,0,0,0,1,0,0,0,0
20170923,0,0,0,1,0,0,0,0,0,0
20170925,0,0,0,0,0,1,0,0,0,0
20170927,0,0,0,1,0,0,0,0,0,0
20170930,0,0,0,0,0,0,1,0,0,0
20171002,0,0,0,0,0,0,1,0,0,0
20171004,0,0,0,0,0,0,0,0,1,0
20171007,0,0,1,0,0,0,0,0,0,0
20171009,0,0,0,0,0,0,0,0,1,0
20171011,0,0,0,1,0,0,0,0,0,0
20171014,0,0,1,0,0,0,0,0,0,0
20171016,0,0,0,0,0,0,0,1,0,0
20171018,0,0,0,0,0,0,1,0,0,0
20171021,0,0,0,0,0,0,0,1,0,0
20171023,0,0,1,0,0,0,0,0,0,0
20171025,0,0,0,0,0,0,0,1,0,0
20171028,0,0,0,0,0,0,0,1,0,0
20171030,0,0,0,0,1,0,0,0,0,0
20171101,1,0,0,0,0,0,0,0,0,0
20171104,0,0,0,0,0,0,1,0,0,0
20171106,1,0,0,0,0,0,0,0,0,0
20171108,0,0,0,0,1,0,0,0,0,0
20171111,0,0,1,0,0,0,0,0,0,0
20171113,0,0,0,0,1,0,0,0,0,0
20171115,0,0,0,0,0,1,0,0,0,0
20171118,1,0,0,0,0,0,0,0,0,0
20171120,0,0,1,0,0,0,0,0,0,0
20171122,0,0,0,0,0,0,0,1,0,0
20171125,0,0,0,0,0,0,0,0,0,1
20171127,0,0,0,0,0,1,0,0,0,0
20171129,0,0,0,1,0,0,0,0,0,0
20171202,1,0,0,0,0,0,0,0,0,0
20171204,0,0,0,0,0,0,0,1,0,0
20171206,1,0,0,0,0,0,0,0,0,0
20171209,0,0,0,0,0,0,0,1,0,0
20171211,0,0,0,1,0,0,0,0,0,0
20171213,0,0,0,0,0,0,0,1,0,0
20171216,0,0,0,0,0,1,0,0,0,0
20171218,0,0,0,0,0,0,0,0,1,0
20171220,0,0,0,0,0,0,0,0,1,0
20171223,0,0,0,0,0,0,0,0,0,1
20171225,0,0,0,0,0,0,0,1,0,0
20171227,0,0,0,0,0,0,0,1,0,0
20171230,0,0,0,0,0,0,0,1,0,0
20180101,1,0,0,0,0,0,0,0,0,0
20180103,0,0,0,1,0,0,0,0,0,0
20180106,0,0,0,0,0,0,0,0,1,0
20180108,0,1,0,0,0,0,0,0,0,0
20180110,0,0,1,0,0,0,0,0,0,0
20180113,0,0,0,0,0,0,0,0,0,1
20180115,0,1,0,0,0,0,0,0,0,0
20180117,0,0,1,0,0,0,0,0,0,0
20180120,0,0,0,0,0,0,1,0,0,0
20180122,0,1,0,0,0,0,0,0,0,0
20180124,0,0,0,0,1,0,0,0,0,0
20180127,0,0,0,0,0,0,0,0,0,1
20180129,0,0,0,0,0,1,0,0,0,0
20180131,1,0,0,0,0,0,0,0,0,0
20180203,0,0,0,1,0,0,0,0,0,0
20180205,0,0,0,0,0,0,1,0,0,0
20180207,0,0,1,0,0,0,0,0,0,0
20180210,0,0,0,0,1,0,0,0,0,0
20180212,0,0,0,0,0,0,0,0,1,0
20180214,0,0,0,1,0,0,0,0,0,0
20180217,0,0,0,0,0,0,0,0,1,0
20180219,0,1,0,0,0,0,0,0,0,0
20180221,1,0,0,0,0,0,0,0,0,0
20180224,0,0,1,0,0,0,0,0,0,0
20180226,0,0,1,0,0,0,0,0,0,0
20180228,0,0,0,0,0,0,1,0,0,0
20180303,0,0,0,0,0,0,0,0,1,0
20180305,0,0,0,0,0,0,0,0,1,0
20180307,0,0,0,0,1,0,0,0,0,0
20180310,0,0,0,0,0,1,0,0,0,0
20180312,0,0,0,0,0,0,0,1,0,0
20180314,0,0,0,0,0,0,0,0,0,1
20180317,0,0,0,0,0,0,0,0,1,0
20180319,0,0,0,0,0,0,0,0,0,1
20180321,0,1,0,0,0,0,0,0,0,0
20180324,0,0,0,0,0,0,0,0,1,0
20180326,0,0,0,0,0,0,0,0,0,1
20180328,0,0,0,0,0,0,0,0,0,1
20180331,0,0,0,0,0,0,0,1,0,0
20180402,0,1,0,0,0,0,0,0,0,0
20180404,0,0,0,0,0,1,0,0,0,0
20180407,0,0,0,0,0,0,1,0,0,0
20180409,0,0,0,0,0,1,0,0,0,0
20180411,0,0,0,0,0,0,0,1,0,0
20180414,0,0,0,0,0,0,1,0,0,0
20180416,0,0,0,0,1,0,0,0,0,0
20180418,0,0,0,0,0,0,0,1,0,0
20180421,0,0,0,0,1,0,0,0,0,0
20180423,0,0,0,0,0,0,0,1,0,0
20180425,1,0,0,0,0,0,0,0,0,0
20180428,0,1,0,0,0,0,0,0,0,0
20180430,0,0,0,0,0,0,1,0,0,0
20180502,0,0,0,0,0,0,0,0,0,1
20180505,0,0,0,0,1,0,0,0,0,0
20180507,0,0,0,0,0,1,0,0,0,0
20180509,0,0,0,0,0,1,0,0,0,0
20180512,0,0,0,0,0,0,0,0,0,1
20180514,0,0,0,0,0,0,0,1,0,0
20180516,0,0,0,0,0,0,0,1,0,0
20180519,0,0,0,0,0,0,0,0,1,0
20180521,0,0,0,0,1,0,0,0,0,0
20180523,0,0,0,0,0,0,0,0,1,0
20180526,0,0,0,0,0,0,0,1,0,0
20180528,0,0,0,0,0,0,0,0,0,1
20180530,0,0,0,0,0,1,0,0,0,0
20180602,0,0,0,1,0,0,0,0,0,0
20180604,0,1,0,0,0,0,0,0,0,0
20180606,0,1,0,0,0,0,0,0,0,0
20180609,0,0,0,0,0,0,0,0,0,1
20180611,0,0,0,1,0,0,0,0,0,0
20180613,1,0,0,0,0,0,0,0,0,0
20180616,0,0,0,0,0,0,0,0,1,0
20180618,0,0,0,0,0,0,0,1,0,0
20180620,0,0,1,0,0,0,0,0,0,0
20180623,0,0,0,0,0,0,0,0,0,1
20180625,0,0,0,0,1,0,0,0,0,0
20180627,0,0,0,0,0,0,0,0,0,1
20180630,0,0,0,0,0,0,1,0,0,0
20180702,0,0,0,0,0,0,0,1,0,0
20180704,0,0,0,0,1,0,0,0,0,0
20180707,0,0,0,0,0,0,0,0,0,1
20180709,1,0,0,0,0,0,0,0,0,0
20180711,0,0,0,1,0,0,0,0,0,0
20180714,0,0,1,0,0,0,0,0,0,0
20180716,1,0,0,0,0,0,0,0,0,0
20180718,0,0,0,0,0,0,1,0,0,0
20180721,0,0,0,0,0,0,0,0,0,1
20180723,0,0,0,0,0,1,0,0,0,0
20180725,0,0,1,0,0,0,0,0,0,0
20180728,0,0,0,0,0,0,0,0,0,1
20180730,0,1,0,0,0,0,0,0,0,0
20180801,0,0,0,1,0,0,0,0,0,0
20180804,0,0,1,0,0,0,0,0,0,0
20180806,0,0,0,0,0,1,0,0,0,0
20180808,0,0,0,0,0,0,0,1,0,0
20180811,0,0,0,0,1,0,0,0,0,0
20180813,0,0,0,0,0,1,0,0,0,0
20180815,0,0,0,0,0,0,0,1,0,0
20180818,0,0,0,0,0,0,0,1,0,0
20180820,0,0,0,0,0,0,0,0,0,1
20180822,0,0,1,0,0,0,0,0,0,0
20180825,0,0,1,0,0,0,0,0,0,0
20180827,0,1,0,0,0,0,0,0,0,0
20180829,1,0,0,0,0,0,0,0,0,0
20180901,0,0,0,0,0,1,0,0,0,0
20180903,0,0,0,0,0,0,0,0,0,1
20180905,1,0,0,0,0,0,0,0,0,0
20180908,0,0,0,0,0,0,0,0,0,1
20180910,0,0,0,0,0,0,0,0,0,1
20180912,0,0,0,0,0,0,0,0,1,0
20180915,0,0,0,0,1,0,0,0,0,0
20180917,0,0,0,0,1,0,0,0,0,0
20180919,0,0,0,0,1,0,0,0,0,0
20180922,0,0,0,0,0,0,0,0,1,0
20180924,0,0,1,0,0,0,0,0,0,0
20180926,0,0,1,0,0,0,0,0,0,0
20180929,0,0,0,1,0,0,0,0,0,0
20181001,0,0,0,1,0,0,0,0,0,0
20181003,0,0,0,0,0,0,0,1,0,0
20181006,0,0,0,0,0,0,0,0,1,0
20181008,0,1,0,0,0,0,0,0,0,0
20181010,0,0,1,0,0,0,0,0,0,0
20181013,0,0,0,0,0,0,0,1,0,0
20181015,0,0,0,0,1,0,0,0,0,0
20181017,1,0,0,0,0,0,0,0,0,0
20181020,0,0,0,0,0,0,0,1,0,0
20181022,0,0,0,0,0,1,0,0,0,0
20181024,0,0,0,0,0,1,0,0,0,0
20181027,0,0,0,0,0,0,0,0,1,0
20181029,0,0,0,0,0,0,1,0,0,0
20181031,0,0,0,1,0,0,0,0,0,0
20181103,0,1,0,0,0,0,0,0,0,0
20181105,0,0,0,0,0,0,0,1,0,0
20181107,0,0,0,0,0,0,0,1,0,0
20181110,0,0,0,0,0,0,1,0,0,0
20181112,0,0,0,0,0,0,1,0,0,0
20181114,0,0,0,0,1,0,0,0,0,0
20181117,0,0,0,0,0,0,1,0,0,0
20181119,0,0,0,0,0,0,1,0,0,0
20181121,0,0,0,0,0,0,0,0,0,1
20181124,0,0,0,0,1,0,0,0,0,0
20181126,0,1,0,0,0,0,0,0,0,0
20181128,0,0,0,0,0,1,0,0,0,0
20181201,0,1,0,0,0,0,0,0,0,0
20181203,0,0,0,0,1,0,0,0,0,0
20181205,0,0,0,0,0,0,0,0,1,0
20181208,0,0,0,0,0,0,0,1,0,0
20181210,0,0,0,0,0,0,0,0,0,1
20181212,0,0,0,0,1,0,0,0,0,0
20181215,0,0,0,0,0,1,0,0,0,0
20181217,0,0,0,0,0,0,0,0,1,0
20181219,0,0,1,0,0,0,0,0,0,0
20181222,0,0,0,0,1,0,0,0,0,0
20181224,0,1,0,0,0,0,0,0,0,0
20181226,0,0,0,0,0,0,0,0,0,1
20181229,0,0,0,0,1,0,0,0,0,0
20181231,0,0,0,0,0,0,0,0,0,1
20190102,0,0,0,0,0,0,1,0,0,0
20190105,0,0,0,0,0,0,1,0,0,0
20190107,0,0,0,0,0,0,0,0,0,1
20190109,0,0,0,0,0,0,0,0,0,1
20190112,0,0,0,0,0,0,0,1,0,0
20190114,0,0,0,0,0,0,0,0,0,1
20190116,0,0,1,0,0,0,0,0,0,0
20190119,0,0,0,0,0,0,1,0,0,0
20190121,0,0,0,0,0,1,0,0,0,0
20190123,0,0,0,0,0,0,0,0,0,1
20190126,0,1,0,0,0,0,0,0,0,0
20190128,0,0,0,0,0,1,0,0,0,0
20190130,0,0,0,0,0,0,0,0,1,0
20190202,0,0,1,0,0,0,0,0,0,0
20190204,1,0,0,0,0,0,0,0,0,0
20190206,0,0,0,0,0,0,0,0,0,1
20190209,0,0,0,0,0,0,0,0,1,0
20190211,0,0,0,0,1,0,0,0,0,0
20190213,0,0,1,0,0,0,0,0,0,0
20190216,0,0,0,0,0,0,1,0,0,0
20190218,0,0,0,0,0,0,0,0,1,0
20190220,1,0,0,0,0,0,0,0,0,0
20190223,0,0,0,0,1,0,0,0,0,0
20190225,0,0,0,0,0,0,1,0,0,0
20190227,0,1,0,0,0,0,0,0,0,0
20190302,0,0,0,0,0,0,0,0,1,0
20190304,0,1,0,0,0,0,0,0,0,0
20190306,0,0,0,0,1,0,0,0,0,0
20190309,0,0,0,0,0,0,0,0,0,1
20190311,1,0,0,0,0,0,0,0,0,0
20190313,0,0,1,0,0,0,0,0,0,0
20190316,1,0,0,0,0,0,0,0,0,0
20190318,0,0,0,0,0,1,0,0,0,0
20190320,0,0,0,0,0,0,0,1,0,0
20190323,0,0,0,0,0,1,0,0,0,0
20190325,0,1,0,0,0,0,0,0,0,0
20190327,1,0,0,0,0,0,0,0,0,0
20190330,0,0,1,0,0,0,0,0,0,0
20190401,0,0,0,0,0,0,0,0,0,1
20190403,0,0,1,0,0,0,0,0,0,0
20190406,0,0,0,0,0,0,1,0,0,0
20190408,0,0,0,0,0,0,0,0,1,0
20190410,0,0,0,0,1,0,0,0,0,0
20190413,0,0,0,0,0,0,0,1,0,0
20190415,0,0,0,0,0,1,0,0,0,0
20190417,0,0,1,0,0,0,0,0,0,0
20190420,0,0,1,0,0,0,0,0,0,0
20190422,0,0,0,0,0,0,1,0,0,0
20190424,0,0,1,0,0,0,0,0,0,0
20190427,0,1,0,0,0,0,0,0,0,0
20190429,0,1,0,0,0,0,0,0,0,0
20190501,0,0,0,0,0,0,0,1,0,0
20190504,0,0,0,0,0,0,0,0,1,0
20190506,0,0,1,0,0,0,0,0,0,0
20190508,0,0,0,0,1,0,0,0,0,0
20190511,0,1,0,0,0,0,0,0,0,0
20190513,0,0,0,1,0,0,0,0,0,0
20190515,1,0,0,0,0,0,0,0,0,0
20190518,0,0,0,0,1,0,0,0,0,0
20190520,1,0,0,0,0,0,0,0,0,0
20190522,1,0,0,0,0,0,0,0,0,0
20190525,0,0,0,0,0,0,0,0,0,1
20190527,0,0,0,0,0,0,0,0,1,0
20190529,0,1,0,0,0,0,0,0,0,0
20190601,0,0,1,0,0,0,0,0,0,0
20190603,1,0,0,0,0,0,0,0,0,0
20190605,0,0,0,0,0,0,1,0,0,0
20190608,1,0,0,0,0,0,0,0,0,0
20190610,0,0,0,0,0,0,0,1,0,0
20190612,0,0,0,0,0,0,0,0,1,0
20190615,0,0,0,0,0,1,0,0,0,0
20190617,0,1,0,0,0,0,0,0,0,0
20190619,0,0,0,0,1,0,0,0,0,0
20190622,0,1,0,0,0,0,0,0,0,0
20190624,0,0,0,0,0,1,0,0,0,0
20190626,0,0,0,0,0,0,0,0,0,1
20190629,0,0,1,0,0,0,0,0,0,0
20190701,0,0,1,0,0,0,0,0,0,0
20190703,0,0,0,0,0,0,0,1,0,0
20190706,0,0,0,0,0,0,0,0,0,1
20190708,0,0,0,0,0,0,0,0,0,1
20190710,0,0,0,0,0,1,0,0,0,0
20190713,0,0,0,0,0,0,0,0,0,1
20190715,0,0,0,1,0,0,0,0,0,0
20190717,0,0,0,0,0,0,0,1,0,0
20190720,0,0,0,0,0,1,0,0,0,0
20190722,0,0,1,0,0,0,0,0,0,0
20190724,0,0,0,0,0,0,0,0,0,1
20190727,0,0,0,0,0,0,0,1,0,0
20190729,0,0,1,0,0,0,0,0,0,0
20190731,0,0,0,0,1,0,0,0,0,0
20190803,0,0,0,1,0,0,0,0,0,0
20190805,0,0,0,0,0,0,0,0,1,0
20190807,0,0,0,1,0,0,0,0,0,0
20190810,0,0,1,0,0,0,0,0,0,0
20190812,0,0,0,0,0,0,0,0,0,1
20190814,0,1,0,0,0,0,0,0,0,0
20190817,0,1,0,0,0,0,0,0,0,0
20190819,0,0,1,0,0,0,0,0,0,0
20190821,0,0,0,0,0,0,0,1,0,0
20190824,0,0,0,1,0,0,0,0,0,0
20190826,0,0,0,0,0,1,0,0,0,0
20190828,0,0,0,0,1,0,0,0,0,0
20190831,0,0,0,1,0,0,0,0,0,0
20190902,0,0,0,1,0,0,0,0,0,0
20190904,0,0,1,0,0,0,0,0,0,0
20190907,0,1,0,0,0,0,0,0,0,0
20190909,0,0,0,0,0,0,0,1,0,0
20190911,0,0,0,0,0,0,0,0,0,1
20190914,0,0,0,0,0,0,0,0,1,0
20190916,0,0,0,0,1,0,0,0,0,0
20190918,0,0,0,0,0,0,0,0,0,1
20190921,0,0,0,0,0,0,0,0,0,1
20190923,0,0,0,1,0,0,0,0,0,0
20190925,0,0,1,0,0,0,0,0,0,0
20190928,0,0,0,0,1,0,0,0,0,0
20190930,0,1,0,0,0,0,0,0,0,0
20191002,0,0,1,0,0,0,0,0,0,0
20191005,0,0,0,0,1,0,0,0,0,0
20191007,0,0,0,0,1,0,0,0,0,0
20191009,0,0,0,0,1,0,0,0,0,0
20191012,0,0,0,0,0,0,0,0,1,0
20191014,0,0,0,0,0,0,0,0,1,0
20191016,0,1,0,0,0,0,0,0,0,0
20191019,0,0,0,0,0,0,0,1,0,0
20191021,0,0,0,1,0,0,0,0,0,0
20191023,1,0,0,0,0,0,0,0,0,0
20191026,0,0,0,0,0,0,0,0,1,0
20191028,0,0,0,1,0,0,0,0,0,0
20191030,1,0,0,0,0,0,0,0,0,0
20191102,0,0,1,0,0,0,0,0,0,0
20191106,0,0,0,0,0,0,0,0,0,1
20191109,0,0,1,0,0,0,0,0,0,0
20191111,0,0,0,0,1,0,0,0,0,0
20191113,1,0,0,0,0,0,0,0,0,0
20191116,0,0,0,0,0,0,0,0,1,0
20191118,0,0,0,0,0,0,1,0,0,0
20191120,0,0,1,0,0,0,0,0,0,0
20191123,0,0,0,1,0,0,0,0,0,0
20191125,0,0,0,0,0,0,0,1,0,0
20191127,0,0,0,1,0,0,0,0,0,0
20191130,0,0,1,0,0,0,0,0,0,0
20191202,0,0,0,0,0,0,0,0,1,0
20191204,0,1,0,0,0,0,0,0,0,0
20191207,0,0,0,0,0,0,0,1,0,0
20191209,0,0,0,0,0,0,0,1,0,0
20191211,0,0,0,0,0,0,0,1,0,0
20191214,0,0,0,0,0,0,0,0,1,0
20191216,0,0,0,0,0,1,0,0,0,0
20191218,0,0,0,0,0,0,0,0,1,0
20191221,0,1,0,0,0,0,0,0,0,0
20191223,0,1,0,0,0,0,0,0,0,0
20191225,0,0,0,0,0,0,0,0,1,0
20191228,0,0,0,0,0,0,0,1,0,0
20191230,0,0,0,0,0,1,0,0,0,0
20200101,0,0,0,0,0,0,0,0,0,1
20200104,0,0,0,0,1,0,0,0,0,0
20200106,0,0,1,0,0,0,0,0,0,0
20200108,0,0,0,0,0,0,0,1,0,0
20200111,0,0,1,0,0,0,0,0,0,0
20200113,0,0,0,0,0,0,0,0,1,0
20200115,0,1,0,0,0,0,0,0,0,0
20200118,0,0,0,0,0,0,0,0,1,0
20200120,1,0,0,0,0,0,0,0,0,0
20200122,0,0,0,0,0,0,0,0,0,1
20200125,0,0,0,0,1,0,0,0,0,0
20200127,1,0,0,0,0,0,0,0,0,0
20200129,0,0,0,0,0,0,0,1,0,0
20200201,0,0,0,0,0,0,0,0,1,0
20200203,0,0,0,1,0,0,0,0,0,0
20200205,0,0,0,1,0,0,0,0,0,0
20200208,0,0,0,0,0,0,0,0,0,1
20200210,0,0,0,0,0,0,0,1,0,0
20200212,0,0,0,0,1,0,0,0,0,0
20200215,0,0,0,0,0,0,1,0,0,0
20200217,1,0,0,0,0,0,0,0,0,0
20200219,0,1,0,0,0,0,0,0,0,0
20200222,0,0,0,1,0,0,0,0,0,0
20200224,0,0,0,0,0,0,1,0,0,0
20200226,0,0,0,1,0,0,0,0,0,0
20200229,0,0,0,0,0,1,0,0,0,0
20200302,0,0,0,0,1,0,0,0,0,0
20200304,0,0,0,1,0,0,0,0,0,0
20200307,0,1,0,0,0,0,0,0,0,0
20200309,0,0,0,0,0,0,1,0,0,0
20200311,1,0,0,0,0,0,0,0,0,0
20200314,0,0,0,0,0,0,0,0,0,1
20200316,0,0,1,0,0,0,0,0,0,0
20200318,0,0,0,0,0,0,0,0,1,0
20200321,0,0,0,0,0,0,0,1,0,0
20200323,0,1,0,0,0,0,0,0,0,0
20200325,1,0,0,0,0,0,0,0,0,0
20200328,0,0,0,0,1,0,0,0,0,0
20200330,0,0,0,0,0,0,1,0,0,0
20200401,0,0,0,0,0,1,0,0,0,0
20200404,0,0,0,0,0,0,0,0,1,0
20200406,0,0,0,1,0,0,0,0,0,0
20200408,0,0,0,0,0,0,0,0,1,0
20200411,0,0,0,0,0,0,1,0,0,0
20200413,0,0,0,0,0,0,0,0,1,0
20200415,0,0,0,0,0,1,0,0,0,0
20200418,0,0,0,0,0,0,0,1,0,0
20200420,0,0,0,0,0,1,0,0,0,0
20200422,0,0,0,0,0,0,1,0,0,0
20200425,0,0,1,0,0,0,0,0,0,0
20200427,0,0,0,0,0,0,0,0,1,0
20200429,1,0,0,0,0,0,0,0,0,0
20200502,0,0,0,1,0,0,0,0,0,0
20200504,0,0,0,0,0,0,0,0,0,1
20200506,0,0,1,0,0,0,0,0,0,0
20200509,0,0,0,0,0,0,1,0,0,0
20200511,0,0,0,0,0,0,0,0,0,1
20200513,0,0,0,0,0,0,0,1,0,0
20200516,0,0,0,1,0,0,0,0,0,0
20200518,0,0,0,0,0,0,0,0,1,0
20200520,0,0,0,0,0,0,0,1,0,0
20200523,0,1,0,0,0,0,0,0,0,0
20200525,0,0,0,1,0,0,0,0,0,0
20200527,0,0,0,0,0,1,0,0,0,0
20200530,0,0,0,0,0,0,0,0,1,0
20200601,0,0,0,0,0,0,1,0,0,0
20200603,0,0,0,0,0,1,0,0,0,0
20200606,0,0,0,0,1,0,0,0,0,0
20200608,1,0,0,0,0,0,0,0,0,0
20200610,0,1,0,0,0,0,0,0,0,0
20200613,0,0,0,1,0,0,0,0,0,0
20200615,0,1,0,0,0,0,0,0,0,0
20200617,1,0,0,0,0,0,0,0,0,0
20200620,0,0,0,0,1,0,0,0,0,0
20200622,0,0,0,0,1,0,0,0,0,0
20200624,0,0,0,0,0,0,1,0,0,0
20200627,0,0,0,1,0,0,0,0,0,0
20200629,0,0,0,0,0,0,1,0,0,0
20200701,0,0,0,0,0,0,0,1,0,0
20200704,0,0,0,0,0,1,0,0,0,0
20200706,0,0,0,0,0,1,0,0,0,0
20200708,0,0,0,0,0,0,0,1,0,0
20200711,0,0,0,0,0,0,1,0,0,0
20200713,0,0,0,0,0,0,0,1,0,0
20200715,0,0,1,0,0,0,0,0,0,0
20200718,0,0,0,1,0,0,0,0,0,0
20200720,0,1,0,0,0,0,0,0,0,0
20200722,1,0,0,0,0,0,0,0,0,0
20200725,0,0,0,1,0,0,0,0,0,0
20200727,0,0,1,0,0,0,0,0,0,0
20200729,0,0,0,0,1,0,0,0,0,0
20200801,0,0,0,0,0,0,0,0,1,0
20200803,0,0,0,0,0,0,1,0,0,0
20200805,0,0,0,0,0,0,0,1,0,0
20200808,0,0,0,0,0,0,0,0,1,0
20200810,0,0,0,0,0,1,0,0,0,0
20200812,0,0,1,0,0,0,0,0,0,0
20200815,0,0,0,0,0,0,1,0,0,0
20200817,0,0,0,0,0,1,0,0,0,0
20200819,1,0,0,0,0,0,0,0,0,0
20200822,0,0,0,0,1,0,0,0,0,0
20200824,0,1,0,0,0,0,0,0,0,0
20200826,0,0,1,0,0,0,0,0,0,0
20200829,0,0,0,1,0,0,0,0,0,0
20200831,0,0,0,0,0,0,0,0,0,1
20200902,0,0,1,0,0,0,0,0,0,0
20200905,0,0,1,0,0,0,0,0,0,0
20200907,0,0,0,0,0,0,1,0,0,0
20200909,0,0,1,0,0,0,0,0,0,0
20200912,0,1,0,0,0,0,0,0,0,0
20200914,0,1,0,0,0,0,0,0,0,0
20200916,0,0,0,0,0,0,1,0,0,0
20200919,0,0,0,0,0,0,1,0,0,0
20200921,0,0,0,0,0,0,0,0,1,0
20200923,0,0,0,0,1,0,0,0,0,0
20200926,0,0,0,0,0,0,0,0,1,0
20200928,0,1,0,0,0,0,0,0,0,0
20200930,0,0,0,0,1,0,0,0,0,0
20201003,0,1,0,0,0,0,0,0,0,0
20201005,0,0,0,0,1,0,0,0,0,0
20201007,0,1,0,0,0,0,0,0,0,0
20201010,0,0,0,0,0,0,0,1,0,0
20201012,0,0,1,0,0,0,0,0,0,0
20201014,0,0,0,0,0,1,0,0,0,0
20201017,0,0,0,1,0,0,0,0,0,0
20201019,1,0,0,0,0,0,0,0,0,0
20201021,1,0,0,0,0,0,0,0,0,0
20201024,0,1,0,0,0,0,0,0,0,0
20201026,0,0,0,0,1,0,0,0,0,0
20201028,0,0,0,0,0,0,0,0,1,0
20201031,0,0,0,0,1,0,0,0,0,0
20201102,0,0,1,0,0,0,0,0,0,0
20201104,1,0,0,0,0,0,0,0,0,0
20201107,0,0,0,0,0,0,0,0,1,0
20201109,0,0,0,0,0,0,0,0,0,1
20201111,0,0,0,0,0,0,0,0,1,0
20201114,0,0,0,0,0,0,0,0,1,0
20201116,0,0,0,0,0,0,1,0,0,0
20201118,0,0,0,0,0,0,0,1,0,0
20201121,0,0,0,1,0,0,0,0,0,0
20201123,1,0,0,0,0,0,0,0,0,0
20201125,0,0,0,1,0,0,0,0,0,0
20201128,0,0,0,0,0,0,0,0,0,1
20201130,0,0,1,0,0,0,0,0,0,0
20201202,1,0,0,0,0,0,0,0,0,0
20201205,1,0,0,0,0,0,0,0,0,0
20201207,0,0,0,1,0,0,0,0,0,0
20201209,0,0,0,0,0,0,1,0,0,0
20201212,0,0,0,0,0,1,0,0,0,0
20201214,0,0,0,0,0,1,0,0,0,0
20201216,0,0,0,0,0,0,0,0,1,0
20201219,0,0,0,0,1,0,0,0,0,0
20201221,0,0,0,0,1,0,0,0,0,0
20201223,0,0,0,0,0,0,0,0,1,0
20201226,0,0,0,0,0,0,1,0,0,0
20201228,0,0,0,0,1,0,0,0,0,0
20201230,1,0,0,0,0,0,0,0,0,0
20210102,0,0,0,0,0,0,0,0,0,1
20210104,0,0,0,0,0,0,0,1,0,0
20210106,0,0,0,0,0,0,0,0,1,0
20210109,1,0,0,0,0,0,0,0,0,0
20210111,0,0,0,0,1,0,0,0,0,0
20210113,0,0,0,0,1,0,0,0,0,0
20210116,0,1,0,0,0,0,0,0,0,0
20210118,0,0,0,0,0,0,0,0,0,1
20210120,0,0,0,0,0,0,0,0,1,0
20210123,0,0,0,0,1,0,0,0,0,0
20210125,0,0,0,0,1,0,0,0,0,0
20210127,0,0,0,0,0,1,0,0,0,0
20210130,0,0,0,1,0,0,0,0,0,0
20210201,0,0,0,0,0,0,0,0,1,0
20210203,0,0,0,0,0,0,0,0,0,1
20210206,0,0,0,0,0,0,0,0,0,1
20210208,0,0,0,0,0,0,0,1,0,0
20210210,0,0,0,1,0,0,0,0,0,0
20210213,0,0,0,0,0,0,0,0,0,1
20210215,0,0,0,0,0,0,1,0,0,0
20210217,0,0,0,0,0,0,0,1,0,0
20210220,0,0,0,0,1,0,0,0,0,0
20210222,0,0,0,0,0,0,1,0,0,0
20210224,0,1,0,0,0,0,0,0,0,0
20210227,0,0,0,0,0,0,0,0,0,1
20210301,0,0,0,0,0,0,0,0,1,0
20210303,0,0,0,0,0,0,1,0,0,0
20210306,0,0,0,0,0,0,0,1,0,0
20210308,0,0,0,0,0,0,0,0,0,1
20210310,0,0,0,0,0,0,0,0,1,0
20210313,0,0,0,0,0,0,0,1,0,0
20210315,0,1,0,0,0,0,0,0,0,0
20210317,0,0,1,0,0,0,0,0,0,0
20210320,0,0,1,0,0,0,0,0,0,0
20210322,0,0,0,1,0,0,0,0,0,0
20210324,0,0,0,0,0,0,0,0,0,1
20210327,0,0,0,0,1,0,0,0,0,0
20210329,1,0,0,0,0,0,0,0,0,0
20210331,0,0,0,0,1,0,0,0,0,0
20210403,0,1,0,0,0,0,0,0,0,0
20210405,0,0,0,0,0,0,0,1,0,0
20210407,0,0,0,1,0,0,0,0,0,0
20210410,0,0,0,0,0,0,0,1,0,0
20210412,0,0,0,0,0,0,1,0,0,0
20210414,0,0,0,0,0,1,0,0,0,0
20210417,1,0,0,0,0,0,0,0,0,0
20210419,1,0,0,0,0,0,0,0,0,0
20210421,0,0,0,1,0,0,0,0,0,0
20210424,0,0,0,0,0,0,1,0,0,0
20210426,0,0,0,0,0,1,0,0,0,0
20210428,0,0,0,0,0,1,0,0,0,0
20210501,0,0,0,0,0,0,1,0,0,0
20210503,0,0,0,0,0,1,0,0,0,0
20210505,0,0,0,0,0,1,0,0,0,0
20210508,0,0,0,0,0,1,0,0,0,0
20210510,0,0,0,0,0,0,0,0,0,1
20210512,1,0,0,0,0,0,0,0,0,0
20210515,0,0,1,0,0,0,0,0,0,0
20210517,0,0,0,1,0,0,0,0,0,0
20210519,0,0,1,0,0,0,0,0,0,0
20210522,0,0,0,0,0,0,0,0,0,1
20210524,0,0,0,0,0,0,0,0,1,0
20210526,0,0,0,0,0,1,0,0,0,0
20210529,0,0,1,0,0,0,0,0,0,0
20210531,0,0,0,0,0,0,0,0,1,0
20210602,0,0,0,0,0,1,0,0,0,0
20210605,0,0,0,0,0,0,0,0,1,0
20210607,0,0,0,0,0,0,0,1,0,0
20210609,0,0,0,0,0,0,0,1,0,0
20210612,1,0,0,0,0,0,0,0,0,0
20210614,0,0,0,0,0,0,1,0,0,0
20210616,0,0,0,0,0,0,0,0,1,0
20210619,0,0,0,0,0,1,0,0,0,0
20210621,0,0,0,0,0,0,0,0,0,1
20210623,1,0,0,0,0,0,0,0,0,0
20210626,0,0,0,0,0,1,0,0,0,0
20210628,1,0,0,0,0,0,0,0,0,0
20210630,0,0,0,0,0,0,0,0,1,0
20210703,0,1,0,0,0,0,0,0,0,0
20210705,0,1,0,0,0,0,0,0,0,0
20210707,0,1,0,0,0,0,0,0,0,0
20210710,1,0,0,0,0,0,0,0,0,0
20210712,1,0,0,0,0,0,0,0,0,0
20210714,0,0,0,0,0,0,0,0,0,1
20210717,0,0,0,0,0,1,0,0,0,0
20210719,0,0,0,0,1,0,0,0,0,0
20210721,0,0,0,0,0,0,0,0,1,0
20210724,0,0,0,0,0,0,0,0,1,0
20210726,0,0,0,0,0,0,0,0,0,1
20210728,0,0,0,0,0,1,0,0,0,0
20210731,0,0,1,0,0,0,0,0,0,0
20210802,0,1,0,0,0,0,0,0,0,0
20210804,0,0,0,0,0,0,0,0,0,1
20210807,0,0,0,0,0,0,0,0,0,1
20210809,0,0,1,0,0,0,0,0,0,0
20210811,0,0,0,1,0,0,0,0,0,0
20210814,0,0,0,0,0,0,1,0,0,0
20210816,0,0,0,1,0,0,0,0,0,0
20210818,0,1,0,0,0,0,0,0,0,0
20210821,0,1,0,0,0,0,0,0,0,0
20210823,0,0,0,0,0,1,0,0,0,0
20210825,0,0,0,0,0,0,0,1,0,0
20210828,0,0,0,0,0,0,0,0,1,0
20210830,0,0,0,0,0,0,0,0,1,0
20210901,0,0,0,0,0,0,1,0,0,0
20210904,0,0,1,0,0,0,0,0,0,0
20210906,0,0,0,0,0,0,0,0,1,0
20210908,0,0,0,1,0,0,0,0,0,0
20210911,0,0,0,0,0,0,0,1,0,0
20210913,0,0,0,1,0,0,0,0,0,0
20210915,0,0,0,0,0,0,1,0,0,0
20210918,0,1,0,0,0,0,0,0,0,0
20210920,0,0,0,0,1,0,0,0,0,0
20210922,1,0,0,0,0,0,0,0,0,0
20210925,1,0,0,0,0,0,0,0,0,0
20210927,0,0,1,0,0,0,0,0,0,0
20210929,0,0,0,0,0,0,0,0,0,1
20211002,0,0,0,0,0,0,0,0,1,0
20211004,1,0,0,0,0,0,0,0,0,0
20211006,0,1,0,0,0,0,0,0,0,0
20211009,0,0,1,0,0,0,0,0,0,0
20211011,0,0,1,0,0,0,0,0,0,0
20211013,0,0,0,0,0,0,0,0,0,1
20211016,0,0,0,0,0,0,0,0,0,1
20211018,0,0,0,0,0,1,0,0,0,0
20211020,0,0,0,1,0,0,0,0,0,0
20211023,0,0,0,0,0,0,0,0,1,0
20211025,0,0,0,0,0,0,0,0,0,1
20211027,0,0,0,0,0,0,0,0,1,0
20211030,0,0,0,0,0,0,0,0,1,0
20211101,0,0,0,0,0,1,0,0,0,0
20211103,0,0,0,0,0,0,0,0,0,1
20211106,0,0,1,0,0,0,0,0,0,0
20211108,0,0,1,0,0,0,0,0,0,0
20211110,0,1,0,0,0,0,0,0,0,0
20211113,0,0,0,0,0,1,0,0,0,0
20211115,0,0,0,0,0,0,0,1,0,0
20211117,0,0,0,0,0,1,0,0,0,0
20211120,0,0,0,0,0,0,0,1,0,0
20211122,0,0,0,0,1,0,0,0,0,0
20211124,0,0,0,0,0,0,0,1,0,0
20211127,0,0,0,1,0,0,0,0,0,0
20211129,0,0,0,1,0,0,0,0,0,0
20211201,0,0,0,0,0,1,0,0,0,0
20211204,0,0,0,0,1,0,0,0,0,0
20211206,0,0,0,0,0,1,0,0,0,0
20211208,0,0,0,1,0,0,0,0,0,0
20211211,0,0,0,0,0,0,0,0,1,0
20211213,1,0,0,0,0,0,0,0,0,0
20211215,0,0,0,0,0,0,0,1,0,0
20211218,0,0,0,0,0,0,0,1,0,0
20211220,1,0,0,0,0,0,0,0,0,0
20211222,1,0,0,0,0,0,0,0,0,0
20211225,0,0,0,0,0,0,0,0,0,1
20211227,0,0,0,0,0,0,0,1,0,0
20211229,0,0,0,0,0,0,1,0,0,0
20220101,0,0,0,0,1,0,0,0,0,0
20220103,0,0,0,0,1,0,0,0,0,0
20220105,0,0,0,1,0,0,0,0,0,0
20220108,0,0,0,0,0,0,0,0,0,1
20220110,0,0,0,0,0,0,0,0,1,0
20220112,0,0,0,1,0,0,0,0,0,0
20220115,0,0,0,0,0,0,0,1,0,0
20220117,0,0,0,0,0,0,0,0,1,0
20220119,0,0,0,0,0,1,0,0,0,0
20220122,0,0,0,0,0,0,0,1,0,0
20220124,0,1,0,0,0,0,0,0,0,0
20220126,0,0,0,0,0,0,0,0,0,1
20220129,0,0,0,0,0,0,0,0,1,0
20220131,0,0,0,0,0,0,0,1,0,0
20220202,0,0,0,1,0,0,0,0,0,0
20220205,0,0,0,0,0,0,0,0,1,0
20220207,0,0,1,0,0,0,0,0,0,0
20220209,1,0,0,0,0,0,0,0,0,0
20220212,0,0,0,0,0,0,0,0,0,1
20220214,0,0,0,0,1,0,0,0,0,0
20220216,0,1,0,0,0,0,0,0,0,0
20220219,1,0,0,0,0,0,0,0,0,0
20220221,0,0,0,0,1,0,0,0,0,0
20220223,0,0,0,0,0,0,0,1,0,0
20220226,0,0,1,0,0,0,0,0,0,0
20220228,0,1,0,0,0,0,0,0,0,0
20220302,0,0,0,0,0,1,0,0,0,0
20220305,0,0,1,0,0,0,0,0,0,0
20220307,0,0,0,1,0,0,0,0,0,0
20220309,0,0,0,1,0,0,0,0,0,0
20220312,0,0,0,0,1,0,0,0,0,0
20220314,0,0,0,0,0,1,0,0,0,0
20220316,0,0,1,0,0,0,0,0,0,0
20220319,0,0,0,0,0,0,1,0,0,0
20220321,0,0,0,0,0,0,0,0,1,0
20220323,0,0,0,0,0,0,0,0,0,1
20220326,0,0,0,0,1,0,0,0,0,0
20220328,0,0,0,0,0,0,0,0,0,1
20220330,0,0,0,0,0,0,1,0,0,0
20220402,0,0,0,0,0,0,0,0,0,1
20220404,0,0,0,0,0,1,0,0,0,0
20220406,0,0,0,0,0,0,1,0,0,0
20220409,0,0,0,0,0,0,0,0,0,1
20220411,0,0,0,0,0,0,0,0,0,1
20220413,0,0,0,0,0,0,0,1,0,0
20220416,0,0,0,0,0,1,0,0,0,0
20220418,0,0,0,0,1,0,0,0,0,0
20220420,0,0,0,0,0,0,1,0,0,0
20220423,0,0,0,1,0,0,0,0,0,0
20220425,0,0,0,0,0,0,1,0,0,0
20220427,0,0,0,0,0,0,0,0,0,1
20220430,0,0,0,0,0,0,0,0,1,0
20220502,0,0,0,0,0,0,1,0,0,0
20220504,0,1,0,0,0,0,0,0,0,0
20220507,0,0,1,0,0,0,0,0,0,0
20220509,0,1,0,0,0,0,0,0,0,0
20220511,0,0,0,0,0,0,0,0,0,1
20220514,0,0,0,1,0,0,0,0,0,0
20220516,1,0,0,0,0,0,0,0,0,0
20220518,0,0,0,0,0,0,1,0,0,0
20220521,0,0,0,1,0,0,0,0,0,0
20220523,0,0,0,0,0,1,0,0,0,0
20220525,0,0,0,0,0,0,0,0,0,1
20220528,0,0,0,0,0,0,1,0,0,0
20220530,0,1,0,0,0,0,0,0,0,0
20220601,0,0,0,0,0,0,1,0,0,0
20220604,0,0,0,0,1,0,0,0,0,0
20220606,0,0,0,0,1,0,0,0,0,0
20220608,0,0,0,0,1,0,0,0,0,0
20220611,0,0,0,0,0,0,0,1,0,0
20220613,0,0,0,0,0,0,0,0,0,1
20220615,0,0,0,0,0,1,0,0,0,0
20220618,0,0,0,0,0,0,0,0,1,0
20220620,0,0,1,0,0,0,0,0,0,0
20220622,0,1,0,0,0,0,0,0,0,0
20220625,0,0,0,0,0,0,0,0,1,0
20220627,1,0,0,0,0,0,0,0,0,0
20220629,0,0,0,0,0,0,0,0,1,0
20220702,0,0,0,0,0,0,0,0,1,0
20220704,0,0,0,0,0,0,0,1,0,0
20220706,0,0,0,1,0,0,0,0,0,0
20220709,0,1,0,0,0,0,0,0,0,0
20220711,1,0,0,0,0,0,0,0,0,0
20220713,0,0,1,0,0,0,0,0,0,0
20220716,0,0,1,0,0,0,0,0,0,0
20220718,0,0,0,0,0,0,0,1,0,0
20220720,0,0,0,1,0,0,0,0,0,0
20220723,0,0,0,0,0,0,0,0,1,0
20220725,0,1,0,0,0,0,0,0,0,0
20220727,0,0,0,0,0,0,0,0,0,1
20220730,0,0,0,0,0,1,0,0,0,0
20220801,0,0,0,0,0,1,0,0,0,0
20220803,0,0,0,0,1,0,0,0,0,0
20220806,1,0,0,0,0,0,0,0,0,0
20220808,0,1,0,0,0,0,0,0,0,0
20220810,0,1,0,0,0,0,0,0,0,0
20220813,0,1,0,0,0,0,0,0,0,0
20220815,0,0,1,0,0,0,0,0,0,0
20220817,0,0,1,0,0,0,0,0,0,0
20220820,0,1,0,0,0,0,0,0,0,0
20220822,0,0,0,0,0,0,0,0,1,0
20220824,0,0,0,0,0,0,0,0,0,1
20220827,0,0,1,0,0,0,0,0,0,0
20220829,0,0,0,1,0,0,0,0,0,0
20220831,0,0,0,0,0,0,1,0,0,0
20220903,0,0,0,0,0,1,0,0,0,0
20220905,0,0,0,1,0,0,0,0,0,0
20220907,0,0,0,0,0,0,0,0,1,0
20220910,0,0,0,0,1,0,0,0,0,0
20220912,0,0,0,0,0,0,0,0,0,1
20220914,1,0,0,0,0,0,0,0,0,0
20220917,0,0,1,0,0,0,0,0,0,0
20220919,1,0,0,0,0,0,0,0,0,0
20220921,0,0,0,0,0,0,0,0,0,1
20220924,0,0,0,0,0,0,0,0,0,1
20220926,1,0,0,0,0,0,0,0,0,0
20220928,0,0,0,0,0,0,0,0,0,1
20221001,0,1,0,0,0,0,0,0,0,0
20221003,1,0,0,0,0,0,0,0,0,0
20221005,0,0,0,0,0,0,1,0,0,0
20221008,0,0,0,0,0,0,1,0,0,0
20221010,0,0,0,0,0,0,1,0,0,0
20221012,0,0,1,0,0,0,0,0,0,0
20221015,1,0,0,0,0,0,0,0,0,0
20221017,0,1,0,0,0,0,0,0,0,0
20221019,0,0,0,0,0,0,0,1,0,0
20221022,0,0,0,0,0,0,0,0,0,1
20221024,1,0,0,0,0,0,0,0,0,0
20221026,0,0,0,0,1,0,0,0,0,0
20221029,0,0,0,1,0,0,0,0,0,0
20221031,0,0,0,0,0,0,1,0,0,0
20221102,0,1,0,0,0,0,0,0,0,0
20221105,0,0,0,0,0,0,0,0,0,1
20221107,0,0,0,0,0,0,1,0,0,0
20221109,0,0,0,0,0,0,0,0,1,0
20221112,0,0,0,0,0,0,1,0,0,0
20221114,0,0,0,0,1,0,0,0,0,0
20221116,1,0,0,0,0,0,0,0,0,0
20221119,0,0,0,0,0,0,0,1,0,0
20221121,0,0,0,0,0,0,1,0,0,0
20221123,0,0,0,1,0,0,0,0,0,0
20221126,0,0,0,0,1,0,0,0,0,0
20221128,0,0,0,0,0,1,0,0,0,0
20221130,0,0,0,0,1,0,0,0,0,0
20221203,0,0,0,0,0,0,0,0,1,0
20221205,0,0,0,0,0,0,1,0,0,0
20221207,0,0,0,0,1,0,0,0,0,0
20221210,0,1,0,0,0,0,0,0,0,0
20221212,0,0,0,0,0,0,0,0,0,1
20221214,0,0,0,0,0,0,0,0,0,1
20221217,0,0,1,0,0,0,0,0,0,0
20221219,0,0,0,1,0,0,0,0,0,0
20221221,0,0,0,0,0,0,1,0,0,0
20221224,0,0,0,0,0,1,0,0,0,0
20221226,0,0,0,1,0,0,0,0,0,0
20221228,0,0,0,0,0,0,0,1,0,0
20221231,0,0,0,0,0,0,0,1,0,0
20230102,0,0,0,0,1,0,0,0,0,0
20230104,0,0,0,0,0,0,0,0,0,1
20230107,0,0,0,0,0,1,0,0,0,0
20230109,0,0,1,0,0,0,0,0,0,0
20230111,0,0,0,0,0,0,0,0,1,0
20230114,0,0,0,0,0,0,0,0,1,0
20230116,0,0,0,1,0,0,0,0,0,0
20230118,0,0,0,0,0,0,0,1,0,0
20230121,0,0,0,0,0,1,0,0,0,0
20230123,0,0,0,0,0,0,0,0,1,0
20230125,0,0,0,0,0,0,0,0,0,1
20230128,0,0,0,0,1,0,0,0,0,0
20230130,0,0,0,0,1,0,0,0,0,0
20230201,0,0,0,0,1,0,0,0,0,0
20230204,0,1,0,0,0,0,0,0,0,0
20230206,0,0,1,0,0,0,0,0,0,0
20230208,0,0,0,0,0,0,1,0,0,0
20230211,0,0,0,0,0,0,0,0,1,0
20230213,0,1,0,0,0,0,0,0,0,0
20230215,0,0,0,0,0,1,0,0,0,0
20230218,0,0,0,0,0,0,0,0,1,0
20230220,0,0,0,0,0,0,1,0,0,0
20230222,0,0,0,1,0,0,0,0,0,0
20230225,0,0,1,0,0,0,0,0,0,0
20230227,1,0,0,0,0,0,0,0,0,0
20230301,0,0,0,0,0,0,0,1,0,0
20230304,0,0,0,0,0,1,0,0,0,0
20230306,0,0,0,0,0,0,1,0,0,0
20230308,0,0,0,0,1,0,0,0,0,0
20230311,0,0,0,0,0,1,0,0,0,0
20230313,0,1,0,0,0,0,0,0,0,0
20230315,0,1,0,0,0,0,0,0,0,0
20230318,0,0,0,0,1,0,0,0,0,0
20230320,0,0,0,0,0,0,0,1,0,0
20230322,0,1,0,0,0,0,0,0,0,0
20230325,0,0,0,1,0,0,0,0,0,0
20230327,0,0,0,0,0,0,0,0,1,0
20230329,0,0,0,0,0,0,0,0,1,0
20230401,0,0,0,0,0,0,0,1,0,0
20230403,0,0,0,1,0,0,0,0,0,0
20230405,0,1,0,0,0,0,0,0,0,0
20230408,0,0,0,0,0,0,0,0,0,1
20230410,0,1,0,0,0,0,0,0,0,0
20230412,0,0,0,0,0,0,1,0,0,0
20230415,0,0,0,0,0,0,0,0,0,1
20230417,0,0,0,0,0,0,0,0,1,0
20230419,0,0,0,0,1,0,0,0,0,0
20230422,1,0,0,0,0,0,0,0,0,0
20230424,0,1,0,0,0,0,0,0,0,0
20230426,0,0,0,0,0,0,0,0,0,1
20230429,0,0,0,0,1,0,0,0,0,0
20230501,0,0,0,0,0,0,0,0,0,1
20230503,0,0,0,0,0,0,0,1,0,0
20230506,0,0,0,0,0,0,0,0,0,1
20230508,0,0,0,0,1,0,0,0,0,0
20230510,1,0,0,0,0,0,0,0,0,0
20230513,0,0,0,0,1,0,0,0,0,0
20230515,0,0,0,1,0,0,0,0,0,0
20230517,0,0,0,0,0,0,1,0,0,0
20230520,0,0,0,0,0,1,0,0,0,0
20230522,0,0,0,1,0,0,0,0,0,0
20230524,0,0,0,0,0,0,0,0,0,1
20230527,0,0,0,0,0,0,0,0,1,0
20230529,0,0,1,0,0,0,0,0,0,0
20230531,0,0,1,0,0,0,0,0,0,0
20230603,0,0,0,1,0,0,0,0,0,0
20230605,0,0,0,0,1,0,0,0,0,0
20230607,0,0,0,0,0,0,0,1,0,0
20230610,0,0,0,0,0,0,0,0,0,1
20230612,0,1,0,0,0,0,0,0,0,0
20230614,0,1,0,0,0,0,0,0,0,0
20230617,0,0,1,0,0,0,0,0,0,0
20230619,0,0,1,0,0,0,0,0,0,0
20230621,0,0,0,1,0,0,0,0,0,0
20230624,0,0,0,1,0,0,0,0,0,0
20230626,0,0,1,0,0,0,0,0,0,0
20230628,0,0,0,0,0,0,0,0,0,1
20230701,0,0,0,0,0,0,0,0,0,1
20230703,0,0,0,0,0,0,1,0,0,0
20230705,0,0,0,0,1,0,0,0,0,0
20230708,0,0,0,0,1,0,0,0,0,0
20230710,0,1,0,0,0,0,0,0,0,0
20230712,0,0,0,0,0,0,0,1,0,0
20230715,0,0,0,0,0,1,0,0,0,0
20230717,0,0,0,0,0,0,0,0,1,0
20230719,0,0,0,0,0,0,0,0,1,0
20230722,0,0,1,0,0,0,0,0,0,0
20230724,0,0,0,0,0,0,1,0,0,0
20230726,0,0,0,0,0,0,1,0,0,0
20230729,0,0,0,1,0,0,0,0,0,0
20230731,1,0,0,0,0,0,0,0,0,0
20230802,0,0,0,0,0,0,0,0,1,0
20230805,0,1,0,0,0,0,0,0,0,0
20230807,0,0,0,0,0,0,1,0,0,0
20230809,0,0,0,0,0,0,0,0,1,0
20230812,0,0,0,0,0,0,0,0,1,0
20230814,0,0,0,0,0,0,0,0,1,0
20230816,0,0,0,0,0,0,0,0,1,0
20230819,0,0,0,0,0,0,0,0,0,1
20230821,0,0,0,0,0,1,0,0,0,0
20230823,0,0,0,0,0,0,1,0,0,0
20230826,0,0,0,0,1,0,0,0,0,0
20230828,0,0,0,0,0,0,1,0,0,0
20230830,0,0,0,0,0,0,0,0,0,1
20230902,0,0,0,0,0,0,0,0,0,1
20230904,0,0,0,0,0,0,0,0,0,1
20230906,0,0,0,0,0,0,0,0,0,1
20230909,0,0,0,1,0,0,0,0,0,0
20230911,0,0,0,0,0,1,0,0,0,0
20230913,0,0,0,0,0,0,0,1,0,0
20230916,0,0,0,1,0,0,0,0,0,0
20230918,0,0,0,0,0,1,0,0,0,0
20230920,1,0,0,0,0,0,0,0,0,0
20230923,0,0,0,0,0,0,0,1,0,0
20230925,0,0,0,1,0,0,0,0,0,0
20230927,0,0,1,0,0,0,0,0,0,0
20230930,1,0,0,0,0,0,0,0,0,0
20231002,1,0,0,0,0,0,0,0,0,0
20231004,1,0,0,0,0,0,0,0,0,0
20231007,0,1,0,0,0,0,0,0,0,0
20231009,0,0,0,0,0,1,0,0,0,0
20231011,0,0,0,0,0,0,0,1,0,0
20231014,1,0,0,0,0,0,0,0,0,0
20231016,0,0,0,0,0,0,0,0,1,0
20231018,1,0,0,0,0,0,0,0,0,0
20231021,0,0,0,0,0,0,0,0,0,1
20231023,0,0,0,1,0,0,0,0,0,0
20231025,0,0,0,0,0,0,0,0,0,1
20231028,0,1,0,0,0,0,0,0,0,0
20231030,0,0,0,1,0,0,0,0,0,0
20231101,1,0,0,0,0,0,0,0,0,0
20231104,0,0,0,0,0,0,1,0,0,0
20231106,0,0,0,0,0,0,0,0,0,1
20231108,0,0,0,0,0,0,0,0,1,0
20231111,0,0,0,0,0,1,0,0,0,0
20231113,0,0,0,0,0,0,1,0,0,0
20231115,1,0,0,0,0,0,0,0,0,0
20231118,0,0,1,0,0,0,0,0,0,0
20231120,0,1,0,0,0,0,0,0,0,0
20231122,0,1,0,0,0,0,0,0,0,0
20231125,0,0,0,0,0,0,0,1,0,0
20231127,0,0,0,0,0,0,0,0,1,0
20231129,1,0,0,0,0,0,0,0,0,0
20231202,0,0,0,1,0,0,0,0,0,0
20231204,0,1,0,0,0,0,0,0,0,0
20231206,0,0,0,0,0,0,1,0,0,0
20231209,0,0,0,0,0,0,0,0,0,1
20231211,0,0,0,0,0,0,0,0,0,1
20231213,0,0,0,0,0,0,0,0,0,1
20231216,1,0,0,0,0,0,0,0,0,0
20231218,0,0,0,0,0,0,0,0,1,0
20231220,0,0,0,0,0,0,0,0,0,1
20231223,0,0,0,0,0,0,0,0,0,1
20231225,1,0,0,0,0,0,0,0,0,0
20231227,0,0,0,0,0,0,0,1,0,0
20231230,0,0,0,0,0,1,0,0,0,0
20240101,0,0,0,0,0,0,0,0,0,1
20240103,0,0,1,0,0,0,0,0,0,0
20240106,0,1,0,0,0,0,0,0,0,0
20240108,0,1,0,0,0,0,0,0,0,0
20240110,0,0,0,0,0,0,0,0,1,0
20240113,0,0,0,0,0,1,0,0,0,0
20240115,0,0,0,1,0,0,0,0,0,0
20240117,0,0,0,0,0,0,0,0,0,1
20240120,0,1,0,0,0,0,0,0,0,0
20240122,0,0,0,0,0,0,0,0,1,0
20240124,0,0,0,0,1,0,0,0,0,0
20240127,0,0,0,0,1,0,0,0,0,0
20240129,0,0,0,1,0,0,0,0,0,0
20240131,0,0,0,0,0,0,0,1,0,0
20240203,1,0,0,0,0,0,0,0,0,0
20240205,0,1,0,0,0,0,0,0,0,0
20240207,0,0,0,1,0,0,0,0,0,0
20240210,0,0,0,0,0,0,0,1,0,0
20240212,1,0,0,0,0,0,0,0,0,0
20240214,0,1,0,0,0,0,0,0,0,0
20240217,0,0,1,0,0,0,0,0,0,0
20240219,0,1,0,0,0,0,0,0,0,0
20240221,0,0,1,0,0,0,0,0,0,0
20240224,0,0,1,0,0,0,0,0,0,0
20240226,0,0,0,0,0,0,0,0,0,1
20240228,0,0,1,0,0,0,0,0,0,0
20240302,0,0,0,1,0,0,0,0,0,0
20240304,0,0,0,0,0,0,0,1,0,0
20240306,0,0,0,0,0,0,0,1,0,0
20240309,0,1,0,0,0,0,0,0,0,0
20240311,0,0,0,0,0,0,0,0,0,1
20240313,1,0,0,0,0,0,0,0,0,0
20240316,0,1,0,0,0,0,0,0,0,0
20240318,0,0,0,0,0,0,0,1,0,0
20240320,0,0,0,0,1,0,0,0,0,0
20240323,1,0,0,0,0,0,0,0,0,0
20240325,0,0,0,0,1,0,0,0,0,0
20240327,0,0,0,0,0,0,1,0,0,0
20240330,0,1,0,0,0,0,0,0,0,0
20240401,0,0,0,0,0,0,0,1,0,0
20240403,0,0,0,1,0,0,0,0,0,0
20240406,0,0,0,0,1,0,0,0,0,0
20240408,0,0,0,0,0,0,0,0,1,0
20240410,0,1,0,0,0,0,0,0,0,0
20240413,0,0,0,0,0,0,0,1,0,0
20240415,0,0,0,0,0,1,0,0,0,0
20240417,0,0,0,0,0,0,0,0,0,1
20240420,0,0,0,0,0,0,1,0,0,0
20240422,1,0,0,0,0,0,0,0,0,0
20240424,0,0,0,0,0,0,1,0,0,0
20240427,0,0,0,0,0,1,0,0,0,0
20240429,0,0,0,0,0,0,1,0,0,0
20240501,0,0,0,0,0,0,1,0,0,0
20240504,0,0,1,0,0,0,0,0,0,0
20240506,0,0,0,0,1,0,0,0,0,0
20240508,0,0,0,0,0,0,1,0,0,0
20240511,0,0,0,0,0,0,0,1,0,0
20240513,0,0,0,1,0,0,0,0,0,0
20240515,1,0,0,0,0,0,0,0,0,0
20240518,0,1,0,0,0,0,0,0,0,0
20240520,0,0,0,0,0,0,0,1,0,0
20240522,0,0,0,0,0,0,0,0,0,1
20240525,1,0,0,0,0,0,0,0,0,0
20240527,1,0,0,0,0,0,0,0,0,0
20240529,0,0,0,0,0,0,1,0,0,0
20240601,0,0,0,0,0,0,0,1,0,0
20240603,0,0,0,0,0,0,1,0,0,0
20240605,1,0,0,0,0,0,0,0,0,0
20240608,0,0,0,0,0,0,1,0,0,0
20240610,0,0,0,0,0,0,0,1,0,0
20240612,0,0,0,1,0,0,0,0,0,0
20240615,0,1,0,0,0,0,0,0,0,0
20240617,0,1,0,0,0,0,0,0,0,0
20240619,0,1,0,0,0,0,0,0,0,0
20240622,0,0,1,0,0,0,0,0,0,0
20240624,0,0,0,0,0,1,0,0,0,0
20240626,0,0,0,0,0,0,0,1,0,0
20240629,0,0,0,0,0,0,1,0,0,0
20240701,0,0,0,0,0,0,1,0,0,0
20240703,0,0,1,0,0,0,0,0,0,0
20240706,0,0,0,0,1,0,0,0,0,0
20240708,0,0,0,0,0,1,0,0,0,0
20240710,0,0,0,0,0,0,0,0,1,0
20240713,0,0,0,0,0,0,0,1,0,0
20240715,0,0,0,0,0,0,0,0,0,1
20240717,0,0,0,1,0,0,0,0,0,0
20240720,0,0,0,0,0,0,1,0,0,0
20240722,0,0,0,0,0,0,0,0,1,0
20240724,0,1,0,0,0,0,0,0,0,0
20240727,0,0,0,1,0,0,0,0,0,0
20240729,0,0,0,0,0,0,1,0,0,0
20240731,0,0,0,0,0,0,1,0,0,0
20240803,0,1,0,0,0,0,0,0,0,0
20240805,0,0,1,0,0,0,0,0,0,0
20240807,0,0,0,0,0,0,0,0,1,0
20240810,0,0,0,0,0,0,0,0,0,1
20240812,0,0,0,0,0,0,0,1,0,0
20240814,0,0,0,0,1,0,0,0,0,0
20240817,1,0,0,0,0,0,0,0,0,0
20240819,0,0,0,0,1,0,0,0,0,0
20240821,0,0,0,0,0,0,1,0,0,0
20240824,0,0,0,0,1,0,0,0,0,0
20240826,0,1,0,0,0,0,0,0,0,0
20240828,0,0,1,0,0,0,0,0,0,0
20240831,1,0,0,0,0,0,0,0,0,0
20240902,0,0,0,0,0,1,0,0,0,0
20240904,0,0,0,0,0,0,0,1,0,0
20240907,0,0,0,0,0,0,0,0,1,0
20240909,0,0,1,0,0,0,0,0,0,0
20240911,0,0,0,0,1,0,0,0,0,0
20240914,0,0,0,1,0,0,0,0,0,0
20240916,0,0,0,0,0,0,0,1,0,0
20240918,0,0,0,0,1,0,0,0,0,0
20240921,0,0,0,0,0,0,0,0,1,0
20240923,0,0,0,0,0,1,0,0,0,0
20240925,0,0,0,0,0,0,0,0,1,0
20240928,1,0,0,0,0,0,0,0,0,0
20240930,0,0,0,0,0,0,0,0,1,0
20241002,0,0,0,0,0,0,0,0,1,0
20241005,0,0,0,0,0,1,0,0,0,0
20241007,0,0,0,0,0,0,0,1,0,0
